day_of_year,day_of_week,is_holiday,avg_temp,precip,cloud,humidity,h1,h2,h3,h4,h5,h6,h7,h8,h9,h10,h11,h12,h13,h14,h15,h16,h17,h18,h19,h20,h21,h22,h23,h24
1,5,0,1.4,0.7,0.39,0.69,0.462,0.45,0.451,0.488,0.468,0.489,0.699,0.719,0.725,0.7,0.584,0.584,0.58,0.608,0.555,0.601,0.59,0.757,0.76,0.762,0.766,0.56,0.494,0.544
2,6,1,2.0,0.5,0.56,0.72,0.348,0.315,0.301,0.343,0.353,0.321,0.51,0.483,0.495,0.497,0.396,0.384,0.43,0.403,0.4,0.423,0.405,0.526,0.557,0.511,0.553,0.391,0.388,0.384
3,7,1,1.6,1.9,0.85,0.64,0.374,0.351,0.331,0.331,0.347,0.342,0.552,0.498,0.554,0.512,0.399,0.419,0.423,0.41,0.453,0.444,0.427,0.555,0.568,0.579,0.56,0.382,0.396,0.387
4,1,0,-2.3,0.2,0.21,0.56,0.272,0.27,0.228,0.28,0.248,0.274,0.389,0.341,0.42,0.353,0.301,0.339,0.291,0.277,0.312,0.329,0.317,0.407,0.405,0.42,0.36,0.245,0.261,0.245
5,2,0,-0.9,0.6,0.5,0.7,0.242,0.238,0.248,0.251,0.244,0.25,0.368,0.397,0.4,0.383,0.334,0.288,0.284,0.306,0.327,0.31,0.294,0.407,0.404,0.376,0.392,0.234,0.281,0.299
6,3,0,2.3,1.0,0.44,0.73,0.231,0.278,0.262,0.271,0.252,0.257,0.384,0.394,0.375,0.364,0.335,0.33,0.338,0.311,0.297,0.355,0.33,0.445,0.41,0.44,0.44,0.27,0.302,0.318
7,4,0,1.8,0.2,0.78,0.79,0.227,0.282,0.236,0.266,0.292,0.255,0.371,0.34,0.337,0.379,0.314,0.309,0.336,0.355,0.347,0.322,0.321,0.402,0.437,0.423,0.411,0.305,0.274,0.274
8,5,0,-1.3,2.6,0.53,0.76,0.416,0.444,0.439,0.417,0.412,0.446,0.648,0.651,0.676,0.633,0.533,0.534,0.529,0.521,0.512,0.529,0.525,0.688,0.708,0.717,0.697,0.483,0.491,0.522
9,6,1,-3.1,0.1,0.11,0.65,0.33,0.303,0.318,0.275,0.288,0.298,0.385,0.45,0.444,0.483,0.333,0.342,0.373,0.358,0.392,0.358,0.327,0.475,0.463,0.485,0.472,0.334,0.358,0.315
10,7,1,3.0,0.4,0.54,0.69,0.321,0.306,0.299,0.331,0.349,0.339,0.503,0.494,0.483,0.51,0.422,0.41,0.44,0.39,0.425,0.433,0.387,0.565,0.563,0.558,0.53,0.33,0.356,0.351
11,1,0,-2.3,0.3,0.92,0.64,0.326,0.289,0.286,0.355,0.279,0.328,0.509,0.491,0.467,0.489,0.371,0.385,0.399,0.408,0.387,0.352,0.39,0.511,0.493,0.537,0.529,0.358,0.364,0.391
12,2,0,1.6,1.5,0.51,0.54,0.262,0.27,0.247,0.252,0.211,0.238,0.373,0.337,0.342,0.367,0.316,0.298,0.291,0.299,0.361,0.295,0.303,0.429,0.396,0.383,0.412,0.278,0.271,0.277
13,3,0,-1.6,0.3,0.8,0.48,0.348,0.381,0.347,0.362,0.341,0.375,0.567,0.528,0.547,0.554,0.412,0.453,0.455,0.452,0.473,0.465,0.47,0.643,0.633,0.589,0.626,0.391,0.417,0.421
14,4,0,-0.7,0.6,0.32,0.73,0.351,0.301,0.358,0.321,0.357,0.32,0.519,0.509,0.494,0.516,0.407,0.416,0.398,0.396,0.375,0.423,0.422,0.516,0.536,0.526,0.494,0.393,0.346,0.368
15,5,0,0.8,0.1,0.9,0.67,0.255,0.256,0.264,0.269,0.232,0.254,0.354,0.349,0.371,0.351,0.32,0.304,0.298,0.288,0.278,0.334,0.33,0.394,0.412,0.414,0.39,0.227,0.287,0.256
16,6,1,2.1,0.1,0.52,0.63,0.278,0.291,0.315,0.305,0.332,0.3,0.47,0.458,0.461,0.438,0.38,0.381,0.359,0.376,0.365,0.37,0.364,0.471,0.486,0.504,0.517,0.355,0.345,0.341
17,7,1,-1.1,0.3,0.59,0.64,0.237,0.27,0.234,0.196,0.202,0.259,0.363,0.33,0.386,0.367,0.305,0.341,0.319,0.312,0.295,0.302,0.33,0.393,0.369,0.402,0.406,0.274,0.272,0.288
18,1,0,-1.2,0.3,0.17,0.86,0.239,0.292,0.271,0.278,0.276,0.246,0.396,0.367,0.435,0.395,0.317,0.376,0.311,0.339,0.367,0.322,0.363,0.434,0.482,0.459,0.441,0.296,0.288,0.321
19,2,0,0.1,0.5,0.31,0.78,0.244,0.252,0.244,0.249,0.239,0.213,0.386,0.376,0.352,0.388,0.313,0.309,0.316,0.352,0.344,0.34,0.278,0.39,0.437,0.422,0.41,0.296,0.297,0.263
20,3,0,5.4,0.0,0.29,0.78,0.304,0.352,0.331,0.347,0.31,0.307,0.485,0.457,0.499,0.5,0.419,0.399,0.425,0.41,0.377,0.394,0.417,0.51,0.548,0.532,0.511,0.355,0.366,0.359
21,4,0,1.4,0.8,0.73,0.73,0.395,0.404,0.41,0.355,0.398,0.406,0.558,0.61,0.622,0.597,0.491,0.498,0.515,0.488,0.498,0.486,0.507,0.655,0.658,0.624,0.659,0.452,0.449,0.461
22,5,0,-1.1,1.4,0.59,0.58,0.405,0.389,0.401,0.386,0.4,0.397,0.617,0.588,0.595,0.563,0.474,0.491,0.506,0.482,0.493,0.511,0.493,0.608,0.649,0.657,0.621,0.431,0.465,0.432
23,6,1,3.5,2.5,0.46,0.67,0.23,0.257,0.245,0.26,0.283,0.271,0.388,0.399,0.413,0.39,0.388,0.334,0.348,0.346,0.374,0.361,0.337,0.449,0.462,0.444,0.487,0.292,0.298,0.329
24,7,1,4.1,0.1,0.69,0.59,0.362,0.356,0.369,0.375,0.388,0.378,0.506,0.537,0.536,0.511,0.459,0.488,0.426,0.452,0.47,0.469,0.439,0.57,0.559,0.53,0.61,0.388,0.411,0.405
25,1,0,4.5,3.8,0.64,0.64,0.398,0.406,0.395,0.379,0.363,0.396,0.595,0.6,0.566,0.58,0.508,0.509,0.5,0.506,0.495,0.491,0.501,0.647,0.63,0.653,0.65,0.468,0.43,0.404
26,2,0,1.2,3.4,0.69,0.67,0.308,0.327,0.283,0.333,0.326,0.317,0.463,0.472,0.496,0.461,0.397,0.423,0.411,0.412,0.364,0.43,0.395,0.507,0.503,0.565,0.503,0.357,0.364,0.332
27,3,0,-1.2,1.1,0.72,0.77,0.366,0.375,0.38,0.356,0.39,0.373,0.51,0.555,0.484,0.504,0.427,0.426,0.459,0.435,0.391,0.471,0.41,0.565,0.56,0.6,0.589,0.41,0.419,0.414
28,4,0,0.8,1.5,0.59,0.58,0.447,0.444,0.41,0.45,0.424,0.445,0.65,0.638,0.613,0.639,0.535,0.56,0.501,0.535,0.534,0.591,0.552,0.673,0.713,0.703,0.717,0.519,0.484,0.506
29,5,0,-3.9,0.1,0.58,0.73,0.443,0.439,0.402,0.424,0.412,0.39,0.572,0.62,0.589,0.6,0.538,0.453,0.513,0.526,0.514,0.476,0.508,0.63,0.688,0.636,0.688,0.509,0.466,0.457
30,6,1,0.8,1.8,0.72,0.62,0.241,0.256,0.272,0.287,0.275,0.218,0.371,0.356,0.379,0.354,0.34,0.297,0.296,0.321,0.303,0.305,0.346,0.383,0.425,0.411,0.437,0.29,0.283,0.286
31,7,1,-0.1,2.8,0.22,0.6,0.306,0.334,0.279,0.303,0.299,0.321,0.437,0.441,0.468,0.463,0.4,0.386,0.403,0.373,0.383,0.374,0.425,0.535,0.518,0.497,0.547,0.334,0.322,0.357
32,1,0,1.9,1.5,0.3,0.81,0.309,0.29,0.3,0.3,0.303,0.315,0.458,0.478,0.467,0.46,0.403,0.398,0.409,0.368,0.399,0.397,0.394,0.542,0.521,0.528,0.502,0.365,0.332,0.371
33,2,0,3.8,1.1,0.14,0.64,0.39,0.409,0.411,0.407,0.434,0.422,0.639,0.621,0.619,0.616,0.519,0.516,0.513,0.533,0.515,0.534,0.506,0.654,0.673,0.645,0.659,0.464,0.463,0.457
34,3,0,5.3,1.4,0.12,0.88,0.286,0.323,0.332,0.293,0.326,0.326,0.457,0.467,0.475,0.505,0.421,0.418,0.414,0.423,0.386,0.378,0.382,0.514,0.507,0.545,0.505,0.359,0.398,0.347
35,4,0,2.5,0.4,0.59,0.76,0.384,0.381,0.387,0.412,0.381,0.398,0.594,0.6,0.576,0.574,0.475,0.521,0.517,0.487,0.501,0.499,0.46,0.663,0.648,0.638,0.644,0.428,0.431,0.418
36,5,0,3.5,0.0,0.28,0.75,0.394,0.388,0.409,0.36,0.399,0.388,0.574,0.576,0.588,0.591,0.466,0.49,0.453,0.47,0.497,0.481,0.464,0.59,0.637,0.614,0.583,0.442,0.424,0.451
37,6,1,7.9,0.3,0.57,0.88,0.403,0.399,0.386,0.338,0.371,0.365,0.542,0.565,0.58,0.549,0.463,0.483,0.436,0.484,0.451,0.492,0.468,0.635,0.64,0.622,0.596,0.441,0.428,0.412
38,7,1,3.5,1.9,0.51,0.53,0.378,0.35,0.346,0.361,0.342,0.327,0.525,0.55,0.541,0.488,0.419,0.441,0.421,0.439,0.458,0.456,0.452,0.539,0.583,0.582,0.572,0.397,0.407,0.382
39,1,0,-0.4,0.6,0.63,0.85,0.368,0.346,0.361,0.369,0.371,0.35,0.546,0.539,0.571,0.551,0.469,0.459,0.484,0.46,0.436,0.453,0.435,0.607,0.596,0.648,0.562,0.433,0.424,0.422
40,2,0,-1.8,0.5,0.56,0.8,0.441,0.396,0.395,0.398,0.359,0.417,0.616,0.586,0.629,0.595,0.511,0.511,0.513,0.493,0.516,0.491,0.475,0.666,0.611,0.63,0.632,0.437,0.45,0.48
41,3,0,1.0,0.3,0.64,0.72,0.415,0.377,0.401,0.419,0.441,0.417,0.604,0.683,0.624,0.66,0.532,0.566,0.514,0.517,0.514,0.551,0.514,0.71,0.663,0.709,0.682,0.463,0.482,0.488
42,4,0,3.3,1.1,0.55,0.64,0.42,0.408,0.411,0.409,0.427,0.404,0.666,0.645,0.653,0.694,0.539,0.552,0.539,0.566,0.553,0.534,0.532,0.716,0.712,0.729,0.69,0.511,0.494,0.497
43,5,0,-1.4,1.1,0.27,0.71,0.428,0.468,0.475,0.412,0.41,0.442,0.644,0.621,0.647,0.605,0.552,0.533,0.582,0.562,0.525,0.573,0.553,0.712,0.698,0.685,0.697,0.468,0.482,0.513
44,6,1,3.7,0.0,0.42,0.61,0.325,0.371,0.337,0.355,0.38,0.336,0.519,0.522,0.521,0.541,0.441,0.42,0.431,0.457,0.441,0.456,0.433,0.566,0.577,0.579,0.573,0.415,0.418,0.375
45,7,1,9.6,2.7,0.31,0.78,0.43,0.321,0.367,0.375,0.362,0.367,0.529,0.553,0.546,0.576,0.476,0.46,0.465,0.442,0.45,0.431,0.468,0.637,0.633,0.592,0.606,0.406,0.443,0.415
46,1,0,2.8,0.2,0.54,0.83,0.363,0.309,0.373,0.347,0.357,0.337,0.565,0.55,0.55,0.509,0.476,0.452,0.422,0.45,0.419,0.404,0.445,0.526,0.551,0.547,0.565,0.376,0.393,0.387
47,2,0,3.6,1.0,0.25,0.76,0.285,0.278,0.263,0.272,0.294,0.259,0.409,0.405,0.407,0.417,0.346,0.312,0.346,0.314,0.294,0.354,0.342,0.435,0.434,0.43,0.421,0.27,0.284,0.287
48,3,0,-2.0,2.0,0.8,0.65,0.407,0.408,0.437,0.422,0.399,0.383,0.612,0.603,0.634,0.656,0.563,0.5,0.527,0.53,0.5,0.486,0.517,0.688,0.652,0.661,0.693,0.467,0.43,0.472
49,4,0,3.4,2.6,0.8,0.76,0.344,0.33,0.363,0.299,0.334,0.356,0.512,0.525,0.513,0.521,0.44,0.419,0.417,0.421,0.39,0.409,0.406,0.564,0.547,0.519,0.531,0.317,0.384,0.384
50,5,0,2.9,3.2,0.46,0.77,0.341,0.348,0.359,0.356,0.381,0.364,0.554,0.545,0.529,0.509,0.435,0.438,0.455,0.429,0.441,0.42,0.442,0.545,0.551,0.587,0.552,0.379,0.387,0.397
51,6,1,4.5,0.2,0.23,0.61,0.265,0.266,0.279,0.269,0.297,0.27,0.38,0.399,0.385,0.407,0.328,0.344,0.318,0.358,0.362,0.336,0.301,0.445,0.423,0.457,0.42,0.299,0.29,0.335
52,7,1,5.3,0.1,0.59,0.76,0.346,0.365,0.321,0.297,0.312,0.347,0.461,0.447,0.478,0.485,0.394,0.387,0.352,0.368,0.403,0.43,0.403,0.54,0.532,0.525,0.501,0.377,0.369,0.337
53,1,0,1.8,0.2,0.34,0.73,0.381,0.337,0.324,0.374,0.315,0.345,0.502,0.531,0.501,0.512,0.421,0.457,0.427,0.414,0.445,0.453,0.46,0.581,0.576,0.58,0.573,0.363,0.429,0.416
54,2,0,2.9,0.4,0.82,0.52,0.363,0.357,0.355,0.352,0.345,0.343,0.508,0.508,0.501,0.52,0.443,0.438,0.425,0.415,0.447,0.432,0.441,0.543,0.544,0.556,0.52,0.38,0.399,0.399
55,3,0,4.2,0.1,0.6,0.69,0.347,0.35,0.335,0.337,0.367,0.32,0.544,0.533,0.515,0.536,0.409,0.457,0.44,0.407,0.445,0.402,0.479,0.56,0.6,0.546,0.597,0.388,0.382,0.389
56,4,0,5.9,0.3,0.25,0.58,0.446,0.446,0.418,0.453,0.431,0.452,0.652,0.618,0.604,0.668,0.523,0.536,0.542,0.529,0.561,0.526,0.514,0.687,0.693,0.724,0.699,0.495,0.496,0.479
57,5,0,3.1,0.0,0.32,0.61,0.341,0.357,0.364,0.352,0.326,0.338,0.544,0.527,0.529,0.475,0.422,0.438,0.474,0.429,0.444,0.442,0.433,0.556,0.6,0.573,0.589,0.379,0.408,0.371
58,6,1,6.7,2.7,0.51,0.63,0.319,0.334,0.331,0.267,0.307,0.321,0.44,0.458,0.473,0.488,0.383,0.388,0.39,0.385,0.414,0.39,0.371,0.503,0.511,0.515,0.518,0.324,0.36,0.344
59,7,1,-0.6,0.2,0.28,0.61,0.242,0.241,0.257,0.233,0.239,0.219,0.38,0.343,0.362,0.372,0.29,0.318,0.332,0.298,0.322,0.309,0.289,0.392,0.389,0.415,0.399,0.247,0.265,0.271
60,1,0,2.6,0.1,0.74,0.73,0.428,0.418,0.438,0.432,0.423,0.473,0.675,0.632,0.671,0.666,0.53,0.555,0.597,0.558,0.555,0.54,0.589,0.705,0.721,0.724,0.732,0.518,0.512,0.499
61,2,0,6.1,2.1,0.81,0.94,0.409,0.361,0.391,0.356,0.357,0.356,0.538,0.54,0.574,0.545,0.457,0.448,0.45,0.453,0.444,0.446,0.478,0.6,0.599,0.598,0.643,0.445,0.427,0.424
62,3,0,4.8,2.7,0.28,0.59,0.433,0.404,0.399,0.422,0.384,0.421,0.591,0.614,0.625,0.602,0.526,0.522,0.547,0.507,0.488,0.491,0.544,0.681,0.7,0.689,0.691,0.464,0.433,0.448
63,4,0,3.7,0.3,0.65,0.63,0.454,0.427,0.438,0.466,0.44,0.477,0.659,0.668,0.658,0.65,0.552,0.574,0.543,0.533,0.549,0.528,0.562,0.712,0.728,0.7,0.728,0.522,0.476,0.479
64,5,0,8.0,1.0,0.39,0.76,0.364,0.323,0.373,0.318,0.309,0.393,0.558,0.524,0.52,0.553,0.399,0.461,0.463,0.428,0.45,0.44,0.431,0.619,0.572,0.574,0.55,0.405,0.384,0.377
65,6,1,7.3,1.0,0.18,0.72,0.428,0.427,0.473,0.461,0.428,0.473,0.64,0.639,0.697,0.667,0.528,0.556,0.555,0.538,0.537,0.523,0.563,0.718,0.746,0.719,0.71,0.516,0.517,0.512
66,7,1,7.7,0.1,0.2,0.73,0.34,0.327,0.308,0.367,0.318,0.326,0.475,0.493,0.519,0.495,0.438,0.417,0.416,0.428,0.409,0.433,0.415,0.514,0.518,0.525,0.541,0.378,0.397,0.346
67,1,0,2.2,0.4,0.63,0.76,0.27,0.255,0.278,0.253,0.275,0.282,0.419,0.431,0.42,0.442,0.331,0.345,0.359,0.334,0.333,0.355,0.337,0.474,0.479,0.448,0.479,0.309,0.355,0.309
68,2,0,6.5,2.1,0.62,0.68,0.305,0.298,0.287,0.296,0.311,0.311,0.508,0.459,0.439,0.466,0.413,0.398,0.412,0.4,0.375,0.402,0.339,0.536,0.484,0.493,0.515,0.391,0.346,0.36
69,3,0,10.1,0.8,0.7,0.72,0.442,0.464,0.46,0.452,0.449,0.452,0.683,0.671,0.668,0.705,0.588,0.587,0.575,0.591,0.561,0.559,0.595,0.761,0.758,0.714,0.756,0.501,0.492,0.504
70,4,0,5.2,1.4,0.2,0.65,0.277,0.313,0.357,0.287,0.287,0.299,0.469,0.471,0.465,0.467,0.393,0.414,0.367,0.376,0.387,0.426,0.355,0.494,0.502,0.501,0.464,0.345,0.354,0.33
71,5,0,4.9,0.2,0.53,0.77,0.364,0.374,0.362,0.343,0.374,0.389,0.586,0.618,0.549,0.546,0.47,0.473,0.492,0.44,0.465,0.46,0.464,0.593,0.615,0.627,0.643,0.431,0.419,0.419
72,6,1,9.9,0.3,0.58,0.66,0.399,0.353,0.316,0.328,0.361,0.323,0.476,0.493,0.505,0.523,0.418,0.435,0.39,0.418,0.417,0.437,0.406,0.547,0.497,0.574,0.523,0.393,0.376,0.371
73,7,1,7.3,0.9,0.78,0.82,0.222,0.279,0.254,0.254,0.266,0.274,0.398,0.385,0.38,0.396,0.314,0.384,0.281,0.308,0.301,0.321,0.325,0.417,0.403,0.41,0.434,0.283,0.275,0.233
74,1,0,7.8,0.7,0.65,0.76,0.332,0.293,0.292,0.309,0.343,0.287,0.452,0.434,0.449,0.464,0.39,0.375,0.374,0.4,0.367,0.313,0.371,0.477,0.514,0.513,0.51,0.326,0.363,0.361
75,2,0,8.0,0.7,0.37,0.69,0.27,0.24,0.245,0.279,0.254,0.248,0.388,0.43,0.402,0.391,0.285,0.317,0.282,0.341,0.338,0.323,0.29,0.421,0.422,0.437,0.408,0.302,0.309,0.33
76,3,0,7.3,0.3,0.49,0.87,0.444,0.446,0.483,0.449,0.472,0.486,0.712,0.705,0.685,0.69,0.604,0.537,0.566,0.587,0.616,0.606,0.597,0.764,0.771,0.751,0.764,0.553,0.506,0.505
77,4,0,5.9,2.7,0.69,0.73,0.229,0.257,0.229,0.25,0.228,0.234,0.338,0.384,0.35,0.351,0.302,0.283,0.32,0.311,0.279,0.269,0.298,0.378,0.423,0.373,0.382,0.281,0.264,0.26
78,5,0,7.6,4.9,0.58,0.7,0.431,0.42,0.439,0.454,0.412,0.473,0.628,0.659,0.651,0.66,0.526,0.541,0.557,0.557,0.55,0.568,0.538,0.674,0.69,0.68,0.695,0.476,0.48,0.506
79,6,1,3.9,1.3,0.77,0.85,0.317,0.278,0.323,0.263,0.281,0.251,0.443,0.446,0.421,0.426,0.345,0.371,0.372,0.358,0.353,0.363,0.332,0.467,0.434,0.446,0.443,0.32,0.322,0.303
80,7,1,6.5,3.0,0.75,0.61,0.296,0.26,0.259,0.271,0.251,0.242,0.393,0.386,0.374,0.41,0.313,0.35,0.36,0.314,0.308,0.368,0.342,0.461,0.458,0.429,0.432,0.299,0.318,0.32
81,1,0,7.3,0.1,0.76,0.79,0.275,0.239,0.245,0.193,0.254,0.269,0.328,0.355,0.366,0.372,0.319,0.344,0.29,0.309,0.316,0.322,0.322,0.388,0.407,0.402,0.413,0.3,0.296,0.281
82,2,0,13.4,1.0,0.15,0.73,0.26,0.245,0.246,0.279,0.257,0.272,0.349,0.372,0.359,0.332,0.305,0.308,0.287,0.319,0.282,0.294,0.314,0.447,0.404,0.404,0.429,0.288,0.255,0.274
83,3,0,8.9,0.4,0.67,0.7,0.31,0.301,0.321,0.342,0.345,0.32,0.462,0.468,0.491,0.505,0.416,0.421,0.43,0.409,0.399,0.403,0.402,0.527,0.523,0.531,0.546,0.386,0.354,0.388
84,4,0,8.3,0.7,0.17,0.85,0.35,0.358,0.301,0.354,0.312,0.355,0.529,0.512,0.525,0.498,0.403,0.408,0.385,0.43,0.408,0.408,0.391,0.53,0.509,0.559,0.52,0.381,0.37,0.366
85,5,0,5.6,0.2,0.27,0.69,0.449,0.48,0.499,0.485,0.485,0.451,0.725,0.703,0.698,0.702,0.605,0.589,0.61,0.564,0.596,0.56,0.586,0.806,0.791,0.736,0.778,0.548,0.545,0.496
86,6,1,6.5,0.0,0.21,0.83,0.271,0.234,0.23,0.261,0.287,0.233,0.35,0.352,0.417,0.367,0.302,0.29,0.331,0.303,0.323,0.322,0.317,0.421,0.387,0.398,0.412,0.29,0.303,0.3
87,7,1,10.7,2.0,0.61,0.77,0.266,0.242,0.255,0.265,0.298,0.249,0.415,0.382,0.416,0.366,0.311,0.332,0.301,0.329,0.316,0.329,0.298,0.426,0.462,0.438,0.429,0.309,0.286,0.259
88,1,0,10.0,0.8,0.41,0.79,0.426,0.4,0.45,0.446,0.433,0.399,0.653,0.636,0.644,0.615,0.51,0.531,0.513,0.542,0.535,0.564,0.5,0.694,0.68,0.663,0.71,0.469,0.489,0.488
89,2,0,10.3,1.7,0.66,0.86,0.369,0.309,0.334,0.353,0.298,0.35,0.49,0.5,0.519,0.499,0.422,0.415,0.413,0.412,0.394,0.393,0.411,0.526,0.529,0.547,0.507,0.347,0.354,0.344
90,3,0,13.9,0.5,0.2,0.77,0.434,0.428,0.407,0.45,0.441,0.469,0.673,0.661,0.628,0.683,0.538,0.556,0.514,0.527,0.571,0.541,0.531,0.74,0.75,0.699,0.736,0.491,0.467,0.497
91,4,0,8.6,1.3,0.69,0.56,0.289,0.298,0.311,0.321,0.297,0.32,0.436,0.45,0.428,0.468,0.341,0.385,0.335,0.361,0.389,0.361,0.391,0.48,0.46,0.482,0.473,0.325,0.361,0.377
92,5,0,10.5,0.9,0.23,0.75,0.432,0.449,0.479,0.47,0.47,0.448,0.693,0.711,0.698,0.691,0.565,0.649,0.611,0.577,0.602,0.604,0.571,0.759,0.807,0.749,0.761,0.544,0.52,0.488
93,6,1,14.5,0.8,0.63,0.76,0.453,0.51,0.453,0.456,0.422,0.468,0.657,0.672,0.658,0.685,0.573,0.574,0.583,0.545,0.558,0.582,0.568,0.737,0.738,0.742,0.699,0.541,0.493,0.519
94,7,1,12.0,1.3,0.46,0.75,0.37,0.39,0.377,0.375,0.378,0.374,0.574,0.567,0.591,0.564,0.459,0.454,0.475,0.49,0.483,0.481,0.468,0.625,0.641,0.627,0.613,0.397,0.402,0.438
95,1,0,11.0,0.2,0.24,0.79,0.336,0.306,0.361,0.363,0.351,0.324,0.514,0.524,0.497,0.511,0.455,0.412,0.387,0.428,0.401,0.397,0.436,0.525,0.536,0.575,0.54,0.386,0.381,0.362
96,2,0,10.3,0.9,0.58,0.65,0.438,0.459,0.454,0.474,0.426,0.444,0.679,0.653,0.678,0.72,0.573,0.603,0.594,0.599,0.571,0.556,0.607,0.747,0.701,0.726,0.773,0.526,0.512,0.506
97,3,0,8.7,0.1,0.02,0.63,0.426,0.406,0.405,0.43,0.443,0.423,0.639,0.617,0.636,0.642,0.535,0.535,0.564,0.504,0.554,0.547,0.554,0.67,0.702,0.722,0.709,0.484,0.477,0.513
98,4,0,8.4,1.8,0.53,0.72,0.364,0.297,0.354,0.374,0.334,0.334,0.478,0.512,0.54,0.523,0.41,0.417,0.424,0.414,0.429,0.402,0.421,0.568,0.591,0.533,0.552,0.374,0.407,0.396
99,5,0,15.2,2.0,0.87,0.68,0.33,0.29,0.291,0.289,0.284,0.307,0.413,0.432,0.439,0.475,0.381,0.367,0.363,0.354,0.329,0.312,0.357,0.487,0.471,0.457,0.433,0.326,0.316,0.341
100,6,1,8.7,1.4,0.39,0.68,0.259,0.244,0.289,0.267,0.287,0.281,0.41,0.404,0.428,0.43,0.356,0.329,0.31,0.359,0.326,0.355,0.32,0.426,0.476,0.463,0.472,0.324,0.319,0.306
101,7,1,12.7,0.2,0.74,0.64,0.411,0.449,0.454,0.43,0.44,0.45,0.63,0.619,0.637,0.61,0.574,0.563,0.556,0.525,0.542,0.504,0.563,0.704,0.692,0.7,0.707,0.486,0.464,0.488
102,1,0,10.2,1.1,0.66,0.71,0.391,0.392,0.366,0.417,0.396,0.409,0.6,0.592,0.594,0.598,0.48,0.502,0.493,0.511,0.494,0.526,0.48,0.621,0.656,0.647,0.634,0.406,0.472,0.422
103,2,0,10.3,1.5,0.36,0.63,0.39,0.383,0.382,0.418,0.359,0.396,0.564,0.559,0.591,0.597,0.498,0.471,0.481,0.512,0.486,0.484,0.476,0.671,0.609,0.637,0.638,0.454,0.47,0.413
104,3,0,13.3,0.6,0.65,0.67,0.434,0.452,0.455,0.376,0.423,0.416,0.629,0.657,0.593,0.625,0.559,0.545,0.571,0.49,0.549,0.567,0.526,0.687,0.662,0.703,0.724,0.457,0.491,0.481
105,4,0,12.7,0.1,0.26,0.85,0.255,0.287,0.273,0.246,0.286,0.248,0.405,0.402,0.362,0.387,0.333,0.303,0.298,0.298,0.335,0.306,0.294,0.386,0.421,0.411,0.402,0.296,0.294,0.303
106,5,0,12.0,0.2,0.57,0.74,0.41,0.421,0.427,0.448,0.405,0.406,0.667,0.616,0.642,0.616,0.533,0.509,0.551,0.544,0.512,0.509,0.503,0.693,0.691,0.701,0.67,0.459,0.463,0.478
107,6,1,11.7,0.8,0.44,0.61,0.234,0.278,0.274,0.268,0.269,0.292,0.428,0.385,0.41,0.417,0.317,0.334,0.381,0.316,0.346,0.351,0.334,0.457,0.422,0.446,0.452,0.282,0.296,0.308
108,7,1,12.3,1.1,0.59,0.63,0.41,0.454,0.417,0.444,0.446,0.433,0.639,0.634,0.641,0.641,0.57,0.507,0.534,0.517,0.545,0.551,0.523,0.691,0.678,0.684,0.691,0.487,0.491,0.462
109,1,0,12.0,0.2,0.93,0.75,0.239,0.251,0.254,0.25,0.231,0.262,0.369,0.426,0.382,0.385,0.339,0.348,0.337,0.302,0.313,0.309,0.309,0.418,0.417,0.377,0.443,0.28,0.284,0.283
110,2,0,13.3,0.1,0.7,0.72,0.421,0.386,0.396,0.42,0.389,0.412,0.644,0.591,0.606,0.619,0.517,0.486,0.525,0.532,0.503,0.504,0.469,0.635,0.629,0.659,0.613,0.442,0.446,0.415
111,3,0,10.2,1.0,0.98,0.55,0.261,0.241,0.242,0.242,0.266,0.25,0.39,0.379,0.402,0.382,0.286,0.299,0.306,0.314,0.306,0.298,0.32,0.422,0.399,0.405,0.373,0.263,0.275,0.299
112,4,0,13.9,1.3,0.5,0.62,0.304,0.308,0.295,0.308,0.297,0.277,0.443,0.454,0.422,0.422,0.386,0.375,0.35,0.328,0.368,0.411,0.36,0.483,0.486,0.44,0.45,0.351,0.296,0.333
113,5,0,12.3,2.8,0.51,0.62,0.381,0.394,0.361,0.362,0.411,0.364,0.593,0.559,0.549,0.552,0.443,0.458,0.48,0.476,0.449,0.44,0.461,0.596,0.608,0.583,0.639,0.411,0.424,0.444
114,6,1,12.3,1.1,0.69,0.66,0.387,0.378,0.36,0.363,0.36,0.36,0.513,0.545,0.542,0.538,0.451,0.441,0.452,0.448,0.453,0.469,0.486,0.562,0.602,0.603,0.593,0.419,0.411,0.424
115,7,1,14.4,0.5,0.84,0.85,0.461,0.469,0.436,0.445,0.436,0.435,0.662,0.66,0.684,0.656,0.574,0.551,0.566,0.527,0.528,0.531,0.557,0.706,0.748,0.745,0.719,0.507,0.542,0.512
116,1,0,15.3,0.1,0.53,0.64,0.291,0.269,0.286,0.288,0.299,0.277,0.472,0.465,0.44,0.44,0.359,0.361,0.374,0.341,0.337,0.367,0.408,0.453,0.458,0.502,0.48,0.311,0.3,0.335
117,2,0,12.1,0.5,0.68,0.66,0.45,0.414,0.462,0.457,0.457,0.461,0.658,0.668,0.712,0.644,0.563,0.524,0.55,0.588,0.578,0.547,0.529,0.712,0.708,0.742,0.726,0.516,0.513,0.509
118,3,0,12.6,0.1,0.11,0.68,0.355,0.3,0.341,0.33,0.348,0.34,0.512,0.508,0.48,0.527,0.448,0.439,0.448,0.436,0.438,0.43,0.434,0.538,0.578,0.572,0.574,0.397,0.423,0.379
119,4,0,13.3,1.2,0.67,0.84,0.421,0.431,0.405,0.409,0.391,0.435,0.631,0.627,0.657,0.657,0.536,0.519,0.549,0.537,0.547,0.494,0.533,0.656,0.671,0.685,0.702,0.477,0.466,0.513
120,5,0,17.2,1.1,0.12,0.77,0.461,0.441,0.454,0.45,0.478,0.458,0.656,0.696,0.701,0.722,0.551,0.584,0.575,0.59,0.562,0.534,0.559,0.749,0.732,0.751,0.758,0.539,0.528,0.496
121,6,1,17.1,0.4,0.25,0.71,0.427,0.46,0.443,0.439,0.407,0.443,0.643,0.643,0.652,0.627,0.554,0.522,0.558,0.526,0.522,0.532,0.54,0.685,0.72,0.7,0.7,0.476,0.501,0.494
122,7,1,13.8,1.2,0.56,0.72,0.254,0.245,0.279,0.22,0.247,0.222,0.352,0.365,0.356,0.372,0.309,0.305,0.32,0.312,0.29,0.281,0.277,0.419,0.377,0.365,0.419,0.286,0.29,0.243
123,1,0,11.2,0.5,0.34,0.83,0.385,0.441,0.438,0.409,0.396,0.401,0.588,0.637,0.611,0.633,0.482,0.504,0.488,0.514,0.504,0.514,0.512,0.686,0.656,0.645,0.668,0.443,0.482,0.446
124,2,0,17.9,0.7,0.66,0.58,0.351,0.306,0.329,0.303,0.289,0.347,0.481,0.479,0.499,0.482,0.421,0.378,0.368,0.436,0.401,0.405,0.388,0.476,0.532,0.504,0.519,0.341,0.34,0.315
125,3,0,17.4,1.0,0.04,0.85,0.332,0.337,0.323,0.359,0.361,0.323,0.524,0.49,0.461,0.494,0.38,0.373,0.407,0.393,0.384,0.384,0.377,0.55,0.506,0.512,0.482,0.388,0.361,0.336
126,4,0,15.8,1.4,0.31,0.62,0.38,0.377,0.387,0.368,0.359,0.347,0.609,0.516,0.559,0.56,0.464,0.435,0.424,0.451,0.465,0.45,0.47,0.615,0.577,0.631,0.593,0.425,0.375,0.427
127,5,0,14.2,0.6,0.76,0.85,0.435,0.428,0.417,0.438,0.425,0.42,0.646,0.624,0.656,0.656,0.57,0.557,0.55,0.529,0.554,0.546,0.532,0.703,0.686,0.679,0.709,0.455,0.479,0.519
128,6,1,16.9,1.3,0.61,0.84,0.398,0.414,0.388,0.401,0.398,0.364,0.606,0.561,0.614,0.574,0.52,0.48,0.475,0.502,0.477,0.524,0.476,0.635,0.62,0.657,0.627,0.426,0.464,0.476
129,7,1,15.6,1.5,0.45,0.66,0.3,0.309,0.33,0.322,0.33,0.346,0.512,0.484,0.479,0.467,0.413,0.408,0.4,0.414,0.392,0.413,0.41,0.502,0.527,0.541,0.499,0.411,0.382,0.373
130,1,0,15.0,1.0,0.35,0.7,0.29,0.275,0.285,0.263,0.262,0.244,0.4,0.39,0.378,0.423,0.31,0.354,0.303,0.312,0.347,0.32,0.335,0.418,0.419,0.419,0.423,0.304,0.284,0.255
131,2,0,16.8,0.5,0.61,0.74,0.434,0.43,0.409,0.386,0.395,0.379,0.572,0.562,0.571,0.568,0.525,0.483,0.462,0.499,0.495,0.516,0.477,0.614,0.642,0.638,0.624,0.498,0.449,0.425
132,3,0,16.6,0.4,0.26,0.86,0.265,0.252,0.256,0.283,0.21,0.27,0.367,0.403,0.428,0.41,0.316,0.304,0.315,0.336,0.372,0.324,0.353,0.431,0.434,0.411,0.421,0.251,0.319,0.319
133,4,0,14.6,0.4,0.2,0.51,0.415,0.377,0.392,0.381,0.382,0.375,0.584,0.616,0.593,0.603,0.501,0.508,0.501,0.53,0.483,0.51,0.514,0.675,0.657,0.634,0.638,0.406,0.465,0.485
134,5,0,15.4,1.0,0.3,0.87,0.256,0.308,0.283,0.271,0.267,0.273,0.403,0.441,0.417,0.448,0.35,0.345,0.328,0.365,0.368,0.364,0.32,0.45,0.433,0.429,0.464,0.342,0.289,0.316
135,6,1,14.5,0.7,0.55,0.87,0.383,0.366,0.358,0.343,0.361,0.337,0.567,0.533,0.538,0.576,0.452,0.443,0.46,0.428,0.429,0.452,0.463,0.622,0.644,0.593,0.609,0.4,0.418,0.398
136,7,1,17.4,0.1,0.68,0.8,0.448,0.422,0.415,0.441,0.437,0.42,0.651,0.666,0.602,0.653,0.511,0.555,0.538,0.545,0.557,0.53,0.518,0.678,0.675,0.706,0.695,0.506,0.494,0.516
137,1,0,18.6,1.1,0.15,0.64,0.427,0.425,0.41,0.428,0.409,0.404,0.582,0.58,0.582,0.62,0.518,0.475,0.479,0.517,0.503,0.509,0.484,0.642,0.626,0.64,0.608,0.458,0.461,0.458
138,2,0,15.1,0.1,0.0,0.63,0.346,0.368,0.348,0.363,0.38,0.383,0.569,0.566,0.551,0.574,0.467,0.476,0.453,0.453,0.472,0.462,0.45,0.596,0.598,0.615,0.646,0.436,0.417,0.409
139,3,0,16.7,0.5,0.46,0.61,0.261,0.269,0.255,0.263,0.243,0.266,0.45,0.391,0.422,0.424,0.374,0.369,0.34,0.336,0.326,0.317,0.333,0.467,0.433,0.461,0.458,0.32,0.351,0.305
140,4,0,17.4,1.2,0.24,0.84,0.311,0.326,0.317,0.301,0.307,0.329,0.491,0.496,0.465,0.456,0.397,0.412,0.405,0.421,0.414,0.4,0.342,0.505,0.518,0.529,0.549,0.347,0.353,0.371
141,5,0,17.4,1.3,0.9,0.77,0.456,0.449,0.413,0.442,0.443,0.503,0.698,0.652,0.669,0.687,0.592,0.57,0.582,0.515,0.581,0.591,0.598,0.744,0.757,0.74,0.736,0.523,0.529,0.515
142,6,1,21.1,0.1,0.61,0.72,0.292,0.3,0.272,0.268,0.217,0.269,0.363,0.388,0.385,0.381,0.29,0.325,0.309,0.333,0.338,0.321,0.311,0.427,0.391,0.456,0.449,0.335,0.294,0.283
143,7,1,18.9,2.1,0.87,0.8,0.392,0.361,0.371,0.401,0.383,0.423,0.535,0.56,0.584,0.559,0.45,0.468,0.499,0.436,0.463,0.475,0.482,0.629,0.608,0.625,0.618,0.417,0.439,0.408
144,1,0,16.2,1.2,0.6,0.67,0.288,0.258,0.264,0.236,0.264,0.238,0.413,0.434,0.387,0.361,0.307,0.364,0.355,0.327,0.334,0.3,0.332,0.435,0.45,0.435,0.432,0.302,0.316,0.281
145,2,0,21.5,0.5,0.82,0.56,0.391,0.425,0.406,0.415,0.409,0.408,0.606,0.588,0.616,0.59,0.503,0.495,0.47,0.492,0.496,0.505,0.531,0.663,0.644,0.65,0.66,0.431,0.438,0.44
146,3,0,20.2,0.8,0.57,0.69,0.428,0.424,0.455,0.42,0.448,0.406,0.63,0.674,0.656,0.699,0.569,0.566,0.508,0.551,0.524,0.58,0.58,0.716,0.714,0.687,0.722,0.509,0.505,0.49
147,4,0,16.8,2.3,0.79,0.68,0.215,0.236,0.244,0.229,0.25,0.256,0.367,0.374,0.338,0.38,0.313,0.301,0.335,0.317,0.336,0.302,0.334,0.396,0.44,0.421,0.421,0.24,0.244,0.317
148,5,0,20.9,0.3,0.34,0.65,0.479,0.441,0.468,0.45,0.453,0.483,0.709,0.697,0.716,0.721,0.599,0.565,0.579,0.596,0.628,0.583,0.59,0.744,0.766,0.784,0.736,0.529,0.544,0.492
149,6,1,17.4,0.7,0.91,0.65,0.287,0.275,0.284,0.3,0.259,0.312,0.406,0.4,0.42,0.377,0.33,0.317,0.332,0.336,0.324,0.356,0.347,0.465,0.455,0.449,0.427,0.34,0.324,0.304
150,7,1,15.2,3.7,0.42,0.71,0.276,0.267,0.28,0.277,0.264,0.278,0.422,0.398,0.415,0.381,0.365,0.365,0.387,0.323,0.385,0.35,0.363,0.477,0.465,0.462,0.452,0.297,0.324,0.332
151,1,0,19.3,0.8,0.65,0.61,0.408,0.379,0.388,0.404,0.427,0.42,0.61,0.62,0.644,0.581,0.495,0.515,0.506,0.525,0.517,0.517,0.501,0.666,0.664,0.661,0.642,0.468,0.441,0.429
152,2,0,16.2,2.3,0.89,0.78,0.346,0.367,0.416,0.358,0.375,0.366,0.508,0.549,0.562,0.562,0.484,0.43,0.463,0.456,0.46,0.464,0.482,0.592,0.568,0.557,0.605,0.416,0.424,0.419
153,3,0,15.2,0.0,0.52,0.6,0.411,0.397,0.409,0.404,0.427,0.418,0.625,0.586,0.611,0.594,0.484,0.539,0.528,0.524,0.514,0.519,0.521,0.678,0.679,0.683,0.687,0.452,0.491,0.477
154,4,0,21.0,0.7,0.67,0.68,0.345,0.373,0.351,0.383,0.385,0.322,0.555,0.545,0.548,0.553,0.442,0.459,0.473,0.474,0.46,0.429,0.455,0.582,0.61,0.562,0.568,0.413,0.401,0.439
155,5,0,18.9,2.6,0.25,0.9,0.446,0.467,0.469,0.462,0.437,0.443,0.657,0.677,0.684,0.683,0.572,0.558,0.566,0.581,0.565,0.566,0.568,0.749,0.756,0.74,0.75,0.51,0.475,0.52
156,6,1,19.9,0.4,0.27,0.79,0.425,0.397,0.377,0.389,0.424,0.397,0.57,0.608,0.568,0.618,0.501,0.511,0.515,0.496,0.498,0.513,0.502,0.683,0.628,0.661,0.666,0.468,0.413,0.472
157,7,1,17.9,0.8,0.46,0.74,0.231,0.249,0.237,0.277,0.213,0.255,0.393,0.341,0.396,0.395,0.303,0.34,0.327,0.334,0.301,0.301,0.359,0.414,0.415,0.412,0.453,0.28,0.274,0.32
158,1,0,18.9,2.0,0.54,0.72,0.422,0.416,0.452,0.383,0.417,0.418,0.614,0.57,0.627,0.573,0.51,0.509,0.499,0.507,0.488,0.566,0.516,0.639,0.661,0.652,0.63,0.455,0.462,0.406
159,2,0,20.5,0.4,0.7,0.5,0.311,0.248,0.312,0.267,0.283,0.299,0.393,0.391,0.402,0.429,0.375,0.361,0.317,0.354,0.333,0.341,0.341,0.452,0.45,0.418,0.472,0.312,0.351,0.273
160,3,0,18.4,0.5,0.18,0.89,0.254,0.256,0.246,0.258,0.304,0.248,0.42,0.419,0.403,0.428,0.339,0.354,0.36,0.346,0.335,0.316,0.403,0.423,0.389,0.405,0.451,0.317,0.267,0.296
161,4,0,21.3,0.9,0.77,0.71,0.304,0.332,0.283,0.321,0.306,0.313,0.482,0.457,0.441,0.51,0.394,0.399,0.403,0.405,0.393,0.374,0.403,0.477,0.469,0.505,0.482,0.35,0.339,0.346
162,5,0,19.9,0.2,0.49,0.63,0.421,0.438,0.449,0.465,0.41,0.4,0.67,0.68,0.652,0.677,0.548,0.534,0.539,0.567,0.551,0.57,0.513,0.749,0.732,0.704,0.691,0.489,0.478,0.46
163,6,1,16.0,1.5,0.82,0.78,0.453,0.491,0.465,0.47,0.453,0.464,0.707,0.683,0.71,0.691,0.606,0.572,0.585,0.542,0.583,0.53,0.542,0.721,0.74,0.756,0.728,0.532,0.519,0.52
164,7,1,18.3,0.4,0.27,0.77,0.367,0.404,0.419,0.398,0.418,0.426,0.599,0.605,0.591,0.578,0.462,0.481,0.492,0.484,0.493,0.496,0.485,0.619,0.618,0.667,0.641,0.449,0.441,0.444
165,1,0,21.3,1.6,0.6,0.75,0.476,0.437,0.438,0.45,0.473,0.451,0.672,0.669,0.637,0.66,0.582,0.567,0.558,0.511,0.578,0.571,0.57,0.734,0.731,0.729,0.717,0.486,0.511,0.484
166,2,0,17.8,0.1,0.32,0.74,0.378,0.36,0.38,0.395,0.365,0.364,0.547,0.569,0.597,0.537,0.45,0.463,0.445,0.463,0.466,0.509,0.411,0.612,0.585,0.626,0.639,0.42,0.406,0.373
167,3,0,20.3,1.2,0.21,0.81,0.371,0.351,0.402,0.356,0.374,0.377,0.562,0.576,0.562,0.525,0.443,0.467,0.468,0.474,0.455,0.465,0.427,0.586,0.59,0.586,0.601,0.415,0.426,0.409
168,4,0,20.2,0.4,0.53,0.66,0.413,0.422,0.424,0.388,0.4,0.416,0.592,0.573,0.619,0.601,0.503,0.5,0.522,0.463,0.52,0.499,0.511,0.655,0.649,0.661,0.661,0.453,0.401,0.48
169,5,0,19.6,1.8,0.79,0.74,0.329,0.318,0.323,0.322,0.293,0.318,0.462,0.445,0.437,0.485,0.379,0.4,0.402,0.421,0.387,0.411,0.425,0.514,0.526,0.537,0.502,0.37,0.328,0.373
170,6,1,19.5,1.1,0.37,0.64,0.272,0.279,0.257,0.279,0.266,0.28,0.391,0.407,0.434,0.395,0.317,0.38,0.354,0.365,0.344,0.372,0.368,0.463,0.419,0.438,0.428,0.328,0.316,0.31
171,7,1,16.8,4.0,0.45,0.73,0.387,0.438,0.422,0.418,0.405,0.369,0.578,0.601,0.578,0.633,0.526,0.504,0.54,0.494,0.518,0.522,0.517,0.632,0.636,0.653,0.641,0.483,0.457,0.432
172,1,0,20.1,0.8,0.23,0.68,0.447,0.422,0.428,0.435,0.413,0.412,0.613,0.627,0.678,0.594,0.521,0.533,0.51,0.533,0.493,0.541,0.533,0.696,0.696,0.694,0.67,0.449,0.471,0.486
173,2,0,19.0,0.2,0.32,0.81,0.324,0.337,0.346,0.365,0.333,0.335,0.502,0.501,0.479,0.488,0.447,0.387,0.42,0.392,0.385,0.425,0.409,0.536,0.501,0.555,0.49,0.418,0.394,0.397
174,3,0,22.4,0.4,0.71,0.74,0.423,0.41,0.449,0.428,0.406,0.424,0.662,0.662,0.644,0.62,0.501,0.512,0.553,0.526,0.547,0.546,0.556,0.703,0.672,0.671,0.69,0.518,0.482,0.463
175,4,0,20.7,1.8,0.67,0.66,0.371,0.352,0.36,0.344,0.379,0.362,0.552,0.546,0.542,0.585,0.462,0.458,0.439,0.435,0.489,0.497,0.434,0.614,0.609,0.598,0.625,0.387,0.405,0.429
176,5,0,15.3,1.0,0.5,0.61,0.462,0.486,0.466,0.47,0.439,0.445,0.673,0.733,0.737,0.692,0.594,0.576,0.579,0.604,0.596,0.566,0.573,0.742,0.72,0.739,0.767,0.477,0.522,0.492
177,6,1,20.2,0.5,0.91,0.65,0.31,0.321,0.293,0.273,0.288,0.265,0.46,0.471,0.432,0.443,0.355,0.387,0.396,0.371,0.344,0.376,0.38,0.492,0.509,0.482,0.53,0.32,0.381,0.345
178,7,1,18.5,1.9,0.29,0.51,0.287,0.308,0.321,0.292,0.259,0.29,0.465,0.423,0.457,0.436,0.362,0.333,0.372,0.333,0.374,0.347,0.326,0.453,0.522,0.485,0.481,0.313,0.307,0.315
179,1,0,19.3,0.8,0.45,0.63,0.303,0.293,0.287,0.263,0.256,0.246,0.379,0.431,0.425,0.44,0.367,0.339,0.326,0.319,0.337,0.312,0.343,0.449,0.437,0.455,0.46,0.277,0.339,0.316
180,2,0,25.2,0.6,0.14,0.66,0.397,0.396,0.414,0.37,0.422,0.387,0.558,0.591,0.582,0.547,0.471,0.475,0.446,0.469,0.458,0.478,0.501,0.591,0.613,0.634,0.623,0.399,0.461,0.415
181,3,0,20.9,1.2,0.77,0.6,0.409,0.451,0.389,0.4,0.386,0.421,0.63,0.611,0.584,0.64,0.494,0.476,0.521,0.518,0.476,0.474,0.513,0.677,0.665,0.659,0.633,0.458,0.471,0.457
182,4,0,20.2,0.7,0.85,0.58,0.451,0.437,0.434,0.43,0.47,0.46,0.671,0.648,0.658,0.634,0.598,0.504,0.539,0.561,0.52,0.544,0.549,0.688,0.736,0.686,0.706,0.476,0.514,0.471
183,5,0,20.6,0.3,0.79,0.53,0.351,0.294,0.377,0.334,0.359,0.335,0.511,0.484,0.493,0.52,0.411,0.396,0.383,0.383,0.408,0.398,0.424,0.584,0.538,0.545,0.556,0.372,0.385,0.387
184,6,1,19.7,0.2,0.74,0.63,0.361,0.373,0.396,0.425,0.365,0.388,0.58,0.592,0.576,0.57,0.489,0.5,0.481,0.491,0.496,0.487,0.482,0.655,0.623,0.666,0.639,0.434,0.434,0.422
185,7,1,22.0,0.8,0.48,0.7,0.449,0.413,0.448,0.454,0.455,0.433,0.679,0.674,0.686,0.665,0.594,0.55,0.564,0.579,0.545,0.547,0.556,0.708,0.745,0.721,0.736,0.488,0.523,0.496
186,1,0,22.3,0.7,0.7,0.87,0.369,0.402,0.36,0.403,0.35,0.39,0.555,0.608,0.577,0.607,0.467,0.458,0.46,0.476,0.495,0.496,0.514,0.633,0.657,0.615,0.617,0.438,0.442,0.433
187,2,0,20.3,0.7,0.62,0.8,0.32,0.301,0.294,0.329,0.265,0.314,0.534,0.487,0.489,0.474,0.378,0.414,0.397,0.424,0.437,0.385,0.397,0.508,0.518,0.528,0.521,0.326,0.342,0.376
188,3,0,20.3,1.6,0.28,0.77,0.255,0.235,0.289,0.268,0.248,0.262,0.394,0.376,0.419,0.409,0.314,0.321,0.354,0.341,0.295,0.348,0.348,0.44,0.447,0.445,0.453,0.289,0.311,0.286
189,4,0,20.5,0.2,0.72,0.75,0.315,0.312,0.319,0.308,0.345,0.332,0.454,0.465,0.458,0.457,0.415,0.384,0.357,0.413,0.408,0.436,0.403,0.554,0.523,0.52,0.53,0.377,0.361,0.358
190,5,0,19.5,1.5,0.19,0.64,0.251,0.265,0.234,0.231,0.259,0.282,0.382,0.364,0.374,0.385,0.33,0.301,0.316,0.317,0.318,0.325,0.328,0.4,0.39,0.414,0.428,0.317,0.302,0.276
191,6,1,17.5,3.7,0.41,0.8,0.299,0.248,0.275,0.299,0.28,0.291,0.391,0.397,0.471,0.411,0.358,0.348,0.356,0.39,0.37,0.373,0.382,0.463,0.446,0.504,0.494,0.301,0.314,0.348
192,7,1,20.3,3.5,0.28,0.81,0.306,0.287,0.323,0.282,0.311,0.269,0.434,0.444,0.46,0.449,0.339,0.364,0.37,0.372,0.368,0.373,0.336,0.447,0.494,0.46,0.481,0.332,0.319,0.338
193,1,0,19.5,0.6,0.28,0.73,0.352,0.351,0.344,0.39,0.369,0.331,0.547,0.551,0.55,0.528,0.459,0.43,0.446,0.451,0.452,0.445,0.467,0.592,0.573,0.578,0.583,0.391,0.411,0.406
194,2,0,22.3,0.1,0.38,0.9,0.403,0.431,0.459,0.446,0.387,0.432,0.637,0.63,0.624,0.612,0.579,0.513,0.524,0.527,0.517,0.509,0.556,0.674,0.641,0.676,0.673,0.5,0.458,0.468
195,3,0,21.0,0.7,0.64,0.82,0.398,0.422,0.379,0.392,0.386,0.417,0.621,0.607,0.618,0.582,0.532,0.499,0.492,0.474,0.517,0.531,0.507,0.669,0.687,0.682,0.676,0.497,0.464,0.429
196,4,0,21.8,0.3,0.92,0.6,0.407,0.412,0.365,0.383,0.392,0.398,0.571,0.61,0.55,0.561,0.478,0.496,0.501,0.524,0.473,0.486,0.466,0.616,0.65,0.663,0.616,0.416,0.427,0.451
197,5,0,15.4,0.2,0.33,0.92,0.282,0.221,0.29,0.243,0.258,0.234,0.383,0.365,0.436,0.398,0.332,0.325,0.308,0.319,0.301,0.304,0.346,0.441,0.395,0.448,0.416,0.323,0.291,0.291
198,6,1,20.6,0.2,0.63,0.89,0.309,0.322,0.33,0.273,0.339,0.285,0.49,0.44,0.473,0.473,0.388,0.402,0.376,0.392,0.411,0.433,0.381,0.53,0.501,0.538,0.504,0.315,0.349,0.364
199,7,1,21.3,0.3,0.24,0.62,0.245,0.224,0.246,0.252,0.245,0.24,0.375,0.356,0.404,0.411,0.301,0.33,0.285,0.332,0.338,0.311,0.317,0.413,0.431,0.425,0.419,0.268,0.298,0.275
200,1,0,18.5,3.3,0.27,0.78,0.366,0.343,0.329,0.354,0.373,0.363,0.53,0.488,0.541,0.483,0.456,0.414,0.427,0.446,0.456,0.414,0.458,0.541,0.556,0.568,0.571,0.374,0.39,0.361
201,2,0,18.9,0.2,0.18,0.65,0.481,0.502,0.455,0.431,0.458,0.498,0.673,0.722,0.701,0.708,0.598,0.584,0.61,0.603,0.574,0.591,0.584,0.764,0.714,0.756,0.761,0.526,0.47,0.557
202,3,0,15.6,0.4,0.66,0.78,0.294,0.298,0.278,0.278,0.326,0.294,0.425,0.497,0.425,0.421,0.352,0.363,0.373,0.34,0.38,0.365,0.376,0.446,0.47,0.432,0.458,0.352,0.352,0.352
203,4,0,22.6,0.5,0.47,0.73,0.299,0.266,0.235,0.245,0.299,0.26,0.419,0.399,0.428,0.419,0.383,0.327,0.31,0.338,0.322,0.329,0.347,0.407,0.442,0.409,0.404,0.305,0.296,0.313
204,5,0,18.0,0.1,0.58,0.61,0.349,0.384,0.395,0.366,0.384,0.343,0.556,0.604,0.565,0.555,0.489,0.484,0.5,0.481,0.507,0.462,0.465,0.628,0.631,0.589,0.637,0.468,0.429,0.417
205,6,1,17.0,0.1,0.05,0.76,0.329,0.312,0.3,0.286,0.287,0.318,0.45,0.467,0.456,0.43,0.359,0.37,0.371,0.328,0.369,0.403,0.389,0.467,0.504,0.487,0.46,0.352,0.366,0.361
206,7,1,19.2,0.5,0.84,0.75,0.443,0.407,0.404,0.396,0.38,0.38,0.615,0.593,0.587,0.592,0.516,0.519,0.503,0.502,0.495,0.457,0.463,0.632,0.649,0.626,0.633,0.447,0.45,0.414
207,1,0,18.4,0.0,0.14,0.87,0.264,0.267,0.271,0.232,0.251,0.266,0.408,0.392,0.372,0.444,0.309,0.322,0.347,0.322,0.348,0.312,0.352,0.437,0.414,0.421,0.44,0.311,0.293,0.305
208,2,0,21.2,0.6,0.38,0.52,0.346,0.307,0.335,0.327,0.344,0.339,0.474,0.48,0.471,0.484,0.41,0.39,0.381,0.402,0.409,0.358,0.389,0.529,0.58,0.517,0.55,0.372,0.372,0.346
209,3,0,16.8,1.3,0.21,0.8,0.376,0.344,0.361,0.343,0.328,0.383,0.509,0.526,0.497,0.532,0.399,0.387,0.449,0.416,0.414,0.418,0.413,0.553,0.547,0.569,0.56,0.384,0.365,0.33
210,4,0,22.0,0.2,0.53,0.84,0.258,0.236,0.256,0.281,0.247,0.248,0.35,0.391,0.369,0.405,0.319,0.319,0.293,0.315,0.291,0.26,0.318,0.402,0.426,0.41,0.382,0.267,0.276,0.329
211,5,0,20.1,0.0,0.33,0.67,0.237,0.273,0.277,0.269,0.298,0.273,0.401,0.435,0.459,0.434,0.386,0.366,0.352,0.35,0.374,0.388,0.348,0.479,0.468,0.497,0.491,0.267,0.321,0.312
212,6,1,22.3,1.0,0.37,0.65,0.314,0.315,0.356,0.358,0.324,0.341,0.529,0.538,0.502,0.515,0.431,0.422,0.446,0.414,0.454,0.453,0.436,0.596,0.589,0.577,0.563,0.369,0.419,0.401
213,7,1,17.4,0.9,0.27,0.6,0.295,0.283,0.337,0.304,0.283,0.292,0.448,0.447,0.429,0.433,0.384,0.38,0.367,0.383,0.4,0.38,0.376,0.506,0.51,0.461,0.525,0.351,0.335,0.335
214,1,0,20.3,1.2,0.55,0.73,0.242,0.212,0.265,0.287,0.288,0.253,0.425,0.386,0.395,0.395,0.341,0.328,0.363,0.327,0.375,0.33,0.282,0.406,0.459,0.421,0.434,0.295,0.298,0.278
215,2,0,18.0,0.2,0.85,0.61,0.449,0.44,0.464,0.437,0.446,0.405,0.666,0.61,0.641,0.671,0.541,0.525,0.6,0.563,0.557,0.553,0.59,0.738,0.732,0.76,0.69,0.495,0.493,0.541
216,3,0,13.8,0.8,0.14,0.87,0.367,0.353,0.351,0.376,0.311,0.385,0.512,0.509,0.525,0.514,0.436,0.414,0.428,0.436,0.434,0.395,0.401,0.553,0.586,0.568,0.58,0.409,0.394,0.408
217,4,0,18.9,0.3,0.36,0.63,0.468,0.466,0.454,0.45,0.46,0.473,0.668,0.711,0.686,0.68,0.579,0.566,0.575,0.566,0.522,0.603,0.546,0.768,0.759,0.779,0.753,0.509,0.52,0.568
218,5,0,16.9,0.7,0.65,0.59,0.415,0.423,0.449,0.442,0.426,0.436,0.646,0.613,0.606,0.636,0.562,0.56,0.543,0.52,0.58,0.518,0.494,0.677,0.692,0.677,0.737,0.472,0.508,0.502
219,6,1,18.3,0.8,0.66,0.63,0.327,0.32,0.312,0.334,0.351,0.331,0.522,0.517,0.465,0.482,0.389,0.382,0.411,0.418,0.399,0.41,0.377,0.538,0.489,0.468,0.549,0.373,0.338,0.373
220,7,1,17.8,0.3,0.81,0.66,0.349,0.327,0.339,0.325,0.313,0.381,0.544,0.497,0.536,0.493,0.458,0.421,0.396,0.409,0.408,0.405,0.405,0.544,0.54,0.553,0.58,0.362,0.381,0.375
221,1,0,21.3,5.6,0.61,0.59,0.478,0.489,0.484,0.437,0.456,0.466,0.755,0.707,0.691,0.715,0.591,0.607,0.573,0.607,0.577,0.559,0.6,0.768,0.777,0.812,0.753,0.553,0.534,0.542
222,2,0,15.7,0.6,0.77,0.52,0.338,0.346,0.309,0.374,0.374,0.335,0.543,0.541,0.489,0.506,0.426,0.487,0.448,0.421,0.405,0.437,0.473,0.595,0.562,0.575,0.567,0.411,0.382,0.417
223,3,0,15.7,0.2,0.66,0.64,0.359,0.347,0.321,0.368,0.393,0.362,0.55,0.526,0.494,0.529,0.408,0.442,0.442,0.449,0.438,0.406,0.431,0.548,0.561,0.59,0.59,0.419,0.394,0.429
224,4,0,18.6,1.2,0.48,0.71,0.231,0.226,0.26,0.297,0.242,0.269,0.376,0.356,0.373,0.38,0.346,0.305,0.339,0.308,0.338,0.352,0.294,0.39,0.425,0.439,0.421,0.243,0.265,0.31
225,5,0,19.0,0.4,0.67,0.7,0.388,0.37,0.384,0.433,0.429,0.427,0.6,0.591,0.606,0.614,0.475,0.496,0.52,0.502,0.48,0.511,0.512,0.651,0.654,0.65,0.655,0.432,0.426,0.474
226,6,1,17.3,0.5,0.59,0.61,0.33,0.359,0.321,0.345,0.358,0.345,0.489,0.5,0.511,0.533,0.432,0.391,0.412,0.421,0.453,0.417,0.388,0.543,0.551,0.538,0.527,0.382,0.391,0.371
227,7,1,16.6,0.3,0.39,0.79,0.271,0.24,0.296,0.236,0.235,0.251,0.398,0.392,0.399,0.377,0.339,0.329,0.327,0.34,0.337,0.306,0.3,0.369,0.409,0.398,0.397,0.298,0.269,0.305
228,1,0,18.2,0.3,0.7,0.61,0.397,0.371,0.458,0.449,0.481,0.463,0.687,0.642,0.673,0.632,0.55,0.522,0.533,0.551,0.51,0.57,0.552,0.738,0.697,0.706,0.7,0.485,0.485,0.465
229,2,0,19.0,0.4,0.28,0.64,0.255,0.312,0.301,0.242,0.288,0.266,0.439,0.43,0.418,0.386,0.321,0.295,0.347,0.325,0.35,0.325,0.374,0.419,0.434,0.481,0.462,0.307,0.325,0.291
230,3,0,15.1,2.2,0.2,0.66,0.412,0.442,0.431,0.364,0.472,0.438,0.668,0.646,0.666,0.618,0.522,0.559,0.521,0.54,0.49,0.543,0.549,0.686,0.732,0.69,0.691,0.49,0.473,0.471
231,4,0,16.6,0.0,0.51,0.55,0.402,0.403,0.406,0.457,0.405,0.417,0.637,0.635,0.609,0.622,0.532,0.508,0.507,0.515,0.523,0.514,0.521,0.698,0.658,0.709,0.674,0.494,0.466,0.446
232,5,0,15.8,1.5,0.07,0.79,0.418,0.406,0.452,0.425,0.419,0.434,0.647,0.654,0.643,0.635,0.529,0.526,0.558,0.514,0.557,0.528,0.516,0.672,0.689,0.695,0.689,0.472,0.489,0.453
233,6,1,17.6,0.1,0.39,0.56,0.487,0.481,0.488,0.481,0.46,0.461,0.711,0.718,0.717,0.726,0.565,0.616,0.588,0.625,0.557,0.546,0.573,0.749,0.755,0.779,0.787,0.56,0.53,0.535
234,7,1,16.0,0.7,0.14,0.54,0.328,0.303,0.336,0.329,0.315,0.35,0.486,0.438,0.506,0.505,0.423,0.407,0.396,0.375,0.398,0.447,0.395,0.497,0.514,0.53,0.498,0.346,0.3,0.396
235,1,0,15.1,3.0,0.55,0.76,0.497,0.447,0.457,0.463,0.469,0.453,0.681,0.683,0.693,0.695,0.586,0.596,0.581,0.585,0.588,0.593,0.574,0.777,0.762,0.738,0.736,0.515,0.484,0.514
236,2,0,14.4,0.4,0.56,0.68,0.26,0.257,0.279,0.29,0.272,0.27,0.405,0.416,0.38,0.393,0.349,0.313,0.351,0.31,0.305,0.351,0.359,0.42,0.48,0.468,0.434,0.317,0.322,0.289
237,3,0,16.8,2.0,0.33,0.71,0.357,0.352,0.359,0.364,0.357,0.321,0.548,0.539,0.534,0.499,0.416,0.44,0.494,0.456,0.445,0.432,0.458,0.652,0.585,0.616,0.63,0.406,0.455,0.471
238,4,0,15.7,1.2,0.39,0.63,0.453,0.444,0.438,0.427,0.442,0.462,0.657,0.669,0.628,0.679,0.524,0.517,0.591,0.533,0.577,0.555,0.558,0.703,0.717,0.734,0.725,0.526,0.489,0.463
239,5,0,17.1,0.8,0.86,0.58,0.292,0.281,0.287,0.299,0.3,0.273,0.411,0.455,0.453,0.445,0.386,0.393,0.337,0.405,0.325,0.334,0.372,0.491,0.478,0.481,0.469,0.31,0.323,0.339
240,6,1,20.0,0.0,0.46,0.74,0.219,0.269,0.248,0.226,0.251,0.242,0.387,0.352,0.343,0.398,0.314,0.327,0.292,0.292,0.268,0.306,0.317,0.4,0.433,0.372,0.389,0.274,0.314,0.275
241,7,1,14.0,2.8,0.95,0.67,0.447,0.412,0.469,0.382,0.423,0.424,0.669,0.647,0.65,0.627,0.526,0.529,0.535,0.538,0.557,0.552,0.537,0.738,0.722,0.715,0.717,0.42,0.475,0.501
242,1,0,17.6,1.4,0.14,0.82,0.457,0.494,0.496,0.445,0.421,0.469,0.706,0.758,0.714,0.718,0.614,0.609,0.586,0.553,0.592,0.596,0.595,0.754,0.733,0.772,0.728,0.5,0.511,0.49
243,2,0,14.5,1.7,0.72,0.54,0.447,0.445,0.456,0.462,0.473,0.441,0.718,0.674,0.73,0.692,0.55,0.601,0.592,0.567,0.551,0.597,0.61,0.731,0.729,0.759,0.744,0.556,0.508,0.528
244,3,0,13.7,2.4,0.34,0.66,0.303,0.327,0.327,0.296,0.354,0.32,0.463,0.448,0.486,0.474,0.389,0.393,0.394,0.389,0.396,0.373,0.429,0.502,0.512,0.535,0.511,0.383,0.382,0.325
245,4,0,10.9,0.5,0.24,0.7,0.418,0.375,0.377,0.405,0.4,0.398,0.625,0.558,0.607,0.622,0.485,0.459,0.524,0.512,0.525,0.503,0.511,0.661,0.675,0.676,0.665,0.476,0.456,0.451
246,5,0,17.0,0.1,0.81,0.59,0.358,0.399,0.361,0.381,0.388,0.364,0.567,0.584,0.592,0.554,0.475,0.475,0.447,0.46,0.45,0.452,0.493,0.629,0.676,0.576,0.593,0.438,0.411,0.414
247,6,1,17.0,0.1,0.15,0.73,0.329,0.318,0.36,0.339,0.352,0.305,0.447,0.449,0.51,0.477,0.393,0.399,0.39,0.455,0.423,0.424,0.389,0.507,0.533,0.505,0.511,0.342,0.321,0.362
248,7,1,12.5,0.3,0.17,0.81,0.441,0.416,0.423,0.391,0.44,0.429,0.627,0.636,0.641,0.667,0.496,0.504,0.54,0.539,0.51,0.589,0.513,0.66,0.673,0.696,0.707,0.458,0.473,0.494
249,1,0,13.4,2.2,0.41,0.93,0.26,0.251,0.279,0.272,0.258,0.256,0.434,0.449,0.396,0.43,0.391,0.348,0.337,0.312,0.386,0.314,0.349,0.44,0.427,0.47,0.456,0.32,0.28,0.316
250,2,0,14.4,0.1,0.92,0.68,0.366,0.359,0.373,0.341,0.331,0.375,0.504,0.541,0.538,0.521,0.457,0.467,0.423,0.416,0.394,0.462,0.441,0.564,0.594,0.595,0.554,0.407,0.396,0.389
251,3,0,10.4,2.4,0.51,0.61,0.354,0.465,0.424,0.398,0.398,0.384,0.591,0.623,0.624,0.624,0.497,0.52,0.475,0.508,0.463,0.502,0.517,0.636,0.652,0.654,0.668,0.453,0.461,0.448
252,4,0,14.5,0.8,0.92,0.76,0.39,0.394,0.401,0.395,0.385,0.41,0.574,0.606,0.571,0.562,0.508,0.534,0.484,0.477,0.517,0.503,0.512,0.638,0.645,0.652,0.625,0.45,0.471,0.467
253,5,0,15.0,0.7,0.41,0.63,0.36,0.336,0.36,0.364,0.376,0.354,0.555,0.518,0.552,0.575,0.435,0.46,0.457,0.462,0.465,0.471,0.446,0.555,0.565,0.555,0.605,0.404,0.407,0.384
254,6,1,12.5,1.8,0.26,0.73,0.272,0.292,0.267,0.306,0.298,0.277,0.444,0.407,0.422,0.486,0.399,0.345,0.342,0.394,0.361,0.321,0.355,0.473,0.486,0.457,0.429,0.362,0.31,0.356
255,7,1,12.3,0.2,0.16,0.73,0.408,0.419,0.393,0.432,0.437,0.423,0.605,0.59,0.583,0.587,0.516,0.512,0.526,0.501,0.502,0.49,0.514,0.638,0.626,0.611,0.651,0.431,0.41,0.448
256,1,0,13.5,1.3,0.58,0.67,0.427,0.437,0.425,0.429,0.445,0.425,0.612,0.642,0.623,0.62,0.498,0.518,0.523,0.541,0.503,0.544,0.544,0.679,0.671,0.67,0.667,0.443,0.518,0.488
257,2,0,15.5,0.2,0.87,0.73,0.312,0.334,0.282,0.308,0.346,0.281,0.509,0.491,0.489,0.499,0.403,0.405,0.406,0.429,0.409,0.392,0.429,0.514,0.512,0.535,0.511,0.355,0.383,0.358
258,3,0,16.2,0.6,0.68,0.72,0.315,0.315,0.326,0.312,0.334,0.29,0.488,0.444,0.481,0.513,0.44,0.41,0.421,0.402,0.409,0.408,0.389,0.547,0.544,0.527,0.512,0.369,0.355,0.406
259,4,0,13.3,0.2,0.71,0.67,0.495,0.494,0.454,0.468,0.49,0.497,0.72,0.732,0.682,0.685,0.567,0.596,0.605,0.582,0.598,0.599,0.613,0.808,0.761,0.792,0.733,0.548,0.553,0.592
260,5,0,13.8,0.9,0.55,0.73,0.363,0.344,0.319,0.35,0.386,0.35,0.519,0.503,0.522,0.533,0.472,0.44,0.456,0.438,0.428,0.435,0.43,0.558,0.561,0.595,0.547,0.395,0.43,0.431
261,6,1,11.9,0.7,0.45,0.66,0.483,0.429,0.458,0.439,0.407,0.443,0.615,0.661,0.661,0.667,0.534,0.521,0.52,0.511,0.547,0.522,0.489,0.705,0.726,0.687,0.745,0.486,0.476,0.498
262,7,1,10.7,0.2,0.74,0.67,0.443,0.481,0.469,0.432,0.477,0.445,0.651,0.739,0.636,0.665,0.551,0.541,0.6,0.574,0.588,0.536,0.558,0.745,0.738,0.759,0.739,0.51,0.537,0.517
263,1,0,13.4,0.4,0.28,0.69,0.469,0.461,0.476,0.465,0.489,0.455,0.685,0.696,0.694,0.725,0.579,0.596,0.573,0.577,0.557,0.591,0.599,0.747,0.736,0.778,0.759,0.534,0.523,0.537
264,2,0,10.8,0.1,0.58,0.8,0.392,0.424,0.392,0.406,0.383,0.401,0.599,0.593,0.584,0.584,0.499,0.478,0.503,0.511,0.507,0.474,0.478,0.675,0.629,0.64,0.605,0.407,0.415,0.391
265,3,0,10.5,0.3,0.72,0.71,0.456,0.439,0.457,0.467,0.43,0.453,0.674,0.638,0.668,0.673,0.544,0.524,0.603,0.581,0.556,0.539,0.575,0.747,0.744,0.726,0.765,0.513,0.481,0.49
266,4,0,12.4,0.7,0.25,0.64,0.444,0.434,0.433,0.479,0.461,0.454,0.701,0.689,0.699,0.679,0.579,0.577,0.59,0.595,0.582,0.555,0.588,0.766,0.743,0.736,0.778,0.549,0.504,0.488
267,5,0,10.2,1.0,0.37,0.78,0.278,0.289,0.284,0.307,0.25,0.297,0.374,0.424,0.44,0.409,0.334,0.361,0.333,0.335,0.324,0.363,0.336,0.434,0.469,0.491,0.445,0.32,0.335,0.312
268,6,1,12.1,1.2,0.25,0.8,0.478,0.451,0.461,0.477,0.428,0.494,0.697,0.682,0.693,0.68,0.564,0.56,0.608,0.532,0.569,0.583,0.574,0.764,0.78,0.742,0.716,0.543,0.511,0.541
269,7,1,10.1,4.1,0.73,0.53,0.403,0.458,0.418,0.446,0.446,0.41,0.655,0.653,0.655,0.68,0.526,0.535,0.538,0.506,0.529,0.554,0.549,0.757,0.691,0.727,0.712,0.519,0.477,0.455
270,1,0,8.4,0.4,0.8,0.76,0.475,0.44,0.468,0.48,0.502,0.443,0.681,0.675,0.682,0.671,0.593,0.555,0.568,0.522,0.534,0.535,0.581,0.705,0.711,0.726,0.707,0.508,0.508,0.478
271,2,0,12.4,0.3,0.1,0.86,0.314,0.291,0.31,0.281,0.265,0.276,0.427,0.435,0.42,0.415,0.368,0.344,0.366,0.365,0.352,0.359,0.369,0.477,0.473,0.482,0.47,0.333,0.318,0.338
272,3,0,12.2,0.9,0.58,0.69,0.337,0.332,0.255,0.295,0.337,0.3,0.476,0.489,0.485,0.474,0.393,0.392,0.42,0.385,0.427,0.424,0.415,0.516,0.545,0.526,0.533,0.386,0.348,0.428
273,4,0,15.6,0.2,0.52,0.71,0.248,0.231,0.236,0.254,0.235,0.302,0.366,0.36,0.405,0.375,0.287,0.29,0.337,0.29,0.3,0.322,0.323,0.427,0.397,0.405,0.43,0.284,0.283,0.271
274,5,0,9.8,2.3,0.26,0.68,0.455,0.465,0.492,0.474,0.489,0.472,0.706,0.684,0.695,0.724,0.601,0.619,0.591,0.601,0.637,0.601,0.62,0.802,0.775,0.787,0.789,0.564,0.565,0.528
275,6,1,10.3,0.4,0.61,0.69,0.461,0.443,0.439,0.478,0.45,0.448,0.647,0.696,0.698,0.69,0.601,0.547,0.574,0.549,0.508,0.563,0.552,0.714,0.727,0.692,0.71,0.529,0.5,0.521
276,7,1,10.7,1.2,0.39,0.62,0.265,0.264,0.253,0.284,0.238,0.243,0.351,0.384,0.356,0.388,0.338,0.274,0.346,0.315,0.324,0.309,0.326,0.4,0.408,0.466,0.434,0.278,0.297,0.259
277,1,0,8.8,1.0,0.35,0.75,0.46,0.43,0.403,0.422,0.402,0.423,0.618,0.648,0.612,0.66,0.495,0.508,0.554,0.524,0.525,0.549,0.564,0.644,0.691,0.668,0.688,0.471,0.479,0.464
278,2,0,8.3,0.4,0.38,0.87,0.403,0.44,0.453,0.458,0.444,0.43,0.632,0.691,0.645,0.672,0.573,0.577,0.571,0.572,0.566,0.547,0.5,0.718,0.728,0.713,0.736,0.519,0.541,0.51
279,3,0,6.2,2.4,0.77,0.62,0.356,0.365,0.312,0.369,0.375,0.369,0.54,0.523,0.492,0.535,0.475,0.46,0.43,0.459,0.43,0.451,0.402,0.598,0.6,0.585,0.562,0.412,0.401,0.431
280,4,0,13.2,1.2,0.21,0.83,0.433,0.455,0.424,0.448,0.477,0.491,0.685,0.684,0.684,0.664,0.594,0.562,0.514,0.547,0.58,0.576,0.585,0.676,0.744,0.728,0.727,0.51,0.496,0.501
281,5,0,8.1,0.2,0.48,0.48,0.294,0.298,0.317,0.284,0.273,0.284,0.496,0.446,0.483,0.46,0.396,0.379,0.356,0.366,0.403,0.37,0.41,0.487,0.484,0.496,0.486,0.372,0.33,0.358
282,6,1,3.5,0.2,0.22,0.57,0.235,0.232,0.225,0.224,0.281,0.283,0.424,0.354,0.392,0.345,0.292,0.316,0.347,0.288,0.312,0.33,0.264,0.407,0.429,0.406,0.385,0.304,0.27,0.294
283,7,1,7.5,1.5,0.49,0.61,0.442,0.43,0.432,0.4,0.434,0.437,0.664,0.625,0.633,0.641,0.52,0.536,0.524,0.535,0.499,0.524,0.542,0.701,0.702,0.722,0.717,0.46,0.449,0.477
284,1,0,6.2,0.2,0.17,0.84,0.371,0.398,0.386,0.36,0.351,0.37,0.53,0.57,0.531,0.538,0.462,0.453,0.467,0.468,0.452,0.505,0.482,0.61,0.632,0.652,0.601,0.417,0.4,0.427
285,2,0,8.4,1.6,0.32,0.85,0.452,0.475,0.478,0.48,0.476,0.475,0.709,0.682,0.727,0.735,0.617,0.593,0.576,0.578,0.581,0.603,0.598,0.729,0.747,0.741,0.789,0.554,0.549,0.55
286,3,0,6.9,0.9,0.62,0.69,0.402,0.4,0.406,0.4,0.397,0.401,0.633,0.592,0.632,0.629,0.536,0.504,0.501,0.52,0.488,0.508,0.527,0.671,0.672,0.65,0.666,0.415,0.472,0.43
287,4,0,6.4,0.1,0.37,0.73,0.239,0.239,0.212,0.238,0.248,0.232,0.379,0.334,0.367,0.35,0.283,0.298,0.309,0.311,0.296,0.32,0.323,0.359,0.412,0.371,0.386,0.303,0.279,0.258
288,5,0,7.3,0.7,0.9,0.74,0.4,0.405,0.357,0.4,0.367,0.334,0.518,0.54,0.59,0.531,0.44,0.464,0.485,0.501,0.502,0.454,0.471,0.615,0.621,0.59,0.597,0.423,0.413,0.406
289,6,1,6.6,1.2,0.79,0.71,0.49,0.483,0.474,0.462,0.47,0.488,0.739,0.712,0.698,0.741,0.583,0.582,0.601,0.585,0.6,0.58,0.588,0.773,0.788,0.75,0.804,0.548,0.543,0.528
290,7,1,7.2,2.1,0.11,0.75,0.299,0.304,0.315,0.319,0.328,0.287,0.447,0.474,0.438,0.495,0.397,0.396,0.383,0.385,0.392,0.353,0.407,0.568,0.482,0.488,0.494,0.337,0.378,0.344
291,1,0,6.3,0.1,0.57,0.88,0.322,0.319,0.378,0.348,0.293,0.336,0.513,0.489,0.539,0.49,0.438,0.401,0.411,0.477,0.472,0.419,0.411,0.546,0.549,0.551,0.547,0.374,0.353,0.381
292,2,0,7.5,0.5,0.44,0.69,0.369,0.338,0.336,0.345,0.362,0.381,0.503,0.522,0.54,0.553,0.464,0.416,0.426,0.433,0.472,0.405,0.402,0.595,0.591,0.608,0.535,0.352,0.386,0.422
293,3,0,9.6,1.7,0.58,0.78,0.254,0.28,0.301,0.299,0.262,0.313,0.411,0.434,0.43,0.437,0.348,0.393,0.331,0.368,0.364,0.38,0.348,0.462,0.468,0.459,0.407,0.305,0.314,0.332
294,4,0,5.5,1.0,0.66,0.72,0.359,0.397,0.405,0.372,0.426,0.38,0.619,0.583,0.595,0.593,0.486,0.497,0.494,0.499,0.505,0.475,0.513,0.638,0.643,0.661,0.671,0.456,0.473,0.443
295,5,0,4.2,0.5,0.27,0.7,0.317,0.338,0.364,0.297,0.332,0.362,0.494,0.465,0.494,0.495,0.435,0.441,0.403,0.418,0.437,0.41,0.441,0.514,0.533,0.532,0.572,0.378,0.361,0.354
296,6,1,8.1,0.0,0.45,0.65,0.381,0.37,0.367,0.375,0.366,0.372,0.609,0.594,0.579,0.564,0.464,0.494,0.498,0.486,0.454,0.479,0.513,0.61,0.613,0.626,0.606,0.413,0.411,0.419
297,7,1,1.2,0.3,0.87,0.58,0.306,0.26,0.254,0.285,0.282,0.284,0.433,0.403,0.406,0.444,0.328,0.385,0.357,0.384,0.366,0.37,0.371,0.45,0.473,0.462,0.471,0.328,0.329,0.312
298,1,0,7.0,0.1,0.3,0.7,0.357,0.398,0.405,0.381,0.391,0.393,0.527,0.566,0.574,0.548,0.455,0.483,0.442,0.428,0.435,0.452,0.455,0.618,0.606,0.613,0.63,0.366,0.426,0.396
299,2,0,7.9,1.7,0.21,0.76,0.427,0.474,0.428,0.426,0.486,0.406,0.662,0.666,0.654,0.622,0.521,0.537,0.564,0.567,0.537,0.524,0.52,0.69,0.7,0.686,0.717,0.49,0.482,0.473
300,3,0,4.1,0.1,0.27,0.56,0.294,0.24,0.264,0.275,0.239,0.228,0.372,0.422,0.367,0.37,0.325,0.307,0.302,0.339,0.286,0.261,0.343,0.382,0.408,0.382,0.419,0.236,0.289,0.267
301,4,0,5.4,0.5,0.3,0.64,0.419,0.41,0.424,0.467,0.409,0.413,0.612,0.656,0.646,0.631,0.529,0.535,0.541,0.565,0.523,0.55,0.53,0.667,0.659,0.713,0.666,0.513,0.472,0.469
302,5,0,7.6,1.2,0.28,0.65,0.444,0.443,0.465,0.467,0.441,0.469,0.688,0.676,0.641,0.694,0.571,0.573,0.576,0.587,0.538,0.549,0.588,0.739,0.73,0.743,0.74,0.481,0.503,0.503
303,6,1,5.4,0.0,0.58,0.6,0.416,0.465,0.425,0.423,0.457,0.419,0.654,0.658,0.615,0.642,0.557,0.51,0.529,0.525,0.532,0.511,0.514,0.669,0.682,0.699,0.725,0.479,0.514,0.525
304,7,1,2.7,0.1,0.24,0.63,0.355,0.356,0.346,0.332,0.322,0.361,0.528,0.533,0.534,0.54,0.435,0.455,0.481,0.513,0.449,0.436,0.44,0.597,0.622,0.598,0.581,0.407,0.378,0.408
305,1,0,7.5,0.0,0.41,0.71,0.254,0.257,0.266,0.287,0.291,0.238,0.383,0.411,0.388,0.397,0.301,0.311,0.347,0.319,0.309,0.32,0.369,0.425,0.427,0.413,0.432,0.293,0.276,0.297
306,2,0,6.2,0.1,0.36,0.97,0.451,0.429,0.433,0.435,0.47,0.439,0.689,0.641,0.646,0.665,0.528,0.557,0.541,0.51,0.551,0.558,0.533,0.732,0.729,0.708,0.696,0.472,0.46,0.519
307,3,0,1.9,0.7,0.82,0.65,0.307,0.374,0.305,0.326,0.331,0.327,0.511,0.454,0.47,0.5,0.383,0.401,0.431,0.396,0.412,0.422,0.403,0.55,0.527,0.526,0.505,0.389,0.376,0.378
308,4,0,4.0,2.6,0.5,0.78,0.342,0.328,0.337,0.367,0.305,0.312,0.48,0.513,0.519,0.494,0.435,0.424,0.416,0.383,0.415,0.407,0.424,0.52,0.548,0.554,0.508,0.367,0.359,0.358
309,5,0,4.6,0.2,0.46,0.74,0.336,0.316,0.326,0.298,0.323,0.283,0.467,0.451,0.494,0.48,0.365,0.402,0.383,0.399,0.374,0.367,0.396,0.532,0.53,0.507,0.525,0.35,0.35,0.355
310,6,1,2.1,0.1,0.49,0.6,0.393,0.401,0.394,0.418,0.427,0.436,0.641,0.651,0.621,0.595,0.53,0.489,0.529,0.497,0.568,0.506,0.512,0.666,0.665,0.618,0.693,0.471,0.448,0.475
311,7,1,0.9,1.0,0.27,0.83,0.243,0.24,0.262,0.249,0.228,0.224,0.366,0.379,0.374,0.32,0.31,0.318,0.3,0.317,0.305,0.31,0.311,0.406,0.398,0.432,0.385,0.262,0.281,0.285
312,1,0,5.0,0.8,0.42,0.72,0.286,0.283,0.269,0.319,0.297,0.283,0.448,0.475,0.47,0.454,0.376,0.356,0.37,0.375,0.34,0.391,0.362,0.489,0.46,0.507,0.456,0.374,0.342,0.372
313,2,0,3.2,0.8,0.56,0.76,0.37,0.36,0.342,0.332,0.35,0.369,0.53,0.539,0.518,0.518,0.471,0.412,0.483,0.416,0.478,0.429,0.435,0.595,0.627,0.556,0.544,0.37,0.401,0.379
314,3,0,3.3,0.5,0.51,0.72,0.252,0.272,0.268,0.297,0.239,0.228,0.397,0.398,0.427,0.397,0.337,0.343,0.302,0.31,0.327,0.308,0.343,0.405,0.434,0.399,0.417,0.289,0.285,0.313
315,4,0,5.7,0.3,0.56,0.57,0.317,0.326,0.298,0.329,0.307,0.324,0.473,0.504,0.483,0.478,0.411,0.394,0.4,0.343,0.411,0.402,0.397,0.522,0.538,0.491,0.512,0.357,0.375,0.371
316,5,0,2.8,0.6,0.4,0.66,0.296,0.292,0.292,0.312,0.291,0.291,0.403,0.451,0.449,0.445,0.392,0.379,0.382,0.359,0.376,0.38,0.354,0.477,0.475,0.49,0.492,0.331,0.358,0.335
317,6,1,6.9,1.4,0.5,0.87,0.299,0.291,0.325,0.369,0.284,0.34,0.49,0.493,0.502,0.499,0.409,0.45,0.37,0.435,0.401,0.441,0.434,0.523,0.513,0.521,0.532,0.341,0.37,0.389
318,7,1,3.4,0.0,0.15,0.7,0.353,0.325,0.341,0.341,0.378,0.378,0.541,0.522,0.539,0.523,0.447,0.427,0.452,0.426,0.435,0.417,0.448,0.558,0.6,0.567,0.565,0.417,0.372,0.404
319,1,0,8.0,0.1,0.6,0.91,0.475,0.471,0.488,0.448,0.496,0.47,0.708,0.727,0.736,0.733,0.586,0.593,0.585,0.615,0.583,0.576,0.57,0.773,0.789,0.812,0.747,0.521,0.527,0.491
320,2,0,0.6,0.7,0.83,0.63,0.269,0.256,0.249,0.231,0.258,0.215,0.373,0.405,0.362,0.379,0.307,0.339,0.337,0.332,0.325,0.306,0.314,0.38,0.401,0.404,0.405,0.272,0.281,0.289
321,3,0,3.1,2.1,0.45,0.61,0.26,0.276,0.28,0.259,0.251,0.289,0.41,0.409,0.422,0.436,0.345,0.351,0.388,0.316,0.357,0.361,0.315,0.452,0.422,0.408,0.454,0.328,0.267,0.264
322,4,0,3.4,1.4,0.89,0.48,0.3,0.291,0.295,0.323,0.275,0.305,0.44,0.398,0.445,0.447,0.34,0.374,0.394,0.389,0.344,0.364,0.379,0.473,0.462,0.495,0.466,0.327,0.318,0.356
323,5,0,1.9,0.3,0.44,0.63,0.43,0.432,0.421,0.397,0.421,0.438,0.692,0.627,0.66,0.654,0.549,0.515,0.565,0.557,0.544,0.534,0.544,0.671,0.68,0.722,0.678,0.469,0.49,0.519
324,6,1,2.0,1.3,0.74,0.72,0.273,0.308,0.301,0.32,0.315,0.298,0.495,0.483,0.477,0.492,0.348,0.35,0.422,0.395,0.385,0.399,0.386,0.475,0.568,0.511,0.528,0.345,0.363,0.364
325,7,1,0.4,0.1,0.56,0.64,0.465,0.452,0.485,0.491,0.453,0.455,0.689,0.723,0.691,0.716,0.586,0.597,0.635,0.608,0.584,0.594,0.629,0.716,0.727,0.799,0.732,0.564,0.535,0.527
326,1,0,0.6,1.8,0.84,0.78,0.409,0.409,0.411,0.438,0.45,0.409,0.646,0.633,0.637,0.663,0.517,0.538,0.527,0.56,0.534,0.536,0.545,0.693,0.708,0.685,0.704,0.467,0.466,0.45
327,2,0,2.3,1.2,0.44,0.76,0.508,0.482,0.433,0.423,0.458,0.458,0.667,0.682,0.727,0.709,0.57,0.58,0.626,0.594,0.588,0.557,0.587,0.77,0.773,0.788,0.784,0.511,0.523,0.552
328,3,0,1.5,0.7,0.65,0.61,0.384,0.341,0.432,0.351,0.354,0.365,0.559,0.558,0.567,0.574,0.435,0.496,0.494,0.446,0.441,0.478,0.473,0.59,0.632,0.643,0.598,0.44,0.396,0.438
329,4,0,2.2,0.5,0.76,0.86,0.246,0.246,0.232,0.249,0.258,0.277,0.358,0.354,0.352,0.405,0.324,0.347,0.303,0.316,0.29,0.318,0.298,0.399,0.408,0.42,0.427,0.301,0.265,0.302
330,5,0,-4.1,0.4,0.5,0.71,0.328,0.273,0.294,0.271,0.268,0.31,0.428,0.436,0.446,0.447,0.422,0.37,0.355,0.411,0.369,0.336,0.406,0.479,0.481,0.456,0.476,0.321,0.34,0.295
331,6,1,2.2,2.2,0.27,0.68,0.431,0.391,0.463,0.427,0.38,0.45,0.642,0.657,0.617,0.665,0.536,0.556,0.53,0.542,0.54,0.551,0.568,0.66,0.69,0.706,0.708,0.48,0.479,0.507
332,7,1,-1.9,0.3,0.18,0.76,0.439,0.425,0.433,0.431,0.424,0.44,0.613,0.654,0.633,0.632,0.564,0.543,0.525,0.558,0.533,0.535,0.51,0.666,0.705,0.705,0.726,0.508,0.48,0.481
333,1,0,0.4,0.8,0.63,0.79,0.219,0.231,0.272,0.25,0.234,0.261,0.354,0.385,0.369,0.369,0.31,0.301,0.298,0.332,0.315,0.315,0.309,0.413,0.381,0.446,0.447,0.293,0.261,0.294
334,2,0,-0.3,1.2,0.54,0.78,0.349,0.333,0.33,0.35,0.362,0.341,0.492,0.522,0.528,0.518,0.395,0.399,0.436,0.444,0.408,0.427,0.435,0.552,0.543,0.565,0.544,0.379,0.389,0.375
335,3,0,0.8,2.8,0.61,0.78,0.439,0.46,0.411,0.458,0.436,0.452,0.623,0.626,0.658,0.673,0.534,0.578,0.538,0.56,0.549,0.533,0.544,0.708,0.673,0.703,0.706,0.51,0.499,0.5
336,4,0,2.9,4.0,0.15,0.59,0.266,0.284,0.251,0.272,0.245,0.263,0.405,0.439,0.407,0.413,0.33,0.36,0.347,0.317,0.351,0.325,0.353,0.468,0.463,0.422,0.455,0.302,0.326,0.295
337,5,0,0.7,2.0,0.36,0.42,0.384,0.342,0.354,0.378,0.373,0.39,0.534,0.513,0.532,0.56,0.491,0.463,0.463,0.458,0.45,0.48,0.451,0.584,0.596,0.6,0.593,0.398,0.426,0.415
338,6,1,1.6,3.1,0.61,0.55,0.356,0.348,0.299,0.368,0.36,0.348,0.476,0.524,0.496,0.484,0.407,0.405,0.435,0.437,0.444,0.45,0.414,0.597,0.582,0.545,0.546,0.367,0.374,0.365
339,7,1,4.2,0.2,0.42,0.76,0.255,0.263,0.232,0.244,0.269,0.261,0.391,0.396,0.395,0.415,0.309,0.328,0.295,0.322,0.317,0.313,0.346,0.416,0.396,0.396,0.42,0.29,0.294,0.303
340,1,0,-0.1,0.9,0.59,0.64,0.309,0.315,0.349,0.302,0.313,0.308,0.487,0.461,0.437,0.461,0.363,0.418,0.395,0.38,0.396,0.413,0.42,0.54,0.542,0.521,0.498,0.321,0.307,0.322
341,2,0,-0.4,0.6,0.51,0.79,0.384,0.413,0.378,0.399,0.393,0.392,0.607,0.604,0.553,0.595,0.467,0.489,0.454,0.467,0.466,0.472,0.489,0.623,0.618,0.618,0.637,0.429,0.453,0.464
342,3,0,-5.7,0.6,0.48,0.74,0.465,0.43,0.431,0.428,0.443,0.426,0.676,0.637,0.688,0.665,0.542,0.553,0.547,0.487,0.538,0.552,0.524,0.701,0.7,0.664,0.691,0.458,0.457,0.504
343,4,0,-1.0,0.4,0.63,0.77,0.456,0.441,0.475,0.451,0.488,0.439,0.681,0.667,0.649,0.695,0.548,0.585,0.564,0.56,0.574,0.563,0.561,0.745,0.735,0.697,0.742,0.496,0.528,0.488
344,5,0,0.6,0.4,0.84,0.72,0.271,0.293,0.321,0.327,0.326,0.313,0.42,0.464,0.472,0.42,0.385,0.376,0.428,0.375,0.379,0.392,0.359,0.532,0.473,0.492,0.497,0.349,0.372,0.346
345,6,1,1.1,2.5,0.45,0.72,0.498,0.476,0.492,0.441,0.498,0.49,0.744,0.714,0.691,0.749,0.6,0.603,0.599,0.599,0.595,0.602,0.616,0.78,0.769,0.779,0.74,0.552,0.502,0.555
346,7,1,-1.3,0.2,0.59,0.73,0.422,0.428,0.441,0.426,0.353,0.429,0.629,0.605,0.667,0.636,0.538,0.522,0.508,0.513,0.532,0.538,0.518,0.701,0.666,0.71,0.662,0.487,0.488,0.464
347,1,0,2.1,1.3,0.87,0.89,0.305,0.306,0.325,0.295,0.277,0.312,0.44,0.486,0.48,0.428,0.363,0.353,0.388,0.355,0.366,0.361,0.393,0.499,0.487,0.487,0.462,0.298,0.351,0.335
348,2,0,2.6,2.3,0.67,0.61,0.337,0.361,0.297,0.308,0.347,0.326,0.52,0.489,0.541,0.479,0.432,0.456,0.444,0.446,0.413,0.388,0.408,0.556,0.561,0.546,0.534,0.401,0.393,0.394
349,3,0,3.0,1.1,0.4,0.75,0.501,0.49,0.5,0.476,0.47,0.44,0.645,0.677,0.667,0.701,0.618,0.536,0.591,0.587,0.546,0.567,0.577,0.704,0.787,0.764,0.706,0.535,0.481,0.512
350,4,0,2.3,1.5,0.67,0.91,0.472,0.478,0.49,0.481,0.481,0.473,0.699,0.698,0.698,0.747,0.595,0.561,0.581,0.568,0.569,0.624,0.599,0.713,0.788,0.831,0.78,0.498,0.521,0.577
351,5,0,1.2,0.8,0.61,0.85,0.417,0.431,0.427,0.438,0.38,0.442,0.607,0.619,0.628,0.608,0.526,0.509,0.533,0.515,0.533,0.509,0.547,0.676,0.688,0.665,0.652,0.456,0.453,0.452
352,6,1,0.5,0.5,0.36,0.78,0.422,0.397,0.414,0.422,0.405,0.417,0.612,0.621,0.646,0.664,0.537,0.526,0.53,0.534,0.526,0.531,0.505,0.671,0.689,0.652,0.648,0.508,0.49,0.486
353,7,1,2.8,0.1,0.34,0.8,0.428,0.438,0.45,0.427,0.42,0.423,0.678,0.673,0.647,0.661,0.592,0.548,0.545,0.569,0.537,0.556,0.539,0.755,0.776,0.697,0.719,0.545,0.515,0.47
354,1,0,0.4,0.1,0.57,0.72,0.369,0.375,0.34,0.373,0.372,0.363,0.579,0.559,0.541,0.608,0.462,0.465,0.465,0.483,0.466,0.426,0.507,0.606,0.616,0.597,0.625,0.423,0.382,0.448
355,2,0,3.3,0.8,0.24,0.62,0.283,0.277,0.277,0.297,0.334,0.265,0.483,0.462,0.462,0.478,0.402,0.383,0.379,0.378,0.403,0.383,0.372,0.512,0.51,0.527,0.51,0.366,0.342,0.325
356,3,0,1.8,3.1,0.63,0.81,0.313,0.36,0.323,0.328,0.381,0.323,0.504,0.501,0.523,0.539,0.416,0.381,0.42,0.436,0.449,0.409,0.456,0.552,0.538,0.536,0.573,0.41,0.386,0.366
357,4,0,-0.6,1.3,0.35,0.82,0.358,0.352,0.379,0.411,0.387,0.396,0.57,0.541,0.525,0.571,0.443,0.454,0.456,0.462,0.45,0.418,0.441,0.645,0.604,0.609,0.602,0.41,0.397,0.426
358,5,0,0.9,1.9,0.59,0.8,0.354,0.319,0.324,0.328,0.3,0.302,0.477,0.502,0.508,0.503,0.379,0.416,0.412,0.421,0.398,0.43,0.441,0.55,0.545,0.546,0.532,0.388,0.398,0.37
359,6,1,0.6,0.0,0.94,0.53,0.36,0.344,0.403,0.352,0.38,0.332,0.545,0.545,0.528,0.558,0.437,0.469,0.499,0.44,0.448,0.485,0.457,0.623,0.593,0.578,0.604,0.4,0.442,0.425
360,7,1,-4.2,0.8,0.84,0.82,0.26,0.245,0.254,0.234,0.253,0.256,0.353,0.358,0.372,0.37,0.337,0.311,0.286,0.355,0.358,0.32,0.329,0.419,0.417,0.389,0.397,0.29,0.282,0.29
361,1,0,-0.1,0.5,0.53,0.55,0.354,0.307,0.358,0.364,0.333,0.331,0.508,0.506,0.516,0.507,0.417,0.41,0.443,0.416,0.404,0.391,0.462,0.543,0.566,0.53,0.539,0.369,0.368,0.352
362,2,0,2.1,0.2,0.37,0.62,0.384,0.351,0.367,0.351,0.36,0.363,0.555,0.561,0.571,0.573,0.442,0.452,0.464,0.433,0.485,0.477,0.497,0.595,0.615,0.593,0.61,0.434,0.403,0.407
363,3,0,-2.5,0.1,0.56,0.83,0.446,0.456,0.465,0.479,0.514,0.492,0.689,0.754,0.73,0.737,0.617,0.605,0.596,0.583,0.602,0.599,0.634,0.771,0.779,0.761,0.769,0.528,0.521,0.539
364,4,0,-0.6,1.1,0.75,0.66,0.263,0.255,0.266,0.275,0.295,0.236,0.443,0.439,0.396,0.443,0.332,0.344,0.383,0.335,0.375,0.32,0.354,0.435,0.449,0.489,0.458,0.312,0.31,0.298
365,5,0,-1.6,1.7,0.53,0.87,0.442,0.424,0.442,0.469,0.443,0.475,0.676,0.696,0.663,0.663,0.544,0.544,0.594,0.56,0.567,0.577,0.51,0.74,0.713,0.727,0.739,0.502,0.552,0.505
366,6,1,2.1,1.2,0.66,0.71,0.328,0.302,0.328,0.319,0.345,0.342,0.485,0.472,0.504,0.454,0.368,0.404,0.389,0.406,0.437,0.388,0.375,0.516,0.546,0.521,0.521,0.372,0.35,0.34
1,7,1,-1.2,0.5,0.49,0.7,0.47,0.421,0.429,0.479,0.43,0.417,0.681,0.658,0.693,0.663,0.563,0.543,0.571,0.589,0.55,0.519,0.515,0.717,0.72,0.726,0.758,0.508,0.498,0.48
2,1,0,-1.1,1.4,0.43,0.84,0.261,0.282,0.307,0.281,0.264,0.249,0.428,0.409,0.393,0.405,0.357,0.348,0.334,0.336,0.337,0.325,0.31,0.433,0.445,0.452,0.449,0.279,0.311,0.31
3,2,0,-1.8,1.1,0.78,0.74,0.345,0.346,0.351,0.341,0.357,0.36,0.491,0.529,0.525,0.514,0.464,0.421,0.363,0.438,0.476,0.425,0.443,0.575,0.58,0.592,0.584,0.41,0.393,0.4
4,3,0,0.1,6.0,0.85,0.72,0.322,0.306,0.294,0.306,0.289,0.298,0.423,0.413,0.427,0.443,0.367,0.346,0.342,0.353,0.34,0.355,0.357,0.459,0.445,0.448,0.457,0.343,0.318,0.307
5,4,0,-2.4,0.6,0.66,0.78,0.464,0.48,0.448,0.471,0.456,0.456,0.714,0.702,0.734,0.723,0.57,0.583,0.592,0.572,0.588,0.58,0.571,0.781,0.761,0.754,0.77,0.526,0.539,0.54
6,5,0,1.1,0.5,0.55,0.62,0.35,0.387,0.396,0.383,0.405,0.4,0.583,0.603,0.56,0.566,0.481,0.462,0.513,0.471,0.484,0.422,0.502,0.668,0.649,0.632,0.595,0.447,0.404,0.402
7,6,1,0.1,0.7,0.67,0.59,0.469,0.437,0.469,0.473,0.476,0.484,0.731,0.702,0.719,0.707,0.63,0.59,0.61,0.611,0.583,0.588,0.597,0.793,0.745,0.795,0.788,0.559,0.547,0.533
8,7,1,2.6,1.8,0.44,0.78,0.314,0.351,0.345,0.336,0.316,0.312,0.494,0.498,0.461,0.48,0.408,0.391,0.387,0.391,0.39,0.397,0.406,0.539,0.515,0.502,0.52,0.355,0.329,0.351
9,1,0,1.4,0.7,0.88,0.64,0.242,0.314,0.281,0.233,0.277,0.271,0.418,0.464,0.382,0.413,0.356,0.34,0.333,0.374,0.335,0.337,0.377,0.429,0.437,0.427,0.407,0.317,0.296,0.317
10,2,0,-1.9,1.2,0.42,0.72,0.254,0.23,0.262,0.23,0.262,0.225,0.372,0.374,0.366,0.379,0.321,0.322,0.294,0.29,0.342,0.328,0.327,0.413,0.381,0.395,0.437,0.269,0.318,0.306
11,3,0,-1.5,0.2,0.16,0.51,0.421,0.419,0.437,0.378,0.417,0.438,0.614,0.567,0.618,0.59,0.547,0.552,0.529,0.493,0.541,0.516,0.497,0.64,0.671,0.648,0.69,0.422,0.481,0.466
12,4,0,3.1,1.9,0.94,0.71,0.381,0.369,0.375,0.362,0.399,0.378,0.557,0.554,0.578,0.563,0.427,0.497,0.501,0.464,0.463,0.441,0.47,0.608,0.593,0.593,0.602,0.415,0.399,0.448
13,5,0,-1.7,1.3,0.81,0.62,0.455,0.5,0.462,0.422,0.466,0.46,0.688,0.647,0.693,0.639,0.588,0.58,0.58,0.532,0.581,0.58,0.59,0.69,0.787,0.772,0.767,0.507,0.521,0.544
14,6,1,0.5,0.1,0.36,0.74,0.352,0.325,0.341,0.35,0.316,0.363,0.467,0.493,0.495,0.473,0.418,0.443,0.442,0.43,0.418,0.418,0.366,0.511,0.525,0.552,0.527,0.413,0.358,0.364
15,7,1,1.5,0.2,0.41,0.63,0.281,0.316,0.286,0.299,0.28,0.276,0.442,0.418,0.452,0.447,0.392,0.356,0.348,0.354,0.358,0.357,0.361,0.494,0.527,0.457,0.478,0.348,0.352,0.312
16,1,0,1.6,1.1,0.69,0.93,0.308,0.34,0.326,0.314,0.397,0.36,0.537,0.484,0.533,0.516,0.471,0.418,0.458,0.423,0.44,0.442,0.438,0.526,0.551,0.523,0.585,0.393,0.406,0.406
17,2,0,-1.0,0.5,0.3,0.62,0.342,0.324,0.299,0.312,0.31,0.305,0.458,0.459,0.471,0.493,0.402,0.405,0.369,0.4,0.389,0.381,0.357,0.535,0.493,0.48,0.465,0.375,0.348,0.358
18,3,0,-2.2,2.1,0.19,0.69,0.459,0.434,0.438,0.447,0.426,0.433,0.649,0.707,0.672,0.66,0.575,0.578,0.511,0.566,0.53,0.572,0.558,0.698,0.735,0.743,0.73,0.492,0.48,0.518
19,4,0,-0.7,4.7,0.73,0.76,0.316,0.305,0.314,0.312,0.321,0.321,0.485,0.47,0.491,0.485,0.422,0.429,0.374,0.399,0.406,0.388,0.404,0.507,0.517,0.54,0.508,0.369,0.361,0.336
20,5,0,-0.7,0.2,0.7,0.7,0.372,0.362,0.338,0.303,0.319,0.352,0.498,0.513,0.494,0.529,0.412,0.463,0.413,0.431,0.399,0.425,0.418,0.535,0.566,0.57,0.544,0.376,0.398,0.366
21,6,1,-3.7,0.2,0.7,0.81,0.466,0.492,0.466,0.494,0.462,0.453,0.721,0.709,0.724,0.706,0.593,0.602,0.604,0.585,0.562,0.586,0.594,0.746,0.77,0.775,0.764,0.543,0.538,0.519
22,7,1,-0.9,2.7,0.15,0.7,0.42,0.373,0.378,0.364,0.398,0.407,0.569,0.558,0.598,0.546,0.465,0.496,0.501,0.5,0.521,0.487,0.482,0.65,0.633,0.62,0.599,0.43,0.41,0.423
23,1,0,2.1,2.6,0.64,0.67,0.401,0.417,0.436,0.436,0.404,0.444,0.68,0.633,0.643,0.673,0.54,0.531,0.539,0.536,0.527,0.564,0.532,0.693,0.685,0.695,0.701,0.509,0.491,0.486
24,2,0,2.3,0.0,0.7,0.79,0.265,0.253,0.267,0.224,0.231,0.266,0.367,0.374,0.365,0.392,0.324,0.304,0.326,0.359,0.289,0.317,0.291,0.409,0.428,0.396,0.406,0.303,0.253,0.271
25,3,0,-2.1,0.8,0.6,0.56,0.446,0.439,0.458,0.458,0.472,0.445,0.695,0.656,0.694,0.717,0.563,0.554,0.559,0.535,0.569,0.621,0.602,0.737,0.712,0.722,0.708,0.518,0.471,0.485
26,4,0,-1.1,0.1,0.46,0.62,0.406,0.412,0.405,0.39,0.417,0.436,0.605,0.593,0.592,0.565,0.504,0.493,0.463,0.475,0.512,0.484,0.491,0.687,0.653,0.67,0.646,0.464,0.439,0.453
27,5,0,0.6,1.1,0.47,0.67,0.472,0.479,0.449,0.471,0.497,0.479,0.694,0.7,0.698,0.701,0.59,0.584,0.584,0.606,0.58,0.539,0.602,0.749,0.743,0.76,0.786,0.517,0.515,0.5
28,6,1,-1.0,0.0,0.69,0.85,0.344,0.354,0.31,0.328,0.331,0.326,0.578,0.531,0.523,0.516,0.44,0.421,0.422,0.44,0.432,0.452,0.417,0.545,0.563,0.547,0.55,0.409,0.394,0.354
29,7,1,0.6,3.8,0.15,0.53,0.257,0.261,0.257,0.247,0.26,0.266,0.337,0.38,0.396,0.384,0.297,0.334,0.313,0.299,0.314,0.323,0.317,0.408,0.402,0.454,0.435,0.27,0.296,0.291
30,1,0,4.5,2.2,0.73,0.65,0.382,0.432,0.417,0.384,0.39,0.37,0.588,0.588,0.57,0.577,0.501,0.518,0.49,0.518,0.507,0.526,0.526,0.611,0.624,0.626,0.615,0.445,0.479,0.477
31,2,0,-2.2,0.7,0.27,0.68,0.383,0.357,0.343,0.358,0.369,0.397,0.575,0.583,0.567,0.532,0.501,0.453,0.481,0.448,0.45,0.444,0.474,0.612,0.578,0.568,0.589,0.39,0.427,0.399
32,3,0,1.5,0.3,0.58,0.66,0.331,0.311,0.324,0.302,0.285,0.316,0.474,0.447,0.492,0.421,0.395,0.39,0.38,0.4,0.415,0.378,0.36,0.521,0.535,0.495,0.475,0.365,0.368,0.367
33,4,0,4.3,0.6,0.28,0.55,0.409,0.427,0.44,0.387,0.413,0.397,0.6,0.622,0.606,0.59,0.498,0.505,0.528,0.515,0.511,0.537,0.496,0.643,0.669,0.669,0.686,0.437,0.475,0.485
34,5,0,0.5,0.2,0.2,0.73,0.263,0.284,0.243,0.28,0.284,0.243,0.406,0.405,0.437,0.403,0.347,0.316,0.307,0.299,0.353,0.317,0.327,0.4,0.461,0.43,0.433,0.252,0.299,0.301
35,6,1,1.5,0.3,0.27,0.69,0.389,0.415,0.4,0.429,0.404,0.352,0.563,0.595,0.614,0.559,0.488,0.455,0.488,0.454,0.458,0.496,0.505,0.641,0.642,0.627,0.644,0.456,0.423,0.501
36,7,1,0.4,0.4,0.43,0.49,0.283,0.326,0.293,0.24,0.271,0.262,0.429,0.412,0.465,0.415,0.343,0.38,0.361,0.379,0.322,0.364,0.369,0.464,0.444,0.439,0.441,0.303,0.314,0.314
37,1,0,2.9,0.4,0.48,0.81,0.38,0.399,0.353,0.379,0.364,0.404,0.598,0.6,0.589,0.592,0.529,0.487,0.485,0.52,0.499,0.493,0.502,0.61,0.614,0.589,0.666,0.439,0.417,0.484
38,2,0,-3.7,3.2,0.29,0.74,0.362,0.352,0.314,0.306,0.288,0.322,0.499,0.534,0.478,0.483,0.435,0.428,0.411,0.418,0.439,0.41,0.434,0.56,0.523,0.525,0.498,0.402,0.399,0.385
39,3,0,3.2,0.7,0.96,0.74,0.277,0.266,0.27,0.245,0.236,0.271,0.43,0.416,0.403,0.401,0.282,0.295,0.306,0.327,0.35,0.344,0.333,0.431,0.435,0.45,0.455,0.288,0.321,0.31
40,4,0,4.8,1.0,0.75,0.74,0.288,0.309,0.273,0.248,0.264,0.286,0.438,0.441,0.428,0.426,0.335,0.336,0.359,0.348,0.356,0.331,0.372,0.442,0.459,0.455,0.468,0.288,0.303,0.334
41,5,0,5.0,4.2,0.64,0.73,0.331,0.352,0.324,0.352,0.352,0.324,0.504,0.479,0.499,0.502,0.409,0.463,0.422,0.402,0.411,0.439,0.418,0.553,0.547,0.553,0.573,0.4,0.361,0.361
42,6,1,6.6,0.6,0.64,0.8,0.409,0.4,0.402,0.405,0.44,0.38,0.636,0.638,0.637,0.658,0.569,0.524,0.527,0.577,0.495,0.519,0.533,0.706,0.693,0.691,0.686,0.484,0.459,0.455
43,7,1,5.3,0.4,0.39,0.63,0.302,0.277,0.311,0.295,0.296,0.289,0.438,0.434,0.422,0.433,0.337,0.375,0.3,0.405,0.36,0.329,0.36,0.505,0.474,0.464,0.45,0.318,0.32,0.306
44,1,0,-1.3,0.6,0.66,0.65,0.502,0.462,0.48,0.486,0.472,0.464,0.69,0.711,0.71,0.724,0.603,0.617,0.594,0.597,0.603,0.587,0.594,0.793,0.782,0.781,0.774,0.541,0.525,0.52
45,2,0,4.8,2.6,0.42,0.89,0.479,0.46,0.489,0.486,0.481,0.477,0.687,0.688,0.686,0.688,0.558,0.609,0.593,0.569,0.573,0.589,0.602,0.756,0.715,0.755,0.762,0.54,0.516,0.501
46,3,0,1.9,0.3,0.67,0.7,0.268,0.273,0.256,0.255,0.248,0.303,0.401,0.444,0.375,0.448,0.334,0.346,0.336,0.346,0.331,0.346,0.331,0.396,0.489,0.461,0.422,0.283,0.275,0.315
47,4,0,2.1,0.4,0.83,0.8,0.344,0.386,0.334,0.375,0.393,0.368,0.541,0.532,0.511,0.513,0.41,0.418,0.422,0.447,0.449,0.423,0.427,0.536,0.574,0.554,0.575,0.398,0.403,0.385
48,5,0,4.0,0.9,0.46,0.68,0.279,0.303,0.292,0.283,0.315,0.282,0.454,0.435,0.437,0.486,0.397,0.388,0.372,0.366,0.381,0.382,0.386,0.49,0.488,0.531,0.505,0.344,0.357,0.342
49,6,1,3.2,1.5,0.53,0.77,0.298,0.311,0.342,0.308,0.319,0.296,0.507,0.507,0.52,0.485,0.402,0.414,0.417,0.413,0.412,0.386,0.378,0.517,0.507,0.497,0.495,0.334,0.36,0.361
50,7,1,4.2,0.6,0.32,0.7,0.272,0.309,0.326,0.307,0.301,0.306,0.437,0.493,0.462,0.444,0.378,0.421,0.388,0.348,0.404,0.382,0.374,0.508,0.546,0.515,0.505,0.32,0.345,0.324
51,1,0,-0.3,0.5,0.96,0.69,0.249,0.233,0.245,0.239,0.24,0.22,0.349,0.359,0.406,0.379,0.328,0.315,0.336,0.294,0.28,0.313,0.328,0.393,0.414,0.432,0.46,0.265,0.314,0.334
52,2,0,1.8,0.5,0.63,0.59,0.317,0.316,0.304,0.269,0.242,0.323,0.452,0.463,0.442,0.442,0.379,0.416,0.401,0.38,0.342,0.361,0.394,0.481,0.497,0.498,0.489,0.338,0.345,0.328
53,3,0,3.2,0.3,0.8,0.61,0.268,0.28,0.31,0.267,0.268,0.245,0.408,0.411,0.401,0.363,0.355,0.313,0.306,0.371,0.288,0.31,0.339,0.434,0.406,0.414,0.41,0.309,0.311,0.258
54,4,0,6.5,1.2,0.7,0.67,0.4,0.398,0.445,0.421,0.396,0.412,0.631,0.639,0.627,0.619,0.527,0.515,0.504,0.535,0.559,0.542,0.514,0.701,0.666,0.657,0.63,0.453,0.472,0.464
55,5,0,7.7,0.1,0.46,0.67,0.288,0.233,0.285,0.25,0.248,0.283,0.412,0.383,0.369,0.384,0.312,0.285,0.336,0.355,0.342,0.282,0.34,0.379,0.411,0.427,0.43,0.296,0.302,0.303
56,6,1,5.6,0.1,0.5,0.73,0.317,0.307,0.275,0.297,0.264,0.324,0.43,0.469,0.47,0.446,0.414,0.393,0.367,0.369,0.363,0.377,0.38,0.462,0.468,0.484,0.515,0.352,0.378,0.37
57,7,1,2.7,2.3,0.39,0.55,0.41,0.414,0.408,0.424,0.444,0.42,0.62,0.614,0.679,0.652,0.545,0.52,0.549,0.507,0.541,0.513,0.55,0.693,0.701,0.616,0.642,0.446,0.422,0.497
58,1,0,1.6,1.1,0.35,0.59,0.308,0.351,0.305,0.335,0.322,0.334,0.502,0.492,0.529,0.505,0.387,0.387,0.402,0.459,0.419,0.426,0.387,0.566,0.505,0.562,0.551,0.387,0.386,0.378
59,2,0,1.9,0.4,0.03,0.7,0.281,0.271,0.269,0.263,0.265,0.264,0.369,0.408,0.448,0.408,0.321,0.353,0.343,0.316,0.335,0.338,0.3,0.387,0.408,0.395,0.404,0.282,0.295,0.303
60,3,0,2.3,0.0,0.63,0.65,0.299,0.274,0.288,0.321,0.323,0.296,0.459,0.466,0.466,0.448,0.421,0.392,0.415,0.357,0.37,0.411,0.376,0.485,0.515,0.509,0.514,0.344,0.339,0.331
61,4,0,7.0,1.9,0.77,0.75,0.277,0.262,0.248,0.266,0.238,0.242,0.367,0.38,0.367,0.334,0.309,0.347,0.32,0.327,0.324,0.318,0.352,0.409,0.421,0.39,0.424,0.282,0.272,0.294
62,5,0,9.4,3.4,0.67,0.65,0.279,0.282,0.258,0.272,0.283,0.252,0.427,0.409,0.368,0.407,0.317,0.364,0.334,0.348,0.333,0.332,0.333,0.442,0.443,0.473,0.44,0.309,0.321,0.312
63,6,1,3.3,0.0,0.18,0.82,0.362,0.392,0.419,0.391,0.4,0.413,0.613,0.564,0.592,0.583,0.499,0.496,0.482,0.498,0.502,0.465,0.505,0.636,0.649,0.625,0.625,0.433,0.43,0.464
64,7,1,0.4,1.0,0.88,0.73,0.239,0.264,0.254,0.203,0.25,0.26,0.402,0.36,0.363,0.354,0.317,0.288,0.33,0.348,0.314,0.335,0.298,0.414,0.418,0.393,0.374,0.247,0.281,0.249
65,1,0,1.8,2.9,0.59,0.81,0.491,0.464,0.449,0.477,0.501,0.471,0.69,0.675,0.678,0.702,0.56,0.579,0.564,0.583,0.588,0.568,0.572,0.72,0.714,0.718,0.769,0.505,0.527,0.503
66,2,0,8.3,0.1,0.86,0.75,0.238,0.227,0.25,0.256,0.249,0.255,0.369,0.398,0.398,0.399,0.326,0.307,0.336,0.311,0.332,0.317,0.337,0.415,0.434,0.396,0.42,0.299,0.309,0.307
67,3,0,5.0,2.4,0.21,0.64,0.451,0.419,0.423,0.426,0.443,0.427,0.65,0.608,0.575,0.617,0.53,0.528,0.555,0.503,0.51,0.505,0.528,0.707,0.675,0.642,0.7,0.488,0.5,0.469
68,4,0,9.1,1.4,0.45,0.64,0.376,0.377,0.388,0.393,0.431,0.405,0.631,0.65,0.626,0.627,0.518,0.525,0.49,0.523,0.551,0.53,0.531,0.691,0.69,0.648,0.696,0.469,0.478,0.44
69,5,0,7.2,0.6,0.37,0.86,0.396,0.358,0.37,0.359,0.339,0.387,0.563,0.558,0.58,0.579,0.455,0.45,0.459,0.472,0.454,0.454,0.459,0.593,0.576,0.586,0.586,0.413,0.387,0.402
70,6,1,6.0,0.2,0.67,0.74,0.413,0.374,0.395,0.384,0.417,0.42,0.678,0.617,0.664,0.642,0.549,0.551,0.511,0.515,0.552,0.545,0.547,0.705,0.682,0.664,0.695,0.473,0.528,0.478
71,7,1,4.3,5.3,0.12,0.69,0.456,0.472,0.466,0.446,0.475,0.521,0.697,0.703,0.723,0.673,0.578,0.596,0.589,0.569,0.542,0.561,0.562,0.742,0.743,0.752,0.739,0.518,0.53,0.497
72,1,0,8.7,1.2,0.56,0.57,0.306,0.304,0.288,0.293,0.292,0.289,0.441,0.431,0.446,0.393,0.386,0.381,0.369,0.375,0.365,0.343,0.426,0.496,0.453,0.513,0.487,0.331,0.333,0.302
73,2,0,8.5,0.8,0.41,0.69,0.316,0.294,0.307,0.289,0.324,0.334,0.445,0.425,0.439,0.442,0.355,0.343,0.372,0.384,0.36,0.374,0.379,0.467,0.485,0.51,0.48,0.361,0.351,0.335
74,3,0,2.9,0.1,0.56,0.86,0.353,0.428,0.369,0.391,0.394,0.371,0.551,0.548,0.583,0.538,0.477,0.454,0.471,0.471,0.495,0.476,0.48,0.62,0.631,0.602,0.618,0.471,0.408,0.402
75,4,0,8.2,0.0,0.76,0.81,0.465,0.446,0.423,0.435,0.434,0.417,0.629,0.642,0.653,0.656,0.513,0.53,0.569,0.527,0.557,0.529,0.523,0.677,0.692,0.688,0.711,0.492,0.498,0.543
76,5,0,4.9,2.8,0.2,0.52,0.372,0.361,0.394,0.371,0.339,0.386,0.556,0.532,0.55,0.569,0.504,0.455,0.51,0.5,0.477,0.485,0.466,0.626,0.64,0.616,0.608,0.411,0.415,0.432
77,6,1,11.3,0.9,0.27,0.84,0.309,0.358,0.345,0.303,0.322,0.333,0.489,0.502,0.503,0.491,0.413,0.438,0.396,0.418,0.428,0.392,0.427,0.516,0.522,0.52,0.538,0.39,0.381,0.365
78,7,1,8.2,0.6,0.41,0.71,0.291,0.27,0.237,0.295,0.281,0.274,0.343,0.41,0.361,0.362,0.309,0.324,0.342,0.325,0.342,0.329,0.283,0.437,0.427,0.41,0.428,0.304,0.313,0.311
79,1,0,9.5,0.9,0.67,0.97,0.277,0.248,0.252,0.265,0.257,0.306,0.408,0.401,0.423,0.408,0.352,0.316,0.339,0.348,0.363,0.348,0.324,0.461,0.442,0.456,0.468,0.307,0.311,0.316
80,2,0,10.4,1.1,0.84,0.6,0.262,0.24,0.233,0.222,0.233,0.273,0.396,0.372,0.352,0.396,0.343,0.333,0.312,0.31,0.346,0.285,0.377,0.403,0.367,0.424,0.442,0.33,0.264,0.281
81,3,0,6.4,0.2,0.28,0.69,0.41,0.425,0.437,0.388,0.393,0.387,0.629,0.618,0.608,0.639,0.555,0.548,0.527,0.515,0.525,0.554,0.557,0.685,0.686,0.679,0.669,0.488,0.476,0.452
82,4,0,5.0,0.3,0.38,0.67,0.43,0.433,0.426,0.43,0.435,0.421,0.686,0.646,0.66,0.634,0.551,0.526,0.539,0.538,0.495,0.506,0.573,0.696,0.674,0.686,0.666,0.451,0.437,0.495
83,5,0,6.3,1.5,0.62,0.71,0.285,0.309,0.305,0.28,0.263,0.284,0.431,0.422,0.426,0.442,0.307,0.335,0.333,0.334,0.36,0.371,0.374,0.48,0.453,0.449,0.457,0.308,0.326,0.3
84,6,1,8.2,1.3,0.65,0.81,0.419,0.459,0.435,0.456,0.437,0.455,0.64,0.682,0.64,0.649,0.552,0.532,0.567,0.543,0.537,0.545,0.532,0.708,0.735,0.713,0.676,0.491,0.479,0.484
85,7,1,9.5,0.3,0.32,0.72,0.246,0.32,0.272,0.29,0.277,0.232,0.469,0.42,0.441,0.439,0.357,0.357,0.352,0.387,0.37,0.363,0.351,0.409,0.47,0.475,0.446,0.332,0.323,0.349
86,1,0,10.8,0.2,0.55,0.71,0.444,0.421,0.48,0.445,0.431,0.442,0.665,0.689,0.683,0.661,0.565,0.565,0.56,0.556,0.533,0.536,0.572,0.734,0.72,0.734,0.724,0.522,0.52,0.452
87,2,0,8.6,0.2,0.68,0.65,0.343,0.321,0.322,0.325,0.345,0.305,0.486,0.482,0.482,0.484,0.379,0.397,0.383,0.366,0.403,0.392,0.399,0.526,0.582,0.524,0.521,0.355,0.376,0.373
88,3,0,9.2,0.2,0.63,0.75,0.414,0.394,0.41,0.385,0.397,0.375,0.622,0.585,0.583,0.604,0.529,0.526,0.509,0.538,0.526,0.506,0.499,0.686,0.673,0.646,0.633,0.432,0.451,0.465
89,4,0,12.0,1.2,0.4,0.65,0.255,0.212,0.265,0.302,0.301,0.269,0.383,0.424,0.38,0.381,0.329,0.374,0.352,0.324,0.335,0.329,0.36,0.443,0.457,0.451,0.451,0.291,0.283,0.306
90,5,0,8.1,0.5,0.25,0.66,0.337,0.319,0.359,0.334,0.357,0.34,0.466,0.48,0.528,0.505,0.382,0.402,0.386,0.441,0.397,0.449,0.421,0.554,0.545,0.538,0.51,0.364,0.383,0.372
91,6,1,11.4,0.3,0.35,0.68,0.427,0.431,0.498,0.416,0.439,0.456,0.667,0.634,0.604,0.658,0.549,0.53,0.567,0.516,0.508,0.551,0.496,0.717,0.691,0.695,0.722,0.493,0.519,0.511
92,7,1,8.8,0.2,0.09,0.77,0.36,0.345,0.338,0.326,0.334,0.332,0.515,0.533,0.524,0.501,0.436,0.418,0.404,0.436,0.466,0.415,0.438,0.587,0.593,0.596,0.522,0.382,0.373,0.397
93,1,0,10.1,0.8,0.71,0.78,0.358,0.378,0.399,0.332,0.363,0.386,0.528,0.567,0.531,0.6,0.469,0.438,0.47,0.482,0.468,0.445,0.405,0.638,0.613,0.566,0.567,0.402,0.418,0.417
94,2,0,14.3,0.2,0.36,0.8,0.338,0.325,0.287,0.325,0.304,0.299,0.494,0.508,0.462,0.482,0.376,0.383,0.374,0.4,0.41,0.396,0.434,0.547,0.517,0.535,0.516,0.343,0.382,0.356
95,3,0,8.1,1.3,0.16,0.77,0.272,0.287,0.269,0.238,0.234,0.242,0.366,0.359,0.386,0.408,0.309,0.328,0.304,0.317,0.323,0.316,0.305,0.379,0.433,0.412,0.424,0.287,0.313,0.263
96,4,0,9.2,0.4,0.64,0.68,0.334,0.35,0.317,0.333,0.321,0.303,0.45,0.463,0.473,0.504,0.407,0.404,0.429,0.419,0.406,0.383,0.366,0.511,0.495,0.534,0.51,0.341,0.375,0.334
97,5,0,9.9,1.0,0.34,0.79,0.487,0.434,0.439,0.459,0.446,0.445,0.635,0.676,0.641,0.656,0.538,0.511,0.534,0.533,0.557,0.534,0.51,0.719,0.727,0.691,0.663,0.486,0.499,0.508
98,6,1,10.8,0.0,0.45,0.69,0.34,0.331,0.325,0.357,0.338,0.335,0.514,0.491,0.481,0.476,0.442,0.422,0.416,0.417,0.423,0.432,0.432,0.547,0.551,0.531,0.538,0.381,0.396,0.39
99,7,1,10.8,1.5,0.36,0.86,0.488,0.485,0.46,0.48,0.492,0.492,0.748,0.701,0.695,0.727,0.608,0.603,0.611,0.614,0.597,0.606,0.588,0.75,0.811,0.792,0.785,0.536,0.515,0.552
100,1,0,7.4,0.4,0.65,0.71,0.234,0.26,0.269,0.266,0.271,0.226,0.419,0.383,0.378,0.329,0.334,0.337,0.327,0.338,0.301,0.34,0.316,0.431,0.399,0.407,0.42,0.272,0.273,0.248
101,2,0,13.1,0.5,0.65,0.69,0.387,0.41,0.407,0.441,0.415,0.387,0.604,0.579,0.613,0.616,0.481,0.499,0.511,0.5,0.521,0.489,0.538,0.656,0.651,0.643,0.619,0.442,0.447,0.476
102,3,0,10.5,0.3,0.57,0.7,0.281,0.289,0.287,0.296,0.297,0.287,0.413,0.387,0.416,0.409,0.368,0.378,0.309,0.344,0.328,0.363,0.33,0.472,0.469,0.475,0.451,0.311,0.33,0.291
103,4,0,9.5,0.0,0.78,0.7,0.382,0.449,0.435,0.422,0.385,0.43,0.616,0.623,0.595,0.618,0.528,0.528,0.542,0.503,0.514,0.521,0.512,0.666,0.637,0.735,0.672,0.508,0.46,0.456
104,5,0,10.3,1.3,0.54,0.76,0.471,0.465,0.486,0.435,0.494,0.471,0.75,0.722,0.721,0.695,0.586,0.592,0.596,0.584,0.592,0.598,0.585,0.812,0.77,0.789,0.787,0.536,0.519,0.53
105,6,1,12.6,2.1,0.3,0.79,0.473,0.448,0.462,0.465,0.468,0.478,0.732,0.698,0.682,0.703,0.561,0.592,0.622,0.548,0.581,0.571,0.606,0.74,0.721,0.784,0.759,0.532,0.524,0.538
106,7,1,11.2,0.8,0.1,0.65,0.354,0.382,0.357,0.356,0.382,0.359,0.565,0.551,0.566,0.57,0.463,0.498,0.449,0.51,0.445,0.479,0.47,0.592,0.588,0.622,0.551,0.403,0.402,0.378
107,1,0,10.8,1.1,0.34,0.67,0.438,0.449,0.484,0.473,0.437,0.44,0.686,0.67,0.684,0.669,0.549,0.566,0.564,0.554,0.547,0.547,0.567,0.726,0.709,0.773,0.731,0.508,0.53,0.482
108,2,0,11.7,1.0,0.77,0.74,0.404,0.379,0.365,0.372,0.388,0.383,0.56,0.573,0.558,0.581,0.467,0.485,0.497,0.456,0.474,0.469,0.462,0.628,0.613,0.619,0.652,0.427,0.413,0.434
109,3,0,12.6,1.0,0.34,0.73,0.371,0.39,0.386,0.408,0.404,0.432,0.592,0.583,0.574,0.589,0.469,0.482,0.501,0.492,0.498,0.485,0.46,0.652,0.653,0.597,0.619,0.425,0.443,0.437
110,4,0,16.4,3.7,0.06,0.72,0.305,0.303,0.345,0.323,0.318,0.312,0.446,0.465,0.509,0.522,0.433,0.398,0.372,0.439,0.399,0.4,0.379,0.521,0.52,0.513,0.523,0.35,0.365,0.378
111,5,0,14.3,3.0,0.44,0.56,0.481,0.469,0.484,0.451,0.486,0.466,0.712,0.75,0.725,0.744,0.616,0.597,0.58,0.584,0.599,0.569,0.627,0.758,0.791,0.767,0.779,0.539,0.525,0.521
112,6,1,15.7,0.6,0.87,0.64,0.486,0.43,0.479,0.443,0.455,0.471,0.679,0.671,0.678,0.662,0.583,0.528,0.572,0.56,0.546,0.542,0.549,0.731,0.712,0.747,0.696,0.474,0.456,0.505
113,7,1,13.0,2.1,0.51,0.65,0.336,0.35,0.344,0.348,0.309,0.309,0.517,0.535,0.51,0.478,0.399,0.447,0.419,0.429,0.411,0.418,0.409,0.562,0.532,0.565,0.498,0.365,0.386,0.385
114,1,0,10.9,1.5,0.34,0.75,0.398,0.361,0.412,0.422,0.377,0.394,0.558,0.577,0.575,0.555,0.46,0.472,0.478,0.475,0.497,0.484,0.474,0.641,0.582,0.603,0.581,0.45,0.449,0.448
115,2,0,18.7,0.0,0.27,0.75,0.266,0.302,0.274,0.251,0.289,0.275,0.405,0.407,0.479,0.377,0.31,0.353,0.325,0.346,0.311,0.326,0.327,0.448,0.476,0.41,0.458,0.293,0.273,0.298
116,3,0,12.0,3.5,0.37,0.87,0.316,0.308,0.335,0.328,0.312,0.351,0.461,0.508,0.483,0.453,0.403,0.422,0.411,0.407,0.42,0.414,0.383,0.552,0.544,0.52,0.524,0.382,0.371,0.377
117,4,0,14.0,4.5,0.43,0.6,0.241,0.234,0.26,0.274,0.295,0.255,0.361,0.414,0.415,0.389,0.315,0.294,0.348,0.341,0.329,0.321,0.348,0.45,0.395,0.448,0.451,0.311,0.26,0.326
118,5,0,17.5,2.8,0.57,0.66,0.401,0.387,0.368,0.401,0.351,0.382,0.558,0.576,0.592,0.598,0.465,0.484,0.462,0.504,0.439,0.474,0.451,0.647,0.573,0.568,0.649,0.434,0.413,0.41
119,6,1,14.5,2.5,0.41,0.61,0.346,0.37,0.344,0.288,0.326,0.343,0.498,0.528,0.514,0.504,0.443,0.378,0.432,0.454,0.433,0.44,0.406,0.577,0.553,0.556,0.542,0.393,0.395,0.403
120,7,1,16.3,1.7,0.27,0.7,0.313,0.319,0.306,0.277,0.287,0.31,0.438,0.44,0.418,0.362,0.354,0.369,0.354,0.368,0.366,0.4,0.388,0.482,0.482,0.495,0.499,0.317,0.299,0.336
121,1,0,17.2,0.5,0.42,0.76,0.457,0.468,0.471,0.439,0.442,0.448,0.658,0.703,0.677,0.68,0.589,0.556,0.581,0.563,0.573,0.574,0.555,0.711,0.758,0.754,0.735,0.52,0.51,0.51
122,2,0,12.7,0.6,0.55,0.7,0.474,0.475,0.449,0.499,0.467,0.475,0.706,0.695,0.724,0.716,0.601,0.612,0.602,0.573,0.574,0.598,0.621,0.801,0.782,0.809,0.797,0.528,0.529,0.508
123,3,0,19.4,0.9,0.75,0.76,0.334,0.327,0.327,0.358,0.333,0.391,0.51,0.469,0.501,0.533,0.443,0.413,0.422,0.445,0.433,0.428,0.399,0.59,0.556,0.586,0.543,0.365,0.387,0.357
124,4,0,14.1,2.6,0.4,0.6,0.419,0.407,0.41,0.392,0.445,0.424,0.643,0.596,0.583,0.603,0.482,0.471,0.497,0.514,0.483,0.481,0.492,0.677,0.668,0.658,0.666,0.487,0.457,0.468
125,5,0,12.9,0.9,0.47,0.71,0.289,0.283,0.266,0.285,0.246,0.275,0.431,0.395,0.403,0.382,0.379,0.314,0.369,0.328,0.35,0.374,0.364,0.406,0.462,0.416,0.468,0.28,0.309,0.305
126,6,1,21.7,0.1,0.61,0.52,0.286,0.274,0.264,0.272,0.249,0.263,0.438,0.393,0.428,0.415,0.36,0.333,0.335,0.311,0.35,0.375,0.327,0.458,0.465,0.44,0.417,0.315,0.321,0.328
127,7,1,14.3,1.4,0.77,0.58,0.354,0.401,0.341,0.409,0.375,0.346,0.547,0.54,0.547,0.577,0.434,0.474,0.49,0.47,0.458,0.435,0.48,0.613,0.612,0.59,0.611,0.395,0.394,0.421
128,1,0,16.0,0.0,0.5,0.77,0.234,0.244,0.273,0.263,0.211,0.238,0.372,0.355,0.359,0.436,0.301,0.274,0.316,0.31,0.29,0.323,0.338,0.402,0.439,0.418,0.433,0.264,0.326,0.274
129,2,0,18.7,2.0,0.21,0.69,0.368,0.395,0.345,0.364,0.353,0.381,0.502,0.553,0.575,0.587,0.45,0.453,0.464,0.425,0.435,0.465,0.473,0.569,0.564,0.595,0.577,0.393,0.404,0.373
130,3,0,14.7,0.9,0.42,0.65,0.461,0.484,0.456,0.455,0.505,0.452,0.698,0.708,0.681,0.677,0.596,0.589,0.614,0.621,0.568,0.589,0.566,0.765,0.751,0.761,0.736,0.494,0.499,0.508
131,4,0,17.1,0.1,0.76,0.63,0.439,0.42,0.385,0.393,0.453,0.408,0.625,0.598,0.599,0.599,0.505,0.491,0.474,0.525,0.485,0.516,0.529,0.661,0.651,0.657,0.695,0.456,0.466,0.45
132,5,0,15.6,0.8,0.64,0.67,0.498,0.451,0.443,0.465,0.484,0.459,0.724,0.695,0.721,0.693,0.59,0.599,0.584,0.583,0.61,0.579,0.598,0.788,0.794,0.787,0.766,0.521,0.539,0.539
133,6,1,20.3,0.0,0.55,0.74,0.298,0.291,0.293,0.307,0.308,0.293,0.447,0.446,0.468,0.485,0.381,0.392,0.413,0.393,0.38,0.38,0.38,0.467,0.499,0.475,0.513,0.318,0.322,0.301
134,7,1,18.3,0.8,0.58,0.76,0.276,0.254,0.266,0.223,0.209,0.238,0.394,0.406,0.395,0.378,0.316,0.311,0.297,0.324,0.325,0.326,0.282,0.392,0.41,0.427,0.448,0.293,0.31,0.268
135,1,0,20.7,1.6,0.38,0.68,0.39,0.421,0.467,0.451,0.404,0.436,0.633,0.66,0.626,0.659,0.533,0.549,0.509,0.536,0.541,0.564,0.561,0.703,0.709,0.702,0.708,0.531,0.492,0.515
136,2,0,17.3,1.3,0.8,0.81,0.345,0.334,0.353,0.367,0.36,0.342,0.557,0.507,0.506,0.511,0.428,0.408,0.452,0.405,0.416,0.437,0.434,0.552,0.555,0.568,0.562,0.382,0.356,0.374
137,3,0,17.0,0.2,0.23,0.6,0.275,0.309,0.279,0.324,0.322,0.295,0.484,0.478,0.442,0.479,0.392,0.368,0.366,0.408,0.378,0.381,0.358,0.501,0.503,0.47,0.483,0.341,0.35,0.392
138,4,0,15.9,3.2,0.46,0.42,0.395,0.409,0.413,0.406,0.388,0.414,0.593,0.565,0.618,0.577,0.479,0.495,0.501,0.486,0.516,0.534,0.514,0.646,0.655,0.641,0.64,0.427,0.43,0.406
139,5,0,20.0,0.5,0.93,0.62,0.282,0.261,0.262,0.293,0.288,0.258,0.432,0.423,0.412,0.405,0.33,0.387,0.36,0.338,0.319,0.346,0.353,0.476,0.458,0.49,0.468,0.286,0.327,0.325
140,6,1,17.6,0.0,0.57,0.63,0.417,0.398,0.411,0.418,0.406,0.4,0.625,0.597,0.585,0.631,0.478,0.52,0.494,0.525,0.537,0.521,0.528,0.661,0.686,0.689,0.647,0.457,0.472,0.461
141,7,1,19.0,1.0,0.3,0.75,0.346,0.366,0.361,0.379,0.352,0.325,0.544,0.527,0.513,0.531,0.478,0.448,0.459,0.446,0.457,0.428,0.483,0.575,0.577,0.616,0.592,0.367,0.371,0.423
142,1,0,16.7,4.1,0.09,0.62,0.412,0.449,0.445,0.473,0.472,0.443,0.679,0.633,0.678,0.701,0.567,0.535,0.541,0.539,0.569,0.577,0.547,0.714,0.715,0.733,0.699,0.49,0.47,0.517
143,2,0,19.0,0.6,0.79,0.75,0.245,0.255,0.258,0.257,0.257,0.206,0.379,0.358,0.373,0.367,0.27,0.332,0.298,0.276,0.315,0.308,0.332,0.386,0.399,0.401,0.419,0.252,0.273,0.3
144,3,0,15.6,2.0,0.82,0.75,0.271,0.288,0.26,0.258,0.256,0.228,0.412,0.363,0.419,0.395,0.359,0.31,0.326,0.347,0.332,0.335,0.332,0.45,0.441,0.44,0.423,0.341,0.329,0.302
145,4,0,16.1,0.4,0.49,0.72,0.294,0.304,0.301,0.307,0.292,0.317,0.42,0.449,0.445,0.402,0.328,0.386,0.373,0.37,0.386,0.364,0.362,0.429,0.471,0.458,0.526,0.357,0.359,0.319
146,5,0,17.9,0.4,0.67,0.78,0.29,0.299,0.289,0.317,0.31,0.312,0.476,0.47,0.457,0.416,0.404,0.405,0.385,0.393,0.419,0.373,0.328,0.443,0.491,0.511,0.469,0.369,0.353,0.357
147,6,1,21.0,1.6,0.27,0.67,0.307,0.311,0.324,0.309,0.344,0.324,0.486,0.476,0.507,0.493,0.391,0.416,0.413,0.399,0.4,0.383,0.412,0.524,0.512,0.545,0.531,0.387,0.394,0.34
148,7,1,17.3,0.7,0.14,0.63,0.283,0.245,0.298,0.287,0.283,0.302,0.402,0.39,0.44,0.405,0.375,0.334,0.323,0.339,0.341,0.356,0.34,0.431,0.44,0.439,0.392,0.293,0.316,0.332
149,1,0,19.8,0.3,0.16,0.64,0.332,0.358,0.351,0.33,0.321,0.342,0.471,0.507,0.476,0.508,0.45,0.397,0.429,0.396,0.385,0.394,0.393,0.511,0.508,0.513,0.537,0.378,0.332,0.366
150,2,0,18.0,0.8,0.28,0.7,0.342,0.356,0.36,0.361,0.356,0.338,0.492,0.525,0.526,0.468,0.409,0.436,0.417,0.432,0.401,0.386,0.378,0.523,0.54,0.557,0.549,0.379,0.371,0.378
151,3,0,20.0,1.7,0.57,0.69,0.456,0.439,0.456,0.454,0.502,0.461,0.694,0.754,0.675,0.686,0.593,0.582,0.593,0.586,0.595,0.608,0.557,0.728,0.751,0.748,0.775,0.501,0.533,0.499
152,4,0,20.3,0.4,0.86,0.83,0.29,0.283,0.284,0.278,0.288,0.276,0.423,0.425,0.445,0.422,0.367,0.379,0.338,0.37,0.367,0.383,0.357,0.482,0.474,0.523,0.466,0.344,0.323,0.34
153,5,0,19.7,0.5,0.25,0.52,0.407,0.46,0.445,0.39,0.421,0.412,0.663,0.653,0.625,0.672,0.542,0.539,0.534,0.498,0.542,0.51,0.541,0.725,0.687,0.695,0.674,0.456,0.508,0.492
154,6,1,20.1,0.5,0.53,0.67,0.372,0.345,0.326,0.365,0.374,0.352,0.526,0.555,0.507,0.504,0.434,0.451,0.45,0.412,0.42,0.412,0.395,0.586,0.592,0.563,0.613,0.367,0.402,0.411
155,7,1,19.8,0.6,0.3,0.82,0.441,0.467,0.404,0.426,0.436,0.456,0.648,0.647,0.642,0.642,0.542,0.52,0.527,0.552,0.559,0.522,0.551,0.689,0.706,0.739,0.716,0.493,0.462,0.502
156,1,0,21.2,1.1,0.47,0.65,0.27,0.26,0.301,0.271,0.261,0.315,0.427,0.416,0.438,0.42,0.353,0.356,0.339,0.374,0.319,0.374,0.353,0.455,0.441,0.487,0.484,0.283,0.301,0.315
157,2,0,19.5,1.4,0.64,0.72,0.303,0.331,0.33,0.335,0.321,0.297,0.464,0.495,0.475,0.508,0.424,0.415,0.417,0.386,0.415,0.448,0.405,0.543,0.53,0.539,0.513,0.386,0.367,0.353
158,3,0,18.2,0.2,0.65,0.8,0.309,0.343,0.341,0.322,0.36,0.346,0.476,0.535,0.506,0.517,0.431,0.426,0.404,0.415,0.392,0.363,0.375,0.536,0.516,0.539,0.538,0.365,0.352,0.379
159,4,0,19.6,0.6,0.22,0.86,0.295,0.404,0.375,0.342,0.352,0.366,0.518,0.553,0.538,0.523,0.435,0.406,0.457,0.419,0.448,0.423,0.409,0.563,0.586,0.564,0.586,0.401,0.414,0.374
160,5,0,21.2,1.1,0.57,0.77,0.438,0.394,0.448,0.447,0.484,0.409,0.67,0.715,0.673,0.682,0.528,0.572,0.559,0.575,0.548,0.548,0.564,0.73,0.756,0.762,0.717,0.5,0.472,0.507
161,6,1,19.9,0.2,0.71,0.73,0.411,0.403,0.384,0.448,0.422,0.411,0.61,0.631,0.634,0.618,0.505,0.537,0.55,0.52,0.515,0.514,0.521,0.686,0.65,0.672,0.694,0.444,0.469,0.433
162,7,1,17.8,0.4,0.21,0.71,0.405,0.431,0.41,0.434,0.446,0.418,0.611,0.628,0.627,0.602,0.52,0.503,0.509,0.519,0.524,0.507,0.507,0.7,0.656,0.722,0.671,0.465,0.503,0.454
163,1,0,20.5,1.8,0.28,0.66,0.401,0.394,0.423,0.448,0.39,0.427,0.692,0.658,0.705,0.665,0.58,0.572,0.552,0.564,0.517,0.535,0.529,0.696,0.721,0.763,0.701,0.496,0.487,0.515
164,2,0,19.5,1.6,0.71,0.55,0.495,0.466,0.442,0.471,0.46,0.489,0.754,0.707,0.701,0.721,0.592,0.59,0.635,0.591,0.581,0.579,0.589,0.763,0.797,0.777,0.752,0.517,0.545,0.515
165,3,0,16.3,0.2,0.69,0.74,0.444,0.453,0.42,0.399,0.454,0.414,0.624,0.623,0.648,0.635,0.519,0.528,0.521,0.548,0.533,0.51,0.518,0.711,0.692,0.679,0.655,0.445,0.473,0.468
166,4,0,19.2,2.2,0.93,0.64,0.274,0.304,0.356,0.336,0.328,0.291,0.483,0.47,0.506,0.458,0.435,0.377,0.389,0.397,0.389,0.401,0.429,0.512,0.536,0.524,0.497,0.379,0.365,0.378
167,5,0,14.1,0.1,0.64,0.59,0.295,0.282,0.269,0.293,0.272,0.3,0.459,0.431,0.452,0.417,0.322,0.347,0.379,0.371,0.362,0.328,0.352,0.445,0.478,0.428,0.445,0.318,0.282,0.319
168,6,1,20.1,0.7,0.14,0.62,0.357,0.323,0.312,0.319,0.354,0.32,0.486,0.465,0.461,0.498,0.382,0.448,0.413,0.406,0.406,0.4,0.407,0.51,0.524,0.52,0.538,0.343,0.371,0.366
169,7,1,18.8,0.6,0.34,0.61,0.493,0.479,0.482,0.489,0.479,0.496,0.717,0.673,0.7,0.721,0.599,0.603,0.584,0.578,0.566,0.583,0.603,0.813,0.748,0.771,0.792,0.541,0.537,0.545
170,1,0,22.8,0.3,0.35,0.84,0.249,0.235,0.223,0.24,0.223,0.212,0.328,0.353,0.337,0.374,0.29,0.284,0.314,0.303,0.28,0.301,0.304,0.404,0.363,0.416,0.368,0.301,0.243,0.274
171,2,0,22.3,0.1,0.61,0.66,0.353,0.356,0.355,0.357,0.366,0.365,0.556,0.509,0.578,0.556,0.465,0.482,0.47,0.42,0.462,0.439,0.459,0.597,0.599,0.591,0.615,0.385,0.408,0.381
172,3,0,20.7,0.2,0.3,0.81,0.293,0.32,0.278,0.305,0.302,0.259,0.441,0.444,0.399,0.441,0.392,0.386,0.314,0.342,0.353,0.365,0.349,0.463,0.438,0.457,0.469,0.319,0.362,0.323
173,4,0,21.5,0.1,0.17,0.62,0.374,0.385,0.374,0.389,0.408,0.406,0.641,0.573,0.585,0.568,0.501,0.48,0.491,0.502,0.499,0.483,0.496,0.68,0.629,0.622,0.646,0.438,0.422,0.43
174,5,0,18.6,0.7,0.05,0.77,0.29,0.244,0.287,0.258,0.288,0.245,0.36,0.374,0.359,0.356,0.314,0.313,0.334,0.317,0.313,0.292,0.324,0.429,0.401,0.408,0.394,0.309,0.293,0.286
175,6,1,19.1,0.6,0.67,0.67,0.405,0.434,0.424,0.392,0.383,0.416,0.578,0.585,0.578,0.612,0.502,0.518,0.5,0.471,0.472,0.5,0.531,0.646,0.663,0.639,0.637,0.465,0.451,0.443
176,7,1,20.9,0.5,0.46,0.63,0.357,0.339,0.324,0.332,0.355,0.378,0.526,0.518,0.5,0.52,0.421,0.434,0.423,0.386,0.457,0.425,0.438,0.54,0.549,0.566,0.542,0.361,0.368,0.403
177,1,0,20.1,0.4,0.68,0.87,0.327,0.296,0.276,0.313,0.285,0.302,0.499,0.427,0.438,0.441,0.37,0.361,0.381,0.362,0.372,0.413,0.382,0.496,0.515,0.506,0.474,0.335,0.369,0.359
178,2,0,18.7,3.3,0.48,0.72,0.375,0.393,0.351,0.367,0.403,0.373,0.56,0.583,0.538,0.52,0.457,0.415,0.459,0.439,0.442,0.419,0.457,0.608,0.597,0.564,0.599,0.443,0.394,0.416
179,3,0,21.8,0.2,0.47,0.56,0.398,0.435,0.418,0.417,0.411,0.463,0.66,0.639,0.661,0.66,0.556,0.518,0.522,0.562,0.507,0.509,0.568,0.708,0.697,0.712,0.721,0.482,0.472,0.48
180,4,0,19.1,1.7,0.27,0.76,0.488,0.439,0.442,0.437,0.435,0.445,0.696,0.672,0.693,0.676,0.587,0.597,0.579,0.54,0.54,0.563,0.578,0.726,0.712,0.738,0.725,0.485,0.5,0.48
181,5,0,20.9,0.1,0.71,0.74,0.244,0.258,0.253,0.246,0.234,0.213,0.364,0.349,0.368,0.356,0.318,0.336,0.29,0.328,0.301,0.296,0.289,0.422,0.377,0.41,0.409,0.286,0.293,0.256
182,6,1,20.3,0.9,0.5,0.66,0.318,0.309,0.28,0.277,0.298,0.287,0.406,0.471,0.439,0.447,0.355,0.367,0.367,0.392,0.338,0.363,0.329,0.488,0.49,0.485,0.445,0.343,0.305,0.309
183,7,1,21.2,0.5,0.35,0.8,0.255,0.249,0.228,0.259,0.212,0.26,0.377,0.403,0.388,0.382,0.305,0.335,0.314,0.349,0.319,0.328,0.361,0.428,0.389,0.419,0.413,0.32,0.248,0.293
184,1,0,20.4,0.5,0.55,0.44,0.328,0.334,0.318,0.332,0.355,0.33,0.518,0.493,0.489,0.491,0.429,0.401,0.444,0.392,0.389,0.406,0.412,0.506,0.529,0.542,0.53,0.344,0.352,0.356
185,2,0,22.0,1.0,0.26,0.71,0.369,0.396,0.384,0.348,0.347,0.347,0.557,0.543,0.522,0.525,0.449,0.468,0.429,0.486,0.455,0.457,0.44,0.576,0.557,0.575,0.568,0.411,0.427,0.373
186,3,0,19.2,0.3,0.48,0.52,0.359,0.372,0.391,0.35,0.389,0.377,0.549,0.539,0.553,0.571,0.466,0.47,0.486,0.479,0.488,0.441,0.466,0.613,0.612,0.596,0.618,0.382,0.434,0.398
187,4,0,23.7,1.3,0.72,0.58,0.305,0.305,0.311,0.324,0.306,0.297,0.442,0.437,0.43,0.44,0.415,0.366,0.418,0.415,0.404,0.417,0.37,0.566,0.454,0.512,0.506,0.348,0.358,0.314
188,5,0,22.6,4.7,0.43,0.85,0.299,0.265,0.282,0.264,0.252,0.276,0.43,0.407,0.378,0.432,0.316,0.333,0.3,0.323,0.373,0.363,0.363,0.413,0.433,0.408,0.484,0.309,0.319,0.314
189,6,1,21.1,1.7,0.78,0.73,0.312,0.335,0.311,0.323,0.314,0.312,0.496,0.478,0.503,0.472,0.381,0.38,0.423,0.407,0.394,0.398,0.38,0.514,0.516,0.535,0.522,0.336,0.347,0.375
190,7,1,20.0,3.1,0.29,0.69,0.466,0.445,0.452,0.49,0.46,0.492,0.695,0.664,0.693,0.688,0.586,0.573,0.599,0.593,0.573,0.561,0.573,0.754,0.74,0.735,0.784,0.511,0.494,0.53
191,1,0,19.6,1.3,0.93,0.58,0.299,0.324,0.316,0.327,0.312,0.317,0.525,0.501,0.503,0.43,0.397,0.376,0.389,0.392,0.359,0.397,0.424,0.49,0.528,0.5,0.492,0.356,0.344,0.369
192,2,0,17.3,0.4,0.48,0.7,0.307,0.307,0.276,0.295,0.299,0.305,0.427,0.445,0.461,0.455,0.374,0.39,0.365,0.388,0.354,0.35,0.363,0.478,0.503,0.495,0.471,0.343,0.313,0.328
193,3,0,19.8,0.2,0.58,0.69,0.331,0.369,0.37,0.357,0.373,0.4,0.542,0.551,0.547,0.553,0.502,0.464,0.459,0.442,0.47,0.469,0.448,0.607,0.598,0.576,0.617,0.429,0.407,0.391
194,4,0,17.3,0.3,0.47,0.74,0.444,0.466,0.443,0.466,0.49,0.435,0.689,0.675,0.661,0.669,0.569,0.579,0.568,0.564,0.567,0.568,0.576,0.751,0.721,0.728,0.735,0.51,0.502,0.517
195,5,0,20.7,1.7,0.53,0.85,0.43,0.413,0.427,0.426,0.453,0.391,0.612,0.65,0.664,0.666,0.507,0.512,0.532,0.524,0.538,0.548,0.5,0.696,0.677,0.688,0.738,0.49,0.491,0.5
196,6,1,17.0,0.4,0.62,0.69,0.285,0.296,0.293,0.293,0.301,0.276,0.475,0.424,0.441,0.47,0.421,0.354,0.349,0.355,0.386,0.368,0.381,0.526,0.458,0.48,0.485,0.356,0.367,0.329
197,7,1,17.3,2.5,0.82,0.82,0.378,0.38,0.356,0.409,0.385,0.359,0.553,0.557,0.596,0.549,0.442,0.465,0.474,0.453,0.466,0.494,0.425,0.64,0.573,0.611,0.62,0.434,0.409,0.438
198,1,0,21.0,0.3,0.63,0.8,0.414,0.461,0.443,0.407,0.426,0.395,0.65,0.653,0.611,0.629,0.535,0.539,0.497,0.493,0.523,0.505,0.518,0.69,0.712,0.67,0.68,0.473,0.514,0.464
199,2,0,19.6,0.1,0.61,0.66,0.418,0.389,0.407,0.42,0.405,0.432,0.617,0.61,0.627,0.624,0.538,0.527,0.534,0.52,0.474,0.508,0.544,0.675,0.663,0.68,0.674,0.477,0.446,0.479
200,3,0,20.4,0.0,0.09,0.6,0.403,0.383,0.415,0.38,0.395,0.384,0.567,0.605,0.579,0.621,0.486,0.499,0.501,0.476,0.492,0.466,0.511,0.64,0.624,0.624,0.653,0.438,0.443,0.435
201,4,0,18.8,2.4,0.49,0.68,0.46,0.489,0.462,0.446,0.446,0.482,0.734,0.706,0.707,0.71,0.582,0.578,0.583,0.589,0.575,0.593,0.602,0.743,0.772,0.787,0.758,0.511,0.516,0.545
202,5,0,17.4,2.0,0.49,0.55,0.466,0.432,0.442,0.465,0.403,0.456,0.673,0.685,0.678,0.642,0.564,0.577,0.597,0.54,0.571,0.531,0.536,0.764,0.715,0.719,0.762,0.514,0.479,0.495
203,6,1,19.6,0.1,0.5,0.74,0.28,0.209,0.284,0.248,0.256,0.29,0.415,0.4,0.391,0.39,0.324,0.328,0.355,0.329,0.353,0.317,0.31,0.438,0.425,0.432,0.424,0.311,0.297,0.302
204,7,1,18.0,0.7,0.19,0.82,0.35,0.399,0.348,0.36,0.339,0.354,0.5,0.521,0.557,0.58,0.468,0.466,0.464,0.457,0.422,0.442,0.458,0.566,0.603,0.564,0.553,0.435,0.418,0.413
205,1,0,19.5,1.1,0.42,0.72,0.292,0.245,0.259,0.263,0.254,0.265,0.378,0.391,0.364,0.374,0.323,0.314,0.314,0.328,0.314,0.318,0.302,0.428,0.425,0.421,0.394,0.283,0.26,0.333
206,2,0,19.5,0.1,0.83,0.72,0.376,0.407,0.378,0.374,0.396,0.405,0.574,0.559,0.597,0.567,0.484,0.496,0.472,0.452,0.481,0.483,0.486,0.611,0.601,0.587,0.618,0.42,0.412,0.412
207,3,0,16.5,0.9,0.48,0.41,0.428,0.442,0.445,0.418,0.428,0.421,0.682,0.634,0.647,0.676,0.558,0.55,0.555,0.538,0.563,0.566,0.544,0.718,0.686,0.669,0.712,0.51,0.452,0.512
208,4,0,20.7,0.4,0.68,0.67,0.334,0.266,0.3,0.305,0.316,0.292,0.423,0.467,0.449,0.432,0.388,0.389,0.355,0.39,0.404,0.38,0.414,0.475,0.5,0.513,0.49,0.364,0.357,0.354
209,5,0,21.6,1.5,0.72,0.71,0.468,0.451,0.463,0.451,0.444,0.462,0.688,0.663,0.699,0.678,0.6,0.548,0.564,0.529,0.529,0.547,0.547,0.752,0.73,0.743,0.728,0.51,0.538,0.515
210,6,1,18.4,0.8,0.15,0.68,0.397,0.367,0.345,0.358,0.357,0.391,0.554,0.512,0.541,0.532,0.432,0.439,0.442,0.445,0.435,0.458,0.405,0.585,0.572,0.559,0.589,0.404,0.384,0.394
211,7,1,20.8,0.9,0.46,0.7,0.449,0.432,0.439,0.451,0.423,0.434,0.663,0.641,0.625,0.666,0.511,0.55,0.54,0.545,0.532,0.564,0.546,0.693,0.728,0.669,0.679,0.502,0.461,0.489
212,1,0,16.5,0.0,0.08,0.74,0.345,0.364,0.397,0.365,0.36,0.42,0.541,0.565,0.555,0.532,0.467,0.448,0.43,0.465,0.472,0.467,0.484,0.592,0.602,0.627,0.619,0.413,0.397,0.411
213,2,0,16.9,2.5,0.84,0.92,0.464,0.45,0.457,0.503,0.453,0.455,0.663,0.682,0.716,0.697,0.573,0.589,0.61,0.581,0.576,0.592,0.578,0.8,0.774,0.792,0.748,0.512,0.528,0.524
214,3,0,20.6,1.3,0.56,0.74,0.338,0.326,0.352,0.373,0.351,0.361,0.517,0.486,0.551,0.529,0.39,0.425,0.411,0.443,0.443,0.403,0.436,0.527,0.572,0.557,0.535,0.363,0.392,0.322
215,4,0,21.5,2.6,0.74,0.9,0.494,0.465,0.477,0.469,0.468,0.477,0.705,0.697,0.717,0.734,0.593,0.576,0.58,0.577,0.579,0.58,0.578,0.765,0.802,0.774,0.729,0.541,0.518,0.569
216,5,0,13.7,0.3,0.74,0.71,0.259,0.292,0.287,0.314,0.312,0.32,0.466,0.415,0.44,0.417,0.355,0.335,0.332,0.345,0.372,0.348,0.355,0.414,0.493,0.456,0.46,0.323,0.351,0.352
217,6,1,14.1,0.3,0.53,0.86,0.37,0.441,0.433,0.407,0.412,0.417,0.596,0.603,0.609,0.635,0.499,0.539,0.486,0.53,0.514,0.534,0.538,0.666,0.662,0.663,0.678,0.497,0.455,0.47
218,7,1,18.3,1.6,0.47,0.72,0.369,0.328,0.363,0.344,0.347,0.379,0.532,0.578,0.559,0.539,0.444,0.463,0.453,0.484,0.427,0.471,0.437,0.613,0.579,0.589,0.619,0.408,0.409,0.413
219,1,0,20.1,0.9,0.63,0.97,0.295,0.254,0.296,0.32,0.29,0.3,0.43,0.438,0.43,0.459,0.368,0.392,0.379,0.356,0.397,0.361,0.397,0.471,0.492,0.492,0.497,0.314,0.332,0.337
220,2,0,17.7,1.3,0.55,0.58,0.324,0.339,0.359,0.355,0.318,0.351,0.503,0.491,0.503,0.466,0.419,0.394,0.415,0.437,0.422,0.443,0.463,0.591,0.547,0.531,0.532,0.373,0.344,0.397
221,3,0,19.3,0.4,0.6,0.81,0.299,0.29,0.314,0.311,0.274,0.318,0.452,0.396,0.441,0.446,0.38,0.369,0.385,0.373,0.371,0.388,0.363,0.528,0.487,0.479,0.474,0.367,0.307,0.32
222,4,0,16.3,0.7,0.9,0.69,0.365,0.358,0.35,0.356,0.365,0.367,0.528,0.532,0.546,0.497,0.448,0.459,0.472,0.392,0.471,0.448,0.452,0.56,0.557,0.589,0.615,0.409,0.406,0.428
223,5,0,18.4,1.0,0.51,0.78,0.429,0.452,0.465,0.456,0.433,0.451,0.671,0.678,0.691,0.688,0.526,0.564,0.589,0.543,0.565,0.59,0.573,0.765,0.762,0.696,0.746,0.539,0.495,0.515
224,6,1,17.7,2.4,0.32,0.67,0.248,0.254,0.255,0.233,0.284,0.248,0.397,0.385,0.436,0.419,0.354,0.366,0.318,0.322,0.347,0.356,0.327,0.456,0.418,0.422,0.431,0.294,0.308,0.283
225,7,1,19.2,0.1,0.31,0.65,0.298,0.363,0.303,0.296,0.291,0.3,0.453,0.481,0.477,0.474,0.415,0.38,0.409,0.399,0.384,0.354,0.431,0.495,0.508,0.514,0.501,0.362,0.357,0.341
226,1,0,17.7,3.0,0.79,0.79,0.286,0.286,0.317,0.339,0.299,0.31,0.428,0.448,0.453,0.442,0.367,0.376,0.393,0.32,0.379,0.375,0.363,0.479,0.493,0.464,0.47,0.336,0.341,0.329
227,2,0,15.9,0.3,0.32,0.8,0.397,0.407,0.407,0.447,0.398,0.413,0.648,0.613,0.636,0.652,0.537,0.552,0.542,0.505,0.532,0.511,0.571,0.662,0.715,0.691,0.666,0.476,0.461,0.456
228,3,0,18.3,0.1,0.58,0.6,0.482,0.482,0.458,0.48,0.48,0.484,0.725,0.71,0.726,0.73,0.585,0.62,0.585,0.59,0.598,0.584,0.587,0.751,0.779,0.763,0.745,0.523,0.531,0.538
229,4,0,18.1,0.0,0.67,0.81,0.445,0.452,0.484,0.46,0.466,0.501,0.702,0.685,0.687,0.72,0.593,0.588,0.571,0.591,0.566,0.589,0.595,0.751,0.722,0.751,0.744,0.52,0.522,0.515
230,5,0,17.5,3.1,0.86,0.76,0.444,0.423,0.416,0.443,0.445,0.429,0.644,0.684,0.691,0.646,0.515,0.539,0.555,0.526,0.545,0.564,0.57,0.708,0.676,0.705,0.711,0.515,0.515,0.505
231,6,1,16.3,0.6,0.54,0.65,0.342,0.34,0.309,0.331,0.352,0.326,0.486,0.461,0.481,0.494,0.431,0.388,0.377,0.416,0.429,0.436,0.412,0.535,0.54,0.533,0.511,0.33,0.389,0.349
232,7,1,16.0,1.4,0.46,0.78,0.38,0.374,0.396,0.387,0.408,0.394,0.562,0.573,0.591,0.546,0.498,0.497,0.442,0.487,0.454,0.487,0.489,0.623,0.609,0.592,0.634,0.414,0.44,0.44
233,1,0,17.7,2.3,0.57,0.5,0.374,0.391,0.388,0.369,0.359,0.413,0.591,0.572,0.625,0.557,0.498,0.493,0.475,0.473,0.488,0.497,0.465,0.689,0.639,0.603,0.642,0.425,0.429,0.454
234,2,0,13.2,1.4,0.47,0.62,0.246,0.264,0.258,0.254,0.247,0.245,0.382,0.408,0.404,0.381,0.328,0.339,0.306,0.294,0.323,0.31,0.356,0.381,0.412,0.418,0.418,0.28,0.263,0.258
235,3,0,13.2,0.5,0.62,0.52,0.39,0.403,0.381,0.351,0.373,0.372,0.578,0.546,0.591,0.598,0.504,0.472,0.479,0.489,0.453,0.481,0.478,0.635,0.596,0.63,0.632,0.415,0.445,0.45
236,4,0,16.6,1.5,0.69,0.72,0.305,0.3,0.321,0.299,0.326,0.325,0.466,0.427,0.471,0.434,0.353,0.386,0.406,0.375,0.408,0.364,0.4,0.489,0.507,0.508,0.517,0.337,0.313,0.357
237,5,0,11.9,0.9,0.5,0.82,0.383,0.387,0.394,0.371,0.414,0.388,0.554,0.601,0.57,0.567,0.465,0.479,0.512,0.479,0.47,0.508,0.504,0.644,0.595,0.642,0.63,0.398,0.421,0.434
238,6,1,14.7,2.0,0.48,0.65,0.3,0.269,0.263,0.282,0.286,0.274,0.42,0.437,0.372,0.39,0.37,0.367,0.341,0.279,0.348,0.351,0.362,0.467,0.444,0.441,0.481,0.319,0.304,0.308
239,7,1,16.5,1.3,0.3,0.58,0.369,0.344,0.322,0.326,0.344,0.329,0.477,0.461,0.481,0.463,0.414,0.381,0.422,0.406,0.384,0.408,0.412,0.581,0.553,0.498,0.525,0.37,0.408,0.364
240,1,0,14.0,0.2,0.5,0.65,0.327,0.342,0.352,0.357,0.33,0.306,0.529,0.497,0.485,0.487,0.44,0.413,0.394,0.404,0.428,0.431,0.423,0.524,0.58,0.554,0.541,0.337,0.361,0.357
241,2,0,17.9,0.3,0.31,0.7,0.314,0.3,0.326,0.299,0.304,0.326,0.46,0.46,0.458,0.458,0.388,0.416,0.382,0.401,0.417,0.377,0.373,0.522,0.5,0.492,0.483,0.324,0.324,0.37
242,3,0,17.4,0.5,0.71,0.62,0.46,0.455,0.442,0.416,0.447,0.428,0.622,0.621,0.624,0.614,0.553,0.514,0.526,0.496,0.517,0.523,0.544,0.658,0.702,0.702,0.683,0.476,0.46,0.447
243,4,0,17.3,5.3,0.05,0.66,0.254,0.24,0.236,0.222,0.241,0.25,0.371,0.371,0.393,0.347,0.319,0.319,0.303,0.317,0.349,0.303,0.32,0.44,0.412,0.396,0.376,0.317,0.256,0.299
244,5,0,17.0,1.6,0.58,0.79,0.256,0.259,0.236,0.263,0.272,0.281,0.393,0.369,0.384,0.411,0.32,0.304,0.341,0.332,0.371,0.33,0.332,0.46,0.409,0.426,0.412,0.282,0.268,0.281
245,6,1,14.0,3.8,0.56,0.6,0.488,0.442,0.486,0.455,0.471,0.469,0.721,0.69,0.702,0.718,0.621,0.595,0.583,0.598,0.588,0.583,0.622,0.765,0.757,0.753,0.781,0.523,0.511,0.521
246,7,1,15.8,2.3,0.21,0.79,0.321,0.334,0.346,0.346,0.352,0.357,0.502,0.488,0.492,0.507,0.399,0.399,0.412,0.416,0.439,0.408,0.406,0.546,0.528,0.554,0.573,0.369,0.356,0.381
247,1,0,13.5,0.0,0.95,0.55,0.243,0.254,0.265,0.26,0.254,0.244,0.416,0.37,0.379,0.415,0.312,0.306,0.342,0.355,0.366,0.304,0.319,0.416,0.441,0.419,0.391,0.292,0.294,0.281
248,2,0,14.4,2.9,0.32,0.68,0.316,0.337,0.3,0.331,0.321,0.342,0.453,0.483,0.469,0.485,0.392,0.428,0.425,0.393,0.407,0.371,0.365,0.546,0.502,0.549,0.508,0.345,0.365,0.341
249,3,0,16.0,0.4,0.74,0.87,0.338,0.278,0.289,0.29,0.308,0.3,0.457,0.444,0.454,0.459,0.339,0.389,0.342,0.334,0.372,0.35,0.4,0.46,0.475,0.494,0.483,0.35,0.301,0.358
250,4,0,11.7,1.7,0.48,0.64,0.274,0.274,0.262,0.287,0.245,0.257,0.382,0.355,0.392,0.398,0.311,0.322,0.353,0.287,0.321,0.305,0.329,0.431,0.423,0.422,0.431,0.292,0.31,0.313
251,5,0,19.1,0.1,0.06,0.67,0.261,0.258,0.218,0.253,0.237,0.221,0.342,0.353,0.387,0.393,0.322,0.333,0.302,0.282,0.31,0.309,0.32,0.382,0.391,0.424,0.401,0.305,0.274,0.272
252,6,1,14.3,1.5,0.15,0.54,0.414,0.402,0.364,0.427,0.391,0.376,0.582,0.587,0.572,0.617,0.479,0.473,0.46,0.475,0.458,0.45,0.477,0.622,0.616,0.611,0.59,0.445,0.425,0.437
253,7,1,11.4,0.4,0.44,0.62,0.32,0.316,0.34,0.325,0.34,0.359,0.489,0.5,0.477,0.516,0.358,0.404,0.411,0.426,0.399,0.426,0.388,0.545,0.543,0.536,0.545,0.389,0.375,0.37
254,1,0,13.1,1.2,0.51,0.7,0.462,0.468,0.455,0.458,0.482,0.475,0.688,0.719,0.746,0.739,0.592,0.572,0.608,0.576,0.583,0.591,0.593,0.776,0.8,0.776,0.78,0.525,0.533,0.559
255,2,0,13.8,0.7,0.48,0.65,0.347,0.352,0.361,0.308,0.355,0.366,0.536,0.527,0.508,0.543,0.456,0.423,0.444,0.411,0.403,0.403,0.425,0.576,0.579,0.533,0.543,0.408,0.385,0.396
256,3,0,12.9,0.5,0.38,0.81,0.403,0.421,0.429,0.425,0.477,0.419,0.659,0.64,0.651,0.614,0.545,0.517,0.538,0.524,0.552,0.534,0.523,0.722,0.746,0.694,0.714,0.485,0.467,0.488
257,4,0,10.5,1.2,0.49,0.73,0.472,0.496,0.467,0.497,0.477,0.433,0.704,0.722,0.698,0.694,0.584,0.577,0.581,0.589,0.581,0.54,0.575,0.757,0.76,0.763,0.762,0.508,0.481,0.517
258,5,0,14.2,1.7,0.67,0.65,0.461,0.418,0.421,0.439,0.434,0.473,0.678,0.649,0.696,0.668,0.569,0.57,0.557,0.534,0.552,0.524,0.57,0.755,0.728,0.73,0.755,0.532,0.503,0.513
259,6,1,8.8,2.0,0.68,0.85,0.463,0.484,0.438,0.426,0.411,0.445,0.657,0.679,0.637,0.671,0.547,0.568,0.508,0.541,0.578,0.542,0.564,0.75,0.715,0.695,0.722,0.476,0.492,0.528
260,7,1,11.4,0.5,0.74,0.81,0.419,0.378,0.386,0.406,0.401,0.384,0.567,0.525,0.584,0.563,0.475,0.487,0.49,0.475,0.484,0.527,0.512,0.643,0.621,0.644,0.631,0.428,0.45,0.383
261,1,0,13.2,3.1,0.8,0.74,0.476,0.496,0.479,0.458,0.487,0.485,0.745,0.709,0.715,0.689,0.58,0.589,0.535,0.571,0.581,0.611,0.612,0.761,0.752,0.744,0.749,0.514,0.518,0.539
262,2,0,10.5,1.1,0.34,0.75,0.506,0.465,0.411,0.452,0.446,0.454,0.675,0.679,0.679,0.716,0.545,0.551,0.533,0.538,0.542,0.562,0.559,0.689,0.741,0.719,0.751,0.513,0.508,0.498
263,3,0,10.2,1.7,0.51,0.66,0.325,0.368,0.381,0.371,0.344,0.377,0.554,0.535,0.535,0.538,0.48,0.432,0.444,0.47,0.434,0.465,0.467,0.611,0.609,0.545,0.576,0.411,0.407,0.393
264,4,0,11.8,0.5,0.73,0.64,0.525,0.483,0.501,0.52,0.501,0.49,0.724,0.759,0.699,0.729,0.597,0.606,0.63,0.61,0.585,0.602,0.575,0.767,0.782,0.766,0.804,0.5,0.504,0.539
265,5,0,11.7,2.7,0.56,0.81,0.438,0.434,0.435,0.426,0.433,0.418,0.671,0.671,0.669,0.666,0.535,0.539,0.529,0.561,0.566,0.554,0.532,0.687,0.701,0.693,0.671,0.469,0.477,0.487
266,6,1,10.6,0.2,0.53,0.56,0.368,0.33,0.338,0.337,0.334,0.372,0.551,0.546,0.522,0.535,0.45,0.422,0.413,0.485,0.433,0.423,0.467,0.597,0.59,0.549,0.539,0.386,0.396,0.368
267,7,1,11.1,0.5,0.6,0.67,0.421,0.437,0.402,0.412,0.4,0.407,0.582,0.597,0.576,0.623,0.516,0.48,0.502,0.484,0.517,0.525,0.526,0.672,0.669,0.675,0.638,0.454,0.446,0.462
268,1,0,7.7,1.5,0.07,0.45,0.427,0.437,0.456,0.457,0.439,0.459,0.65,0.683,0.655,0.67,0.523,0.554,0.551,0.577,0.551,0.537,0.545,0.716,0.714,0.706,0.681,0.435,0.464,0.483
269,2,0,13.1,0.0,0.47,0.69,0.268,0.243,0.23,0.249,0.229,0.254,0.39,0.337,0.364,0.348,0.331,0.286,0.329,0.308,0.313,0.278,0.323,0.404,0.387,0.408,0.436,0.258,0.235,0.286
270,3,0,13.2,2.1,0.04,0.63,0.27,0.257,0.281,0.293,0.262,0.245,0.437,0.439,0.412,0.383,0.315,0.334,0.321,0.339,0.324,0.336,0.36,0.408,0.474,0.468,0.457,0.303,0.343,0.301
271,4,0,12.9,0.4,0.67,0.77,0.279,0.261,0.22,0.266,0.21,0.229,0.384,0.391,0.372,0.364,0.298,0.338,0.314,0.302,0.267,0.301,0.307,0.403,0.366,0.407,0.386,0.292,0.299,0.29
272,5,0,7.8,0.4,0.32,0.75,0.303,0.275,0.353,0.325,0.313,0.316,0.47,0.473,0.451,0.51,0.394,0.371,0.387,0.405,0.404,0.354,0.377,0.5,0.502,0.47,0.495,0.346,0.364,0.343
273,6,1,10.8,0.0,0.21,0.79,0.392,0.399,0.39,0.384,0.431,0.387,0.661,0.645,0.608,0.612,0.519,0.524,0.51,0.513,0.496,0.526,0.516,0.673,0.687,0.692,0.697,0.445,0.474,0.433
274,7,1,11.4,1.2,0.64,0.56,0.228,0.26,0.228,0.265,0.265,0.249,0.382,0.4,0.391,0.419,0.351,0.304,0.307,0.334,0.327,0.299,0.342,0.395,0.464,0.447,0.435,0.268,0.301,0.276
275,1,0,6.6,0.4,0.61,0.78,0.409,0.394,0.408,0.367,0.355,0.378,0.567,0.581,0.586,0.564,0.449,0.451,0.486,0.489,0.492,0.477,0.46,0.613,0.616,0.613,0.609,0.442,0.385,0.408
276,2,0,6.3,0.4,0.15,0.84,0.292,0.227,0.232,0.27,0.249,0.242,0.356,0.334,0.36,0.399,0.321,0.297,0.345,0.351,0.309,0.317,0.297,0.398,0.399,0.398,0.442,0.25,0.301,0.246
277,3,0,9.8,0.6,0.37,0.66,0.288,0.252,0.284,0.233,0.26,0.253,0.372,0.43,0.396,0.381,0.348,0.322,0.327,0.315,0.309,0.338,0.335,0.428,0.447,0.423,0.445,0.306,0.282,0.315
278,4,0,9.4,1.1,0.34,0.53,0.349,0.321,0.374,0.387,0.34,0.348,0.563,0.554,0.566,0.543,0.462,0.473,0.433,0.449,0.424,0.441,0.463,0.565,0.558,0.61,0.606,0.429,0.397,0.421
279,5,0,9.7,0.1,0.52,0.7,0.396,0.417,0.417,0.411,0.418,0.426,0.581,0.587,0.596,0.616,0.506,0.49,0.476,0.496,0.486,0.5,0.493,0.672,0.651,0.673,0.647,0.451,0.443,0.444
280,6,1,12.8,0.0,0.57,0.72,0.399,0.404,0.436,0.419,0.402,0.407,0.623,0.623,0.662,0.64,0.556,0.516,0.505,0.524,0.52,0.519,0.543,0.647,0.669,0.656,0.64,0.492,0.468,0.545
281,7,1,6.3,2.7,0.7,0.71,0.274,0.256,0.282,0.272,0.264,0.282,0.401,0.352,0.424,0.395,0.345,0.377,0.335,0.368,0.36,0.318,0.319,0.442,0.464,0.414,0.418,0.311,0.292,0.29
282,1,0,7.6,2.4,0.19,0.79,0.446,0.439,0.446,0.441,0.441,0.451,0.717,0.687,0.676,0.717,0.581,0.588,0.569,0.539,0.566,0.567,0.55,0.724,0.762,0.732,0.753,0.516,0.515,0.509
283,2,0,8.3,0.7,0.64,0.59,0.378,0.361,0.397,0.379,0.388,0.376,0.591,0.559,0.579,0.569,0.463,0.491,0.493,0.491,0.452,0.464,0.501,0.656,0.618,0.615,0.633,0.429,0.418,0.407
284,3,0,11.6,0.2,0.49,0.56,0.283,0.324,0.3,0.325,0.327,0.309,0.463,0.462,0.457,0.412,0.389,0.407,0.402,0.401,0.355,0.387,0.378,0.518,0.49,0.517,0.494,0.357,0.337,0.328
285,4,0,11.3,1.2,0.87,0.58,0.38,0.366,0.391,0.41,0.381,0.39,0.58,0.571,0.601,0.55,0.45,0.486,0.493,0.491,0.49,0.459,0.486,0.635,0.625,0.601,0.638,0.419,0.45,0.421
286,5,0,10.2,0.4,0.61,0.64,0.476,0.456,0.442,0.472,0.49,0.42,0.675,0.655,0.667,0.665,0.544,0.552,0.528,0.525,0.576,0.557,0.563,0.729,0.696,0.718,0.722,0.5,0.491,0.491
287,6,1,10.6,0.1,0.48,0.76,0.482,0.441,0.462,0.473,0.459,0.426,0.692,0.689,0.7,0.703,0.56,0.566,0.573,0.56,0.564,0.561,0.572,0.754,0.75,0.751,0.745,0.522,0.469,0.53
288,7,1,5.9,0.5,0.78,0.75,0.47,0.481,0.435,0.449,0.443,0.475,0.687,0.719,0.695,0.691,0.606,0.558,0.55,0.552,0.583,0.573,0.593,0.719,0.761,0.756,0.726,0.499,0.505,0.518
289,1,0,5.8,0.5,0.3,0.71,0.224,0.268,0.293,0.239,0.245,0.264,0.341,0.357,0.377,0.376,0.299,0.281,0.266,0.345,0.33,0.309,0.31,0.447,0.405,0.409,0.406,0.313,0.284,0.299
290,2,0,6.1,0.5,0.57,0.8,0.298,0.236,0.271,0.284,0.274,0.306,0.444,0.422,0.43,0.421,0.39,0.365,0.355,0.352,0.36,0.385,0.363,0.465,0.433,0.51,0.45,0.321,0.322,0.317
291,3,0,8.1,0.2,0.33,0.69,0.442,0.467,0.452,0.485,0.467,0.455,0.703,0.731,0.721,0.753,0.629,0.618,0.59,0.585,0.555,0.58,0.573,0.79,0.76,0.767,0.76,0.511,0.526,0.527
292,4,0,8.4,0.9,0.68,0.68,0.277,0.255,0.258,0.271,0.262,0.245,0.404,0.395,0.381,0.418,0.331,0.323,0.337,0.31,0.328,0.336,0.326,0.413,0.439,0.424,0.432,0.302,0.306,0.318
293,5,0,7.8,0.5,0.6,0.69,0.289,0.279,0.296,0.278,0.265,0.276,0.437,0.424,0.419,0.429,0.358,0.371,0.371,0.367,0.307,0.337,0.342,0.466,0.468,0.456,0.472,0.327,0.345,0.313
294,6,1,4.2,0.1,0.5,0.93,0.395,0.421,0.427,0.406,0.422,0.385,0.61,0.593,0.593,0.589,0.517,0.528,0.508,0.475,0.512,0.531,0.516,0.672,0.661,0.68,0.661,0.444,0.415,0.491
295,7,1,9.1,0.8,0.26,0.77,0.32,0.271,0.251,0.26,0.286,0.271,0.361,0.385,0.4,0.386,0.325,0.347,0.34,0.317,0.338,0.367,0.347,0.456,0.42,0.445,0.456,0.302,0.306,0.3
296,1,0,6.2,0.5,0.52,0.67,0.356,0.359,0.379,0.372,0.382,0.401,0.549,0.552,0.519,0.566,0.441,0.463,0.47,0.468,0.459,0.466,0.465,0.617,0.606,0.564,0.593,0.422,0.39,0.417
297,2,0,8.2,0.0,0.85,0.69,0.259,0.262,0.267,0.268,0.266,0.271,0.416,0.39,0.414,0.364,0.278,0.364,0.368,0.334,0.336,0.35,0.296,0.414,0.388,0.444,0.439,0.272,0.262,0.303
298,3,0,5.0,1.8,0.08,0.62,0.34,0.376,0.34,0.333,0.356,0.37,0.517,0.547,0.516,0.505,0.433,0.438,0.463,0.443,0.445,0.448,0.461,0.564,0.617,0.593,0.557,0.402,0.386,0.387
299,4,0,4.1,3.0,0.34,0.51,0.419,0.439,0.418,0.414,0.401,0.415,0.658,0.614,0.652,0.625,0.555,0.524,0.547,0.524,0.54,0.526,0.538,0.709,0.706,0.716,0.702,0.455,0.457,0.513
300,5,0,4.6,0.2,0.26,0.95,0.337,0.346,0.302,0.313,0.303,0.325,0.511,0.465,0.495,0.507,0.411,0.432,0.398,0.436,0.421,0.397,0.397,0.486,0.548,0.525,0.542,0.367,0.368,0.358
301,6,1,3.5,0.8,0.42,0.84,0.304,0.315,0.314,0.303,0.283,0.311,0.493,0.488,0.528,0.48,0.411,0.377,0.366,0.379,0.393,0.369,0.392,0.52,0.518,0.487,0.529,0.37,0.352,0.349
302,7,1,8.4,0.9,0.24,0.82,0.292,0.302,0.277,0.291,0.252,0.288,0.43,0.42,0.4,0.461,0.381,0.354,0.32,0.368,0.308,0.363,0.403,0.465,0.481,0.485,0.485,0.333,0.337,0.277
303,1,0,1.7,0.5,0.4,0.73,0.496,0.474,0.492,0.477,0.498,0.499,0.692,0.706,0.713,0.664,0.62,0.574,0.591,0.617,0.599,0.615,0.56,0.758,0.812,0.778,0.75,0.502,0.57,0.519
304,2,0,1.5,0.1,0.33,0.62,0.331,0.348,0.355,0.364,0.335,0.389,0.528,0.533,0.568,0.547,0.452,0.399,0.435,0.473,0.475,0.447,0.434,0.561,0.603,0.551,0.556,0.395,0.385,0.382
305,3,0,8.1,0.3,0.35,0.67,0.434,0.372,0.401,0.414,0.423,0.416,0.67,0.642,0.648,0.651,0.526,0.532,0.544,0.52,0.568,0.498,0.579,0.676,0.697,0.71,0.697,0.457,0.471,0.461
306,4,0,5.7,1.1,0.79,0.85,0.343,0.401,0.364,0.387,0.365,0.372,0.559,0.58,0.543,0.591,0.442,0.484,0.473,0.45,0.487,0.505,0.494,0.619,0.618,0.627,0.6,0.415,0.399,0.424
307,5,0,3.9,1.1,0.41,0.8,0.343,0.332,0.321,0.36,0.331,0.317,0.439,0.464,0.457,0.451,0.39,0.379,0.403,0.418,0.365,0.381,0.371,0.49,0.539,0.524,0.488,0.362,0.355,0.316
308,6,1,3.8,0.6,0.52,0.85,0.324,0.363,0.397,0.37,0.383,0.379,0.54,0.573,0.558,0.552,0.449,0.498,0.461,0.448,0.513,0.477,0.467,0.622,0.619,0.61,0.572,0.428,0.424,0.42
309,7,1,5.4,1.1,0.23,0.59,0.445,0.419,0.437,0.505,0.468,0.446,0.659,0.674,0.693,0.687,0.604,0.578,0.602,0.581,0.591,0.582,0.596,0.739,0.761,0.706,0.734,0.514,0.524,0.486
310,1,0,7.0,0.9,0.46,0.84,0.278,0.253,0.322,0.255,0.27,0.293,0.48,0.426,0.425,0.445,0.314,0.341,0.332,0.36,0.376,0.373,0.334,0.465,0.503,0.441,0.45,0.33,0.323,0.32
311,2,0,2.2,0.0,0.58,0.75,0.305,0.24,0.252,0.285,0.258,0.274,0.382,0.38,0.388,0.432,0.33,0.385,0.323,0.364,0.327,0.327,0.338,0.428,0.436,0.416,0.436,0.299,0.311,0.286
312,3,0,2.3,2.0,0.83,0.65,0.379,0.364,0.348,0.331,0.378,0.399,0.564,0.559,0.523,0.576,0.459,0.443,0.446,0.49,0.466,0.451,0.476,0.593,0.589,0.581,0.615,0.432,0.422,0.454
313,4,0,0.3,0.2,0.47,0.69,0.276,0.28,0.306,0.264,0.252,0.31,0.452,0.436,0.416,0.445,0.352,0.371,0.354,0.363,0.346,0.353,0.381,0.527,0.485,0.448,0.446,0.356,0.285,0.344
314,5,0,5.4,0.2,0.27,0.6,0.324,0.343,0.317,0.3,0.36,0.323,0.482,0.464,0.465,0.47,0.375,0.401,0.387,0.359,0.35,0.403,0.39,0.486,0.51,0.513,0.489,0.362,0.353,0.343
315,6,1,3.8,0.2,0.34,0.56,0.486,0.442,0.498,0.489,0.477,0.471,0.692,0.692,0.701,0.688,0.584,0.605,0.603,0.586,0.623,0.578,0.594,0.776,0.777,0.753,0.761,0.527,0.531,0.532
316,7,1,5.7,0.6,0.27,0.57,0.49,0.455,0.447,0.478,0.47,0.467,0.661,0.701,0.685,0.696,0.587,0.549,0.567,0.544,0.592,0.579,0.573,0.749,0.738,0.753,0.731,0.5,0.461,0.502
317,1,0,6.1,0.1,0.12,0.76,0.515,0.49,0.491,0.473,0.48,0.455,0.751,0.742,0.705,0.729,0.581,0.599,0.615,0.568,0.591,0.609,0.606,0.781,0.781,0.755,0.806,0.551,0.536,0.496
318,2,0,4.7,1.6,0.39,0.56,0.376,0.354,0.346,0.367,0.345,0.358,0.552,0.533,0.526,0.539,0.449,0.462,0.451,0.479,0.45,0.444,0.444,0.556,0.571,0.6,0.574,0.439,0.415,0.381
319,3,0,2.9,1.4,0.53,0.72,0.369,0.336,0.374,0.346,0.338,0.358,0.548,0.537,0.564,0.521,0.431,0.476,0.468,0.44,0.445,0.437,0.427,0.6,0.596,0.595,0.564,0.381,0.379,0.373
320,4,0,-2.1,1.5,0.49,0.7,0.31,0.333,0.293,0.304,0.29,0.29,0.496,0.433,0.456,0.446,0.377,0.4,0.35,0.403,0.41,0.359,0.395,0.498,0.497,0.492,0.487,0.366,0.309,0.325
321,5,0,1.0,0.5,0.59,0.78,0.407,0.467,0.447,0.479,0.471,0.421,0.656,0.671,0.656,0.66,0.531,0.559,0.552,0.572,0.564,0.531,0.568,0.685,0.701,0.714,0.715,0.448,0.487,0.484
322,6,1,3.3,1.4,0.83,0.55,0.28,0.286,0.287,0.319,0.3,0.293,0.409,0.458,0.455,0.426,0.377,0.364,0.324,0.362,0.359,0.365,0.325,0.458,0.49,0.493,0.434,0.283,0.329,0.252
323,7,1,2.0,0.1,0.58,0.82,0.357,0.367,0.371,0.346,0.378,0.352,0.527,0.571,0.505,0.554,0.478,0.452,0.467,0.411,0.463,0.45,0.469,0.567,0.563,0.594,0.579,0.412,0.421,0.422
324,1,0,0.4,0.1,0.56,0.65,0.282,0.273,0.253,0.241,0.24,0.262,0.388,0.388,0.401,0.378,0.329,0.332,0.3,0.315,0.316,0.318,0.317,0.423,0.413,0.436,0.408,0.286,0.282,0.292
325,2,0,0.3,0.1,0.85,0.82,0.393,0.379,0.419,0.361,0.356,0.362,0.557,0.563,0.56,0.558,0.492,0.469,0.461,0.49,0.464,0.472,0.476,0.622,0.601,0.605,0.578,0.414,0.406,0.413
326,3,0,6.5,0.3,0.25,0.81,0.403,0.416,0.431,0.43,0.446,0.429,0.636,0.63,0.634,0.625,0.512,0.519,0.49,0.52,0.551,0.52,0.516,0.664,0.682,0.66,0.696,0.474,0.51,0.478
327,4,0,4.1,0.9,0.5,0.73,0.418,0.387,0.393,0.412,0.39,0.384,0.617,0.597,0.597,0.566,0.466,0.491,0.51,0.53,0.493,0.475,0.481,0.61,0.651,0.667,0.65,0.443,0.439,0.452
328,5,0,3.5,1.7,0.38,0.77,0.321,0.33,0.277,0.34,0.328,0.278,0.465,0.404,0.441,0.463,0.365,0.392,0.384,0.399,0.326,0.399,0.374,0.469,0.477,0.5,0.466,0.331,0.397,0.334
329,6,1,2.0,0.7,0.69,0.76,0.38,0.396,0.415,0.406,0.383,0.362,0.584,0.58,0.6,0.547,0.498,0.478,0.442,0.445,0.464,0.497,0.539,0.615,0.652,0.619,0.636,0.429,0.459,0.407
330,7,1,2.9,1.7,0.02,0.79,0.382,0.341,0.359,0.36,0.368,0.355,0.523,0.498,0.546,0.515,0.457,0.457,0.457,0.468,0.427,0.442,0.451,0.538,0.604,0.587,0.582,0.367,0.409,0.33
331,1,0,2.0,0.0,0.7,0.57,0.391,0.407,0.406,0.385,0.431,0.393,0.607,0.588,0.637,0.613,0.493,0.504,0.532,0.484,0.518,0.548,0.51,0.68,0.666,0.674,0.694,0.455,0.481,0.472
332,2,0,2.9,1.4,0.19,0.64,0.266,0.273,0.274,0.257,0.238,0.257,0.393,0.398,0.432,0.391,0.344,0.344,0.32,0.318,0.326,0.323,0.33,0.447,0.452,0.422,0.451,0.255,0.302,0.256
333,3,0,1.7,0.9,0.32,0.92,0.41,0.425,0.396,0.401,0.371,0.378,0.528,0.591,0.591,0.529,0.483,0.473,0.475,0.497,0.466,0.447,0.464,0.614,0.619,0.639,0.598,0.423,0.41,0.436
334,4,0,-4.1,1.1,0.32,0.47,0.25,0.292,0.264,0.26,0.295,0.3,0.429,0.427,0.403,0.43,0.359,0.347,0.354,0.349,0.353,0.339,0.34,0.443,0.44,0.445,0.439,0.298,0.332,0.357
335,5,0,-2.6,1.4,0.58,0.75,0.399,0.409,0.434,0.442,0.421,0.461,0.634,0.646,0.684,0.643,0.528,0.541,0.513,0.55,0.563,0.531,0.523,0.717,0.694,0.707,0.66,0.476,0.447,0.473
336,6,1,1.2,0.5,0.49,0.76,0.263,0.303,0.323,0.312,0.297,0.301,0.462,0.478,0.457,0.464,0.382,0.393,0.359,0.337,0.374,0.375,0.369,0.476,0.498,0.47,0.493,0.34,0.367,0.323
337,7,1,-0.7,2.7,0.67,0.79,0.38,0.446,0.409,0.412,0.424,0.399,0.681,0.662,0.639,0.666,0.524,0.499,0.556,0.543,0.532,0.499,0.556,0.722,0.681,0.674,0.694,0.483,0.452,0.475
338,1,0,0.7,0.7,0.17,0.73,0.273,0.253,0.275,0.261,0.269,0.289,0.409,0.432,0.383,0.411,0.286,0.321,0.345,0.346,0.351,0.322,0.306,0.453,0.424,0.402,0.475,0.272,0.297,0.303
339,2,0,-0.5,0.5,0.63,0.78,0.251,0.265,0.225,0.224,0.259,0.221,0.359,0.383,0.367,0.316,0.287,0.285,0.294,0.311,0.294,0.329,0.348,0.363,0.391,0.385,0.424,0.304,0.314,0.238
340,3,0,2.4,0.2,0.28,0.71,0.249,0.281,0.253,0.235,0.232,0.246,0.361,0.366,0.366,0.337,0.319,0.331,0.321,0.308,0.291,0.316,0.301,0.389,0.331,0.433,0.36,0.254,0.286,0.33
341,4,0,0.7,0.3,0.22,0.76,0.471,0.479,0.483,0.485,0.467,0.497,0.702,0.729,0.693,0.739,0.609,0.585,0.582,0.604,0.603,0.575,0.6,0.793,0.779,0.776,0.753,0.522,0.536,0.531
342,5,0,0.6,3.3,0.61,0.75,0.5,0.433,0.489,0.482,0.481,0.497,0.712,0.731,0.695,0.737,0.596,0.606,0.615,0.592,0.579,0.544,0.621,0.786,0.793,0.765,0.805,0.498,0.557,0.519
343,6,1,3.1,0.0,0.64,0.64,0.426,0.427,0.42,0.47,0.449,0.433,0.668,0.649,0.673,0.653,0.564,0.544,0.57,0.542,0.544,0.555,0.52,0.744,0.746,0.695,0.688,0.483,0.498,0.523
344,7,1,-1.4,1.3,0.31,0.71,0.373,0.387,0.36,0.36,0.365,0.384,0.573,0.577,0.604,0.534,0.451,0.502,0.454,0.475,0.455,0.462,0.455,0.59,0.616,0.626,0.586,0.41,0.409,0.409
345,1,0,-0.0,0.1,0.3,0.86,0.378,0.356,0.383,0.354,0.352,0.363,0.502,0.586,0.517,0.521,0.457,0.473,0.454,0.431,0.437,0.445,0.457,0.547,0.597,0.553,0.531,0.419,0.404,0.45
346,2,0,-1.6,0.2,0.19,0.67,0.263,0.282,0.252,0.261,0.29,0.288,0.398,0.419,0.416,0.398,0.363,0.309,0.336,0.367,0.338,0.361,0.362,0.434,0.437,0.46,0.448,0.275,0.334,0.262
347,3,0,2.6,1.4,0.28,0.63,0.337,0.339,0.327,0.288,0.374,0.315,0.481,0.473,0.49,0.486,0.42,0.392,0.392,0.408,0.398,0.419,0.398,0.504,0.521,0.554,0.526,0.346,0.344,0.347
348,4,0,0.1,1.8,0.48,0.69,0.364,0.305,0.309,0.306,0.311,0.323,0.499,0.451,0.501,0.477,0.4,0.406,0.406,0.391,0.433,0.399,0.397,0.524,0.539,0.471,0.514,0.396,0.337,0.384
349,5,0,-0.2,0.7,0.45,0.83,0.371,0.334,0.368,0.372,0.349,0.38,0.553,0.547,0.533,0.537,0.496,0.422,0.466,0.46,0.471,0.442,0.5,0.591,0.59,0.555,0.582,0.394,0.423,0.404
350,6,1,0.5,0.2,0.77,0.59,0.344,0.364,0.335,0.371,0.38,0.362,0.532,0.47,0.515,0.527,0.471,0.42,0.405,0.461,0.436,0.451,0.402,0.548,0.55,0.533,0.59,0.355,0.381,0.361
351,7,1,-0.6,1.1,0.58,0.84,0.35,0.331,0.36,0.297,0.347,0.368,0.501,0.531,0.498,0.498,0.432,0.435,0.441,0.437,0.409,0.421,0.464,0.555,0.566,0.547,0.548,0.404,0.419,0.343
352,1,0,-1.3,0.2,0.43,0.83,0.433,0.431,0.442,0.456,0.444,0.453,0.676,0.653,0.698,0.649,0.564,0.58,0.549,0.568,0.5,0.534,0.583,0.772,0.705,0.702,0.765,0.52,0.498,0.502
353,2,0,1.2,0.8,0.44,0.7,0.455,0.423,0.425,0.436,0.408,0.458,0.643,0.637,0.664,0.648,0.577,0.549,0.566,0.562,0.575,0.542,0.519,0.711,0.719,0.733,0.75,0.504,0.505,0.518
354,3,0,0.6,0.2,0.31,0.76,0.323,0.309,0.308,0.325,0.32,0.296,0.456,0.452,0.479,0.486,0.394,0.38,0.412,0.377,0.388,0.395,0.354,0.514,0.5,0.514,0.527,0.369,0.386,0.35
355,4,0,-1.1,0.8,0.82,0.64,0.393,0.394,0.41,0.348,0.396,0.429,0.61,0.628,0.549,0.591,0.46,0.53,0.486,0.52,0.532,0.477,0.479,0.642,0.685,0.683,0.607,0.45,0.453,0.47
356,5,0,-1.6,2.0,0.33,0.86,0.408,0.377,0.401,0.397,0.412,0.38,0.6,0.55,0.597,0.565,0.516,0.47,0.478,0.479,0.47,0.46,0.465,0.663,0.664,0.628,0.65,0.458,0.437,0.447
357,6,1,0.3,1.7,0.62,0.78,0.31,0.305,0.324,0.311,0.343,0.38,0.485,0.479,0.49,0.543,0.463,0.396,0.421,0.419,0.396,0.449,0.382,0.563,0.495,0.525,0.566,0.357,0.394,0.368
358,7,1,-2.4,0.9,0.4,0.7,0.481,0.451,0.441,0.467,0.434,0.443,0.683,0.69,0.691,0.694,0.559,0.571,0.572,0.577,0.562,0.571,0.599,0.745,0.776,0.711,0.765,0.544,0.534,0.564
359,1,0,1.8,0.9,0.49,0.76,0.456,0.468,0.447,0.507,0.481,0.479,0.674,0.722,0.696,0.733,0.626,0.603,0.584,0.572,0.602,0.592,0.586,0.784,0.743,0.795,0.785,0.557,0.541,0.538
360,2,0,1.3,2.3,0.47,0.76,0.273,0.283,0.24,0.335,0.27,0.27,0.423,0.39,0.404,0.41,0.355,0.342,0.337,0.339,0.386,0.391,0.36,0.49,0.48,0.494,0.46,0.347,0.286,0.303
361,3,0,-0.7,0.3,0.93,0.63,0.413,0.396,0.402,0.409,0.383,0.406,0.596,0.615,0.609,0.586,0.501,0.494,0.53,0.523,0.495,0.5,0.545,0.676,0.655,0.667,0.638,0.411,0.458,0.465
362,4,0,-2.8,0.7,0.61,0.74,0.368,0.347,0.353,0.394,0.357,0.329,0.546,0.537,0.533,0.516,0.442,0.447,0.457,0.403,0.436,0.42,0.462,0.583,0.61,0.579,0.586,0.417,0.432,0.403
363,5,0,0.2,4.5,0.45,0.67,0.243,0.236,0.3,0.282,0.247,0.278,0.408,0.416,0.423,0.387,0.31,0.316,0.33,0.33,0.367,0.322,0.354,0.418,0.392,0.472,0.439,0.326,0.297,0.303
364,6,1,-1.6,3.4,0.49,0.6,0.264,0.291,0.3,0.286,0.289,0.291,0.439,0.475,0.415,0.466,0.386,0.351,0.377,0.358,0.387,0.373,0.394,0.461,0.485,0.46,0.466,0.34,0.306,0.337
365,7,1,-0.1,1.3,0.43,0.62,0.394,0.403,0.393,0.417,0.394,0.408,0.614,0.635,0.583,0.592,0.508,0.496,0.466,0.478,0.511,0.513,0.492,0.674,0.67,0.628,0.656,0.438,0.456,0.418
1,1,0,-1.7,2.5,0.8,0.62,0.307,0.346,0.358,0.322,0.326,0.353,0.491,0.522,0.545,0.508,0.416,0.457,0.417,0.378,0.419,0.42,0.426,0.576,0.562,0.558,0.574,0.386,0.358,0.355
2,2,0,0.5,0.3,0.42,0.72,0.323,0.339,0.327,0.357,0.335,0.317,0.581,0.483,0.54,0.524,0.458,0.491,0.46,0.48,0.46,0.437,0.449,0.578,0.594,0.647,0.603,0.421,0.415,0.41
3,3,0,0.7,0.1,0.53,0.7,0.32,0.316,0.321,0.303,0.323,0.347,0.485,0.483,0.475,0.517,0.362,0.375,0.402,0.399,0.393,0.386,0.394,0.497,0.514,0.465,0.526,0.338,0.337,0.367
4,4,0,-0.5,2.6,0.79,0.73,0.31,0.311,0.302,0.275,0.309,0.297,0.447,0.445,0.458,0.425,0.361,0.408,0.425,0.397,0.395,0.337,0.336,0.488,0.458,0.467,0.464,0.382,0.346,0.345
5,5,0,3.0,1.9,0.09,0.72,0.253,0.302,0.259,0.292,0.297,0.28,0.395,0.408,0.441,0.454,0.348,0.337,0.379,0.345,0.366,0.372,0.335,0.454,0.448,0.454,0.469,0.309,0.328,0.31
6,6,1,-0.1,2.6,0.6,0.62,0.372,0.426,0.417,0.427,0.413,0.411,0.63,0.609,0.598,0.633,0.478,0.497,0.519,0.526,0.505,0.532,0.479,0.659,0.652,0.669,0.721,0.463,0.459,0.48
7,7,1,-2.5,0.2,0.63,0.65,0.344,0.366,0.373,0.347,0.354,0.356,0.531,0.511,0.512,0.521,0.46,0.393,0.413,0.441,0.427,0.438,0.447,0.567,0.572,0.538,0.553,0.408,0.393,0.369
8,1,0,2.2,0.0,0.87,0.83,0.228,0.277,0.28,0.278,0.253,0.275,0.414,0.406,0.384,0.416,0.362,0.338,0.326,0.323,0.359,0.333,0.325,0.412,0.453,0.411,0.427,0.319,0.298,0.307
9,2,0,-0.2,1.4,0.67,0.71,0.37,0.386,0.35,0.398,0.351,0.382,0.596,0.578,0.558,0.577,0.494,0.471,0.525,0.534,0.52,0.491,0.485,0.631,0.63,0.625,0.607,0.463,0.452,0.482
10,3,0,2.7,0.1,0.18,0.52,0.241,0.244,0.284,0.26,0.206,0.257,0.359,0.381,0.386,0.376,0.279,0.321,0.283,0.319,0.308,0.329,0.297,0.384,0.389,0.398,0.384,0.27,0.29,0.264
11,4,0,-0.0,3.0,0.42,0.7,0.284,0.32,0.335,0.31,0.309,0.333,0.485,0.479,0.507,0.508,0.382,0.419,0.421,0.395,0.422,0.405,0.36,0.548,0.501,0.529,0.538,0.375,0.369,0.351
12,5,0,5.7,1.3,0.2,0.73,0.416,0.398,0.396,0.434,0.412,0.432,0.648,0.659,0.649,0.628,0.518,0.547,0.542,0.532,0.523,0.533,0.547,0.74,0.662,0.644,0.705,0.444,0.456,0.49
13,6,1,3.1,4.7,0.36,0.65,0.236,0.206,0.266,0.232,0.248,0.277,0.397,0.377,0.37,0.384,0.318,0.299,0.299,0.298,0.306,0.321,0.324,0.409,0.394,0.414,0.43,0.271,0.285,0.323
14,7,1,1.3,1.5,0.8,0.81,0.391,0.378,0.377,0.375,0.361,0.332,0.561,0.525,0.536,0.566,0.45,0.45,0.459,0.449,0.442,0.459,0.473,0.611,0.597,0.613,0.578,0.408,0.417,0.46
15,1,0,-1.4,0.0,0.35,0.79,0.317,0.38,0.347,0.345,0.345,0.336,0.524,0.499,0.506,0.516,0.408,0.473,0.443,0.411,0.41,0.448,0.438,0.527,0.572,0.54,0.575,0.42,0.415,0.375
16,2,0,-0.0,0.8,0.46,0.7,0.25,0.251,0.248,0.284,0.277,0.27,0.416,0.419,0.381,0.41,0.287,0.337,0.334,0.351,0.369,0.402,0.309,0.423,0.431,0.414,0.452,0.329,0.282,0.311
17,3,0,-0.9,0.5,0.47,0.75,0.386,0.406,0.366,0.354,0.384,0.36,0.561,0.554,0.568,0.621,0.474,0.462,0.489,0.463,0.484,0.475,0.482,0.617,0.625,0.606,0.603,0.419,0.42,0.466
18,4,0,-0.0,0.7,0.7,0.68,0.324,0.308,0.298,0.292,0.318,0.327,0.469,0.547,0.477,0.524,0.406,0.396,0.438,0.4,0.446,0.432,0.436,0.551,0.55,0.555,0.531,0.385,0.338,0.37
19,5,0,4.6,0.2,0.55,0.73,0.339,0.338,0.306,0.303,0.338,0.297,0.461,0.489,0.475,0.481,0.435,0.39,0.388,0.419,0.337,0.412,0.378,0.465,0.524,0.52,0.482,0.36,0.351,0.329
20,6,1,4.8,1.0,0.69,0.64,0.453,0.451,0.471,0.474,0.481,0.5,0.706,0.73,0.699,0.704,0.581,0.579,0.592,0.578,0.587,0.583,0.593,0.805,0.757,0.728,0.75,0.511,0.498,0.532
21,7,1,2.8,0.0,0.75,0.69,0.42,0.434,0.443,0.436,0.377,0.396,0.637,0.619,0.636,0.603,0.515,0.528,0.539,0.515,0.512,0.515,0.515,0.667,0.674,0.712,0.686,0.462,0.474,0.46
22,1,0,-2.9,0.8,0.4,0.7,0.361,0.418,0.369,0.389,0.37,0.37,0.588,0.603,0.611,0.558,0.494,0.478,0.468,0.487,0.515,0.487,0.508,0.627,0.654,0.604,0.59,0.454,0.422,0.447
23,2,0,2.7,0.4,0.3,0.81,0.366,0.352,0.353,0.383,0.37,0.387,0.548,0.567,0.559,0.581,0.46,0.476,0.456,0.432,0.448,0.449,0.452,0.568,0.619,0.599,0.574,0.422,0.395,0.404
24,3,0,0.4,0.5,0.52,0.7,0.382,0.33,0.349,0.322,0.363,0.334,0.521,0.493,0.51,0.536,0.452,0.439,0.459,0.444,0.414,0.458,0.423,0.565,0.545,0.565,0.54,0.394,0.379,0.414
25,4,0,-1.2,2.6,0.35,0.82,0.423,0.438,0.389,0.431,0.433,0.424,0.651,0.611,0.669,0.619,0.525,0.559,0.566,0.52,0.584,0.549,0.574,0.708,0.72,0.681,0.702,0.494,0.462,0.506
26,5,0,1.1,2.6,0.52,0.75,0.453,0.449,0.447,0.426,0.434,0.43,0.642,0.674,0.648,0.64,0.553,0.55,0.577,0.538,0.538,0.531,0.513,0.692,0.711,0.709,0.723,0.466,0.48,0.469
27,6,1,1.9,2.0,0.76,0.85,0.423,0.466,0.436,0.428,0.41,0.418,0.628,0.636,0.623,0.632,0.538,0.529,0.518,0.523,0.532,0.498,0.53,0.67,0.67,0.676,0.693,0.463,0.454,0.47
28,7,1,0.3,0.2,0.58,0.45,0.471,0.454,0.471,0.483,0.444,0.46,0.736,0.718,0.691,0.678,0.567,0.56,0.554,0.524,0.551,0.548,0.568,0.764,0.748,0.733,0.758,0.491,0.51,0.535
29,1,0,-2.9,0.2,0.55,0.81,0.363,0.379,0.379,0.402,0.388,0.389,0.571,0.579,0.569,0.56,0.475,0.491,0.511,0.502,0.517,0.492,0.512,0.659,0.604,0.613,0.6,0.438,0.448,0.419
30,2,0,1.6,0.1,0.46,0.77,0.467,0.47,0.451,0.426,0.459,0.454,0.688,0.675,0.716,0.735,0.582,0.563,0.559,0.59,0.629,0.556,0.589,0.76,0.723,0.737,0.781,0.492,0.495,0.502
31,3,0,-0.6,1.5,0.53,0.71,0.243,0.257,0.242,0.241,0.265,0.255,0.363,0.397,0.381,0.404,0.305,0.329,0.34,0.348,0.33,0.337,0.321,0.415,0.437,0.427,0.374,0.316,0.309,0.289
32,4,0,2.3,0.9,0.65,0.58,0.311,0.353,0.32,0.309,0.365,0.317,0.498,0.497,0.507,0.473,0.46,0.43,0.439,0.436,0.405,0.386,0.401,0.565,0.548,0.53,0.515,0.39,0.384,0.361
33,5,0,4.0,0.9,0.42,0.88,0.316,0.301,0.311,0.322,0.31,0.287,0.446,0.488,0.46,0.45,0.383,0.41,0.388,0.418,0.403,0.422,0.356,0.51,0.51,0.493,0.509,0.36,0.343,0.369
34,6,1,1.8,0.5,0.16,0.63,0.263,0.306,0.341,0.301,0.295,0.296,0.471,0.45,0.475,0.454,0.401,0.386,0.393,0.407,0.391,0.389,0.376,0.502,0.515,0.481,0.475,0.372,0.331,0.295
35,7,1,-0.8,0.3,0.03,0.78,0.345,0.419,0.378,0.371,0.359,0.368,0.58,0.561,0.555,0.536,0.468,0.464,0.482,0.473,0.477,0.469,0.471,0.594,0.605,0.565,0.594,0.429,0.406,0.403
36,1,0,0.9,0.0,0.87,0.84,0.349,0.354,0.429,0.413,0.326,0.364,0.527,0.581,0.562,0.543,0.471,0.437,0.473,0.507,0.47,0.455,0.484,0.602,0.636,0.614,0.589,0.419,0.396,0.44
37,2,0,4.2,0.5,0.54,0.59,0.368,0.373,0.34,0.361,0.32,0.338,0.538,0.528,0.544,0.507,0.459,0.408,0.417,0.407,0.411,0.437,0.433,0.594,0.586,0.55,0.562,0.418,0.4,0.368
38,3,0,-0.6,0.7,0.83,0.77,0.278,0.251,0.307,0.245,0.27,0.288,0.425,0.416,0.381,0.418,0.37,0.339,0.353,0.312,0.315,0.342,0.373,0.444,0.431,0.46,0.424,0.281,0.304,0.319
39,4,0,-0.4,1.6,0.54,0.79,0.266,0.295,0.285,0.295,0.288,0.271,0.392,0.45,0.44,0.388,0.353,0.37,0.376,0.337,0.358,0.39,0.354,0.433,0.484,0.471,0.473,0.348,0.339,0.332
40,5,0,3.0,0.3,0.54,0.71,0.258,0.261,0.247,0.26,0.271,0.27,0.386,0.383,0.372,0.424,0.349,0.282,0.312,0.316,0.339,0.331,0.347,0.419,0.424,0.406,0.422,0.278,0.289,0.302
41,6,1,6.3,0.8,0.81,0.57,0.323,0.314,0.371,0.31,0.332,0.294,0.487,0.482,0.49,0.487,0.433,0.437,0.385,0.4,0.442,0.424,0.412,0.542,0.522,0.553,0.538,0.347,0.344,0.378
42,7,1,5.8,0.9,0.25,0.92,0.414,0.409,0.362,0.417,0.365,0.435,0.598,0.605,0.565,0.599,0.495,0.505,0.508,0.513,0.514,0.489,0.489,0.666,0.654,0.651,0.648,0.486,0.455,0.448
43,1,0,0.9,0.0,0.67,0.79,0.265,0.234,0.257,0.27,0.261,0.211,0.363,0.362,0.385,0.382,0.289,0.293,0.321,0.312,0.29,0.269,0.341,0.403,0.41,0.427,0.389,0.267,0.298,0.277
44,2,0,0.4,0.2,0.32,0.59,0.258,0.28,0.285,0.303,0.278,0.27,0.383,0.379,0.373,0.419,0.352,0.331,0.364,0.321,0.324,0.312,0.297,0.426,0.413,0.43,0.432,0.288,0.343,0.303
45,3,0,1.5,0.1,0.6,0.67,0.375,0.375,0.36,0.327,0.39,0.363,0.557,0.554,0.488,0.538,0.45,0.445,0.47,0.496,0.476,0.467,0.487,0.608,0.581,0.595,0.558,0.389,0.375,0.439
46,4,0,6.0,0.6,0.37,0.8,0.336,0.351,0.34,0.378,0.383,0.408,0.558,0.533,0.541,0.577,0.478,0.479,0.472,0.432,0.446,0.456,0.462,0.578,0.618,0.61,0.583,0.394,0.387,0.454
47,5,0,3.8,0.3,0.18,0.73,0.342,0.333,0.402,0.356,0.379,0.359,0.547,0.501,0.51,0.535,0.407,0.447,0.428,0.451,0.405,0.454,0.475,0.597,0.589,0.609,0.591,0.419,0.415,0.402
48,6,1,0.1,0.3,0.69,0.73,0.333,0.349,0.365,0.313,0.293,0.323,0.511,0.485,0.521,0.497,0.408,0.396,0.438,0.43,0.429,0.41,0.412,0.548,0.52,0.555,0.541,0.382,0.364,0.37
49,7,1,1.4,0.3,0.15,0.65,0.291,0.295,0.285,0.288,0.323,0.27,0.453,0.456,0.426,0.503,0.345,0.374,0.381,0.366,0.39,0.382,0.353,0.477,0.492,0.487,0.506,0.334,0.338,0.354
50,1,0,4.0,1.7,0.18,0.74,0.327,0.316,0.346,0.356,0.325,0.325,0.472,0.503,0.516,0.515,0.427,0.391,0.436,0.447,0.4,0.428,0.468,0.539,0.55,0.528,0.554,0.4,0.411,0.385
51,2,0,3.8,1.0,0.72,0.57,0.309,0.288,0.285,0.342,0.316,0.294,0.472,0.453,0.463,0.458,0.404,0.397,0.399,0.403,0.356,0.377,0.376,0.52,0.515,0.507,0.487,0.354,0.367,0.343
52,3,0,2.9,0.7,0.29,0.57,0.267,0.289,0.242,0.281,0.274,0.253,0.42,0.42,0.378,0.422,0.32,0.297,0.339,0.345,0.346,0.345,0.379,0.43,0.455,0.458,0.423,0.296,0.291,0.28
53,4,0,1.5,0.2,0.5,0.57,0.419,0.432,0.387,0.402,0.395,0.409,0.632,0.564,0.633,0.613,0.461,0.505,0.495,0.457,0.492,0.494,0.476,0.644,0.648,0.671,0.654,0.463,0.436,0.431
54,5,0,3.1,0.0,0.61,0.77,0.441,0.39,0.413,0.447,0.409,0.415,0.607,0.619,0.638,0.622,0.516,0.517,0.538,0.485,0.51,0.522,0.511,0.653,0.669,0.669,0.664,0.463,0.477,0.473
55,6,1,3.5,0.0,0.42,0.74,0.222,0.219,0.245,0.238,0.284,0.254,0.376,0.384,0.396,0.4,0.302,0.325,0.352,0.352,0.3,0.265,0.341,0.431,0.391,0.417,0.414,0.338,0.281,0.279
56,7,1,4.3,0.3,0.8,0.68,0.305,0.326,0.292,0.324,0.321,0.306,0.478,0.497,0.486,0.472,0.382,0.383,0.412,0.405,0.378,0.422,0.379,0.514,0.518,0.547,0.536,0.333,0.335,0.351
57,1,0,4.3,1.4,0.26,0.86,0.283,0.277,0.276,0.254,0.285,0.281,0.446,0.426,0.413,0.438,0.336,0.382,0.329,0.323,0.342,0.349,0.354,0.492,0.471,0.487,0.426,0.355,0.316,0.329
58,2,0,5.2,0.1,0.58,0.68,0.396,0.367,0.361,0.351,0.362,0.356,0.534,0.515,0.54,0.552,0.472,0.453,0.471,0.428,0.455,0.441,0.429,0.588,0.577,0.581,0.597,0.417,0.399,0.428
59,3,0,6.3,3.5,0.16,0.85,0.399,0.418,0.399,0.422,0.37,0.392,0.617,0.602,0.592,0.629,0.464,0.478,0.508,0.519,0.524,0.51,0.484,0.64,0.661,0.629,0.651,0.461,0.464,0.472
60,4,0,5.9,0.2,0.37,0.61,0.266,0.28,0.248,0.255,0.259,0.255,0.395,0.39,0.392,0.384,0.332,0.306,0.303,0.329,0.307,0.303,0.306,0.423,0.41,0.423,0.432,0.29,0.287,0.273
61,5,0,3.7,0.2,0.62,0.64,0.304,0.318,0.311,0.308,0.325,0.34,0.464,0.485,0.435,0.447,0.391,0.386,0.402,0.396,0.374,0.401,0.36,0.542,0.481,0.503,0.507,0.358,0.331,0.35
62,6,1,4.7,0.4,0.51,0.7,0.368,0.389,0.412,0.381,0.405,0.378,0.583,0.561,0.586,0.546,0.49,0.466,0.456,0.443,0.485,0.464,0.486,0.613,0.569,0.619,0.618,0.426,0.433,0.406
63,7,1,5.9,0.2,0.66,0.74,0.405,0.417,0.415,0.378,0.374,0.417,0.577,0.627,0.586,0.564,0.484,0.491,0.462,0.491,0.5,0.473,0.498,0.639,0.621,0.631,0.621,0.469,0.431,0.447
64,1,0,6.2,2.0,0.51,0.8,0.351,0.35,0.386,0.346,0.357,0.381,0.543,0.568,0.54,0.552,0.439,0.467,0.442,0.48,0.431,0.435,0.422,0.602,0.627,0.571,0.592,0.408,0.411,0.423
65,2,0,4.8,0.2,0.55,0.68,0.384,0.388,0.374,0.404,0.385,0.392,0.588,0.579,0.58,0.598,0.51,0.489,0.478,0.476,0.504,0.533,0.526,0.645,0.609,0.62,0.667,0.444,0.465,0.434
66,3,0,7.5,0.4,0.91,0.75,0.408,0.386,0.363,0.358,0.365,0.38,0.563,0.556,0.536,0.528,0.476,0.491,0.468,0.462,0.501,0.45,0.491,0.655,0.618,0.608,0.623,0.449,0.451,0.433
67,4,0,6.4,0.6,0.17,0.72,0.455,0.427,0.432,0.446,0.452,0.469,0.674,0.661,0.674,0.669,0.587,0.545,0.567,0.542,0.517,0.546,0.577,0.75,0.712,0.71,0.744,0.482,0.518,0.492
68,5,0,6.3,0.4,0.33,0.74,0.28,0.277,0.328,0.291,0.282,0.291,0.445,0.472,0.438,0.442,0.404,0.389,0.366,0.395,0.375,0.357,0.403,0.488,0.5,0.51,0.49,0.325,0.36,0.348
69,6,1,9.0,0.7,0.34,0.59,0.351,0.399,0.368,0.373,0.349,0.351,0.521,0.553,0.524,0.566,0.438,0.477,0.458,0.423,0.447,0.443,0.451,0.572,0.598,0.581,0.587,0.415,0.42,0.404
70,7,1,3.3,0.1,0.58,0.69,0.431,0.445,0.467,0.441,0.44,0.456,0.68,0.682,0.67,0.633,0.545,0.567,0.557,0.581,0.539,0.562,0.557,0.749,0.731,0.749,0.711,0.521,0.531,0.499
71,1,0,4.6,0.5,0.72,0.61,0.378,0.337,0.358,0.351,0.348,0.346,0.498,0.518,0.484,0.525,0.4,0.446,0.415,0.455,0.372,0.448,0.41,0.536,0.563,0.568,0.553,0.356,0.395,0.4
72,2,0,8.1,1.5,0.23,0.62,0.452,0.477,0.479,0.464,0.434,0.435,0.728,0.713,0.699,0.71,0.612,0.603,0.592,0.591,0.585,0.599,0.539,0.781,0.761,0.728,0.747,0.507,0.508,0.516
73,3,0,4.7,1.3,0.75,0.85,0.249,0.26,0.282,0.292,0.259,0.262,0.373,0.379,0.389,0.396,0.337,0.336,0.289,0.302,0.299,0.313,0.32,0.446,0.398,0.434,0.391,0.296,0.299,0.292
74,4,0,6.2,0.6,0.81,0.62,0.302,0.318,0.328,0.329,0.295,0.294,0.432,0.442,0.44,0.475,0.375,0.408,0.391,0.398,0.366,0.4,0.374,0.525,0.514,0.525,0.474,0.357,0.345,0.392
75,5,0,5.0,0.2,0.68,0.58,0.444,0.452,0.446,0.458,0.459,0.445,0.659,0.721,0.688,0.69,0.55,0.569,0.593,0.547,0.581,0.581,0.553,0.742,0.744,0.721,0.694,0.52,0.506,0.502
76,6,1,5.2,0.4,0.81,0.62,0.234,0.246,0.235,0.241,0.26,0.192,0.418,0.375,0.367,0.375,0.339,0.326,0.323,0.308,0.319,0.319,0.282,0.411,0.404,0.416,0.437,0.268,0.316,0.235
77,7,1,7.8,1.7,0.23,0.54,0.303,0.326,0.291,0.341,0.336,0.353,0.476,0.532,0.473,0.496,0.413,0.414,0.408,0.42,0.424,0.422,0.429,0.561,0.54,0.559,0.545,0.391,0.365,0.308
78,1,0,11.2,0.4,0.05,0.78,0.378,0.332,0.376,0.389,0.355,0.364,0.508,0.484,0.501,0.515,0.451,0.406,0.427,0.399,0.433,0.461,0.444,0.549,0.549,0.548,0.575,0.37,0.393,0.399
79,2,0,11.9,1.0,0.44,0.51,0.243,0.234,0.252,0.245,0.272,0.237,0.366,0.373,0.32,0.391,0.287,0.269,0.294,0.302,0.287,0.296,0.312,0.35,0.42,0.399,0.39,0.272,0.268,0.307
80,3,0,9.1,0.6,0.98,0.68,0.357,0.368,0.36,0.37,0.407,0.369,0.535,0.544,0.527,0.534,0.45,0.453,0.433,0.453,0.456,0.48,0.472,0.567,0.572,0.576,0.574,0.39,0.394,0.425
81,4,0,5.5,2.0,0.42,0.86,0.265,0.287,0.282,0.278,0.308,0.3,0.44,0.407,0.411,0.438,0.378,0.384,0.37,0.325,0.32,0.324,0.332,0.487,0.416,0.452,0.441,0.296,0.286,0.326
82,5,0,8.6,0.5,0.48,0.69,0.278,0.262,0.222,0.242,0.299,0.239,0.439,0.443,0.421,0.392,0.317,0.328,0.349,0.342,0.332,0.35,0.347,0.421,0.406,0.477,0.463,0.297,0.295,0.313
83,6,1,10.1,1.4,0.59,0.85,0.428,0.407,0.402,0.433,0.415,0.419,0.635,0.642,0.654,0.641,0.529,0.491,0.511,0.544,0.534,0.539,0.536,0.697,0.711,0.726,0.724,0.464,0.498,0.482
84,7,1,11.1,2.1,0.47,0.61,0.442,0.45,0.427,0.436,0.449,0.436,0.652,0.646,0.638,0.623,0.567,0.539,0.533,0.503,0.533,0.535,0.599,0.688,0.721,0.728,0.727,0.479,0.48,0.464
85,1,0,8.3,0.1,0.69,0.74,0.446,0.4,0.447,0.447,0.436,0.395,0.634,0.669,0.639,0.656,0.56,0.535,0.566,0.579,0.501,0.539,0.534,0.682,0.711,0.711,0.732,0.481,0.47,0.468
86,2,0,10.4,0.0,0.48,0.66,0.348,0.383,0.363,0.378,0.36,0.348,0.559,0.52,0.545,0.563,0.452,0.445,0.471,0.482,0.494,0.479,0.475,0.61,0.563,0.55,0.605,0.396,0.443,0.405
87,3,0,8.3,0.9,0.29,0.79,0.32,0.347,0.313,0.319,0.298,0.262,0.466,0.465,0.462,0.409,0.379,0.366,0.367,0.413,0.386,0.393,0.378,0.521,0.505,0.509,0.508,0.368,0.366,0.306
88,4,0,8.7,0.2,0.42,0.9,0.288,0.344,0.303,0.299,0.293,0.334,0.432,0.461,0.459,0.471,0.384,0.385,0.343,0.354,0.37,0.343,0.376,0.488,0.493,0.448,0.501,0.346,0.328,0.325
89,5,0,6.9,0.8,0.45,0.87,0.303,0.353,0.367,0.359,0.332,0.349,0.505,0.514,0.547,0.546,0.426,0.415,0.415,0.457,0.434,0.424,0.42,0.55,0.521,0.546,0.547,0.394,0.317,0.371
90,6,1,9.9,1.0,0.15,0.65,0.318,0.3,0.319,0.282,0.311,0.306,0.421,0.456,0.452,0.477,0.393,0.389,0.348,0.408,0.368,0.409,0.389,0.506,0.472,0.48,0.488,0.333,0.332,0.337
91,7,1,11.9,0.1,0.95,0.7,0.33,0.333,0.335,0.397,0.356,0.366,0.512,0.521,0.507,0.515,0.459,0.447,0.434,0.432,0.46,0.463,0.444,0.526,0.604,0.563,0.575,0.391,0.376,0.396
92,1,0,7.3,0.0,0.78,0.74,0.447,0.463,0.468,0.417,0.39,0.483,0.669,0.688,0.659,0.655,0.536,0.593,0.604,0.546,0.566,0.539,0.542,0.726,0.744,0.701,0.744,0.52,0.494,0.474
93,2,0,9.3,0.3,0.92,0.73,0.294,0.318,0.296,0.333,0.318,0.307,0.454,0.445,0.448,0.401,0.396,0.356,0.349,0.402,0.343,0.389,0.335,0.491,0.522,0.478,0.482,0.325,0.337,0.308
94,3,0,9.9,1.2,0.36,0.81,0.415,0.399,0.384,0.425,0.365,0.362,0.581,0.569,0.574,0.551,0.488,0.5,0.495,0.44,0.459,0.482,0.442,0.625,0.615,0.632,0.635,0.431,0.408,0.484
95,4,0,14.3,1.7,0.44,0.5,0.457,0.461,0.483,0.452,0.473,0.454,0.695,0.677,0.689,0.677,0.601,0.536,0.566,0.545,0.546,0.555,0.583,0.761,0.724,0.738,0.713,0.5,0.512,0.498
96,5,0,12.1,3.1,0.48,0.79,0.409,0.428,0.422,0.405,0.416,0.399,0.619,0.617,0.6,0.625,0.488,0.517,0.507,0.499,0.498,0.508,0.485,0.668,0.645,0.662,0.669,0.472,0.441,0.44
97,6,1,10.8,0.2,0.46,0.59,0.348,0.367,0.341,0.352,0.366,0.362,0.532,0.564,0.53,0.533,0.405,0.476,0.457,0.41,0.463,0.429,0.454,0.535,0.571,0.534,0.562,0.383,0.387,0.399
98,7,1,12.1,0.6,0.59,0.81,0.316,0.287,0.293,0.286,0.277,0.291,0.42,0.435,0.424,0.382,0.336,0.389,0.317,0.331,0.341,0.338,0.344,0.424,0.461,0.453,0.446,0.308,0.318,0.33
99,1,0,11.1,1.5,0.57,0.59,0.297,0.245,0.276,0.266,0.265,0.273,0.436,0.406,0.404,0.401,0.355,0.374,0.324,0.331,0.31,0.333,0.353,0.436,0.413,0.395,0.422,0.311,0.258,0.319
100,2,0,13.9,1.4,0.17,0.57,0.341,0.267,0.306,0.282,0.303,0.331,0.401,0.408,0.395,0.446,0.369,0.341,0.352,0.355,0.343,0.371,0.353,0.489,0.481,0.462,0.436,0.319,0.348,0.292
101,3,0,14.2,0.2,0.58,0.54,0.297,0.282,0.3,0.304,0.302,0.348,0.45,0.454,0.441,0.447,0.367,0.406,0.411,0.416,0.387,0.407,0.36,0.506,0.507,0.48,0.51,0.372,0.336,0.312
102,4,0,13.9,0.4,0.36,0.74,0.297,0.322,0.329,0.339,0.335,0.303,0.474,0.486,0.455,0.465,0.376,0.385,0.363,0.356,0.399,0.357,0.397,0.466,0.508,0.532,0.501,0.332,0.328,0.358
103,5,0,11.1,2.3,0.24,0.5,0.374,0.349,0.322,0.35,0.362,0.374,0.549,0.518,0.556,0.51,0.462,0.444,0.427,0.42,0.458,0.455,0.496,0.576,0.609,0.577,0.572,0.398,0.413,0.417
104,6,1,13.3,1.3,0.44,0.85,0.337,0.36,0.348,0.399,0.411,0.357,0.531,0.529,0.557,0.57,0.459,0.44,0.473,0.461,0.45,0.46,0.45,0.624,0.602,0.617,0.598,0.422,0.418,0.408
105,7,1,9.2,1.2,0.93,0.68,0.471,0.465,0.408,0.423,0.446,0.438,0.685,0.68,0.629,0.676,0.551,0.554,0.558,0.541,0.583,0.614,0.536,0.764,0.751,0.699,0.74,0.518,0.499,0.503
106,1,0,13.5,0.2,0.25,0.72,0.339,0.337,0.355,0.348,0.356,0.354,0.517,0.544,0.512,0.54,0.453,0.432,0.457,0.424,0.467,0.437,0.429,0.58,0.582,0.576,0.582,0.359,0.384,0.388
107,2,0,16.1,0.5,0.37,0.63,0.247,0.235,0.227,0.234,0.264,0.262,0.345,0.362,0.361,0.387,0.33,0.299,0.309,0.297,0.307,0.305,0.326,0.403,0.431,0.388,0.403,0.308,0.243,0.243
108,3,0,10.8,0.2,0.77,0.78,0.483,0.478,0.457,0.45,0.448,0.474,0.656,0.705,0.667,0.701,0.548,0.57,0.561,0.558,0.573,0.586,0.57,0.725,0.732,0.718,0.767,0.523,0.502,0.501
109,4,0,10.7,0.4,0.76,0.77,0.453,0.428,0.443,0.449,0.457,0.462,0.712,0.696,0.692,0.709,0.589,0.608,0.607,0.597,0.592,0.579,0.626,0.759,0.765,0.756,0.769,0.52,0.542,0.514
110,5,0,13.9,0.1,0.71,0.62,0.289,0.299,0.322,0.271,0.307,0.27,0.43,0.446,0.417,0.427,0.313,0.341,0.353,0.372,0.382,0.393,0.333,0.468,0.476,0.442,0.465,0.311,0.296,0.347
111,6,1,14.0,0.7,0.31,0.67,0.307,0.305,0.304,0.317,0.305,0.343,0.478,0.468,0.487,0.476,0.394,0.414,0.395,0.395,0.418,0.419,0.412,0.513,0.526,0.491,0.522,0.371,0.373,0.32
112,7,1,10.6,0.3,0.67,0.84,0.441,0.441,0.478,0.469,0.472,0.469,0.684,0.69,0.695,0.706,0.574,0.567,0.56,0.57,0.551,0.62,0.58,0.712,0.754,0.747,0.752,0.512,0.498,0.526
113,1,0,10.3,0.9,0.05,0.63,0.287,0.241,0.256,0.241,0.222,0.25,0.365,0.347,0.405,0.427,0.331,0.329,0.317,0.329,0.345,0.308,0.321,0.389,0.403,0.39,0.447,0.292,0.297,0.269
114,2,0,12.4,0.8,0.68,0.71,0.261,0.255,0.261,0.261,0.258,0.269,0.43,0.401,0.404,0.397,0.31,0.327,0.308,0.3,0.296,0.348,0.317,0.435,0.41,0.433,0.4,0.27,0.307,0.308
115,3,0,14.2,1.1,0.27,0.8,0.503,0.463,0.456,0.485,0.458,0.476,0.724,0.7,0.682,0.734,0.575,0.582,0.577,0.564,0.613,0.573,0.613,0.759,0.782,0.75,0.772,0.515,0.527,0.545
116,4,0,14.4,1.8,0.84,0.65,0.42,0.405,0.367,0.354,0.377,0.398,0.575,0.569,0.543,0.578,0.477,0.446,0.498,0.459,0.474,0.459,0.514,0.594,0.599,0.607,0.614,0.419,0.422,0.422
117,5,0,14.5,1.0,0.82,0.69,0.247,0.265,0.264,0.238,0.271,0.263,0.38,0.406,0.406,0.389,0.315,0.315,0.326,0.319,0.337,0.333,0.32,0.426,0.457,0.418,0.456,0.268,0.313,0.289
118,6,1,14.8,0.8,0.22,0.58,0.446,0.505,0.457,0.488,0.47,0.449,0.699,0.715,0.733,0.709,0.586,0.627,0.592,0.614,0.575,0.618,0.616,0.775,0.762,0.781,0.824,0.533,0.55,0.541
119,7,1,14.6,0.2,0.53,0.59,0.301,0.247,0.271,0.256,0.295,0.298,0.422,0.432,0.425,0.423,0.354,0.361,0.331,0.354,0.345,0.333,0.354,0.499,0.511,0.435,0.494,0.359,0.339,0.305
120,1,0,17.2,0.9,0.51,0.7,0.287,0.267,0.292,0.28,0.275,0.281,0.435,0.422,0.442,0.478,0.38,0.392,0.392,0.35,0.366,0.382,0.348,0.476,0.512,0.524,0.496,0.325,0.359,0.3
121,2,0,14.1,0.4,0.23,0.67,0.278,0.298,0.305,0.245,0.304,0.3,0.43,0.441,0.468,0.446,0.388,0.368,0.358,0.368,0.363,0.374,0.39,0.459,0.472,0.475,0.423,0.337,0.309,0.333
122,3,0,17.5,0.7,0.63,0.78,0.362,0.363,0.294,0.321,0.352,0.31,0.526,0.522,0.471,0.513,0.369,0.443,0.443,0.4,0.457,0.429,0.413,0.538,0.564,0.572,0.563,0.365,0.392,0.328
123,4,0,18.6,0.6,0.52,0.64,0.245,0.267,0.254,0.266,0.223,0.268,0.367,0.379,0.35,0.405,0.34,0.302,0.294,0.329,0.343,0.322,0.31,0.418,0.422,0.434,0.42,0.297,0.286,0.266
124,5,0,18.1,1.0,0.1,0.78,0.304,0.287,0.292,0.269,0.285,0.272,0.428,0.415,0.408,0.42,0.383,0.36,0.395,0.368,0.362,0.321,0.379,0.468,0.45,0.501,0.478,0.353,0.342,0.321
125,6,1,17.9,0.3,0.39,0.62,0.282,0.31,0.348,0.282,0.293,0.307,0.405,0.428,0.478,0.469,0.353,0.358,0.389,0.341,0.385,0.4,0.397,0.483,0.484,0.48,0.509,0.334,0.293,0.361
126,7,1,13.7,1.9,0.38,0.69,0.335,0.329,0.346,0.332,0.314,0.35,0.497,0.502,0.508,0.506,0.434,0.417,0.359,0.438,0.436,0.404,0.467,0.543,0.56,0.529,0.524,0.356,0.401,0.39
127,1,0,14.1,0.9,0.44,0.62,0.361,0.344,0.346,0.361,0.346,0.354,0.513,0.491,0.537,0.498,0.412,0.442,0.406,0.407,0.456,0.416,0.415,0.563,0.544,0.56,0.54,0.382,0.368,0.388
128,2,0,19.1,0.1,0.84,0.73,0.403,0.38,0.437,0.435,0.407,0.387,0.619,0.618,0.602,0.592,0.527,0.484,0.495,0.517,0.533,0.494,0.527,0.642,0.68,0.665,0.659,0.472,0.455,0.478
129,3,0,15.5,0.4,0.7,0.69,0.325,0.325,0.357,0.351,0.289,0.317,0.51,0.491,0.542,0.499,0.414,0.381,0.417,0.398,0.413,0.417,0.434,0.518,0.535,0.529,0.509,0.346,0.366,0.396
130,4,0,16.3,3.7,0.58,0.68,0.394,0.424,0.369,0.407,0.415,0.375,0.574,0.562,0.535,0.571,0.474,0.481,0.516,0.498,0.492,0.48,0.492,0.602,0.605,0.615,0.631,0.423,0.438,0.421
131,5,0,22.7,1.2,0.38,0.77,0.407,0.444,0.413,0.421,0.445,0.44,0.64,0.638,0.642,0.666,0.543,0.565,0.552,0.509,0.543,0.516,0.567,0.672,0.665,0.698,0.722,0.485,0.484,0.467
132,6,1,17.1,0.8,0.12,0.66,0.435,0.46,0.441,0.491,0.507,0.451,0.646,0.697,0.709,0.653,0.567,0.582,0.552,0.554,0.553,0.571,0.567,0.753,0.741,0.769,0.764,0.53,0.519,0.497
133,7,1,14.9,0.6,0.73,0.62,0.454,0.464,0.461,0.448,0.452,0.429,0.654,0.671,0.613,0.654,0.535,0.562,0.549,0.552,0.528,0.524,0.554,0.705,0.701,0.691,0.71,0.505,0.465,0.494
134,1,0,19.7,0.5,0.85,0.86,0.323,0.295,0.319,0.326,0.324,0.325,0.494,0.509,0.476,0.521,0.4,0.397,0.392,0.413,0.384,0.408,0.405,0.499,0.554,0.518,0.528,0.344,0.363,0.331
135,2,0,16.2,0.3,0.29,0.6,0.445,0.492,0.423,0.463,0.458,0.446,0.685,0.673,0.692,0.69,0.586,0.577,0.587,0.57,0.557,0.569,0.557,0.746,0.714,0.75,0.746,0.494,0.497,0.516
136,3,0,16.1,2.0,0.57,0.79,0.256,0.318,0.302,0.326,0.319,0.323,0.447,0.479,0.452,0.439,0.409,0.412,0.41,0.41,0.378,0.407,0.377,0.521,0.528,0.477,0.559,0.367,0.334,0.348
137,4,0,13.0,0.3,0.36,0.72,0.373,0.409,0.411,0.389,0.345,0.359,0.59,0.556,0.584,0.573,0.488,0.462,0.475,0.459,0.489,0.477,0.451,0.618,0.63,0.64,0.646,0.431,0.447,0.48
138,5,0,15.0,0.0,0.56,0.54,0.346,0.375,0.347,0.382,0.343,0.359,0.527,0.54,0.561,0.584,0.481,0.474,0.439,0.44,0.44,0.463,0.459,0.601,0.603,0.57,0.57,0.417,0.412,0.393
139,6,1,19.1,0.0,0.4,0.75,0.449,0.387,0.378,0.366,0.407,0.412,0.623,0.591,0.595,0.592,0.517,0.512,0.488,0.51,0.515,0.506,0.484,0.627,0.644,0.616,0.649,0.449,0.447,0.412
140,7,1,14.2,0.2,0.44,0.71,0.313,0.303,0.305,0.289,0.341,0.296,0.461,0.444,0.456,0.391,0.356,0.386,0.374,0.376,0.381,0.382,0.336,0.502,0.457,0.485,0.469,0.312,0.341,0.334
141,1,0,17.1,0.3,0.8,0.54,0.417,0.49,0.451,0.454,0.438,0.497,0.673,0.68,0.683,0.706,0.554,0.554,0.605,0.558,0.592,0.549,0.573,0.756,0.754,0.766,0.757,0.504,0.508,0.546
142,2,0,20.6,0.8,0.79,0.81,0.266,0.258,0.296,0.271,0.22,0.281,0.432,0.416,0.407,0.406,0.318,0.309,0.344,0.349,0.314,0.36,0.352,0.412,0.405,0.434,0.44,0.277,0.294,0.316
143,3,0,17.2,0.4,0.63,0.73,0.331,0.309,0.33,0.323,0.311,0.355,0.496,0.481,0.488,0.5,0.405,0.368,0.401,0.403,0.411,0.386,0.416,0.516,0.549,0.547,0.502,0.418,0.359,0.341
144,4,0,15.8,1.0,0.8,0.7,0.353,0.318,0.351,0.346,0.332,0.325,0.495,0.501,0.479,0.465,0.403,0.403,0.414,0.427,0.405,0.422,0.431,0.513,0.541,0.532,0.53,0.4,0.334,0.387
145,5,0,18.7,0.1,0.6,0.81,0.426,0.426,0.373,0.45,0.439,0.432,0.623,0.642,0.661,0.612,0.539,0.547,0.525,0.499,0.514,0.553,0.514,0.661,0.675,0.72,0.677,0.467,0.491,0.469
146,6,1,17.6,0.5,0.49,0.78,0.342,0.285,0.325,0.31,0.344,0.301,0.468,0.458,0.451,0.451,0.394,0.392,0.373,0.415,0.444,0.407,0.391,0.497,0.53,0.475,0.503,0.354,0.334,0.328
147,7,1,17.5,0.2,0.22,0.83,0.295,0.317,0.293,0.304,0.307,0.319,0.448,0.441,0.465,0.49,0.377,0.372,0.363,0.366,0.369,0.405,0.376,0.446,0.501,0.526,0.44,0.342,0.338,0.349
148,1,0,16.0,0.3,0.75,0.54,0.266,0.25,0.308,0.297,0.322,0.266,0.422,0.386,0.432,0.397,0.341,0.367,0.374,0.354,0.364,0.359,0.374,0.449,0.482,0.45,0.458,0.314,0.282,0.324
149,2,0,19.1,2.6,0.14,0.58,0.384,0.392,0.403,0.363,0.407,0.387,0.572,0.555,0.584,0.591,0.442,0.455,0.496,0.491,0.468,0.468,0.473,0.585,0.599,0.606,0.632,0.43,0.421,0.386
150,3,0,20.9,0.0,0.55,0.63,0.434,0.432,0.432,0.41,0.45,0.429,0.63,0.627,0.635,0.613,0.538,0.548,0.566,0.553,0.505,0.52,0.516,0.691,0.705,0.704,0.696,0.488,0.505,0.479
151,4,0,19.0,0.0,0.68,0.55,0.416,0.424,0.462,0.441,0.448,0.464,0.706,0.718,0.728,0.725,0.625,0.55,0.571,0.619,0.611,0.58,0.625,0.762,0.781,0.755,0.756,0.57,0.548,0.527
152,5,0,19.2,2.2,0.39,0.73,0.376,0.392,0.408,0.373,0.413,0.382,0.573,0.585,0.6,0.557,0.472,0.495,0.515,0.466,0.465,0.493,0.464,0.653,0.64,0.687,0.656,0.422,0.441,0.455
153,6,1,18.5,1.0,0.38,0.72,0.265,0.252,0.269,0.251,0.283,0.249,0.412,0.394,0.415,0.405,0.323,0.333,0.316,0.372,0.32,0.333,0.336,0.411,0.42,0.421,0.388,0.296,0.314,0.27
154,7,1,18.5,0.4,0.68,0.63,0.241,0.262,0.293,0.259,0.244,0.279,0.387,0.404,0.41,0.392,0.342,0.328,0.319,0.34,0.343,0.32,0.336,0.446,0.411,0.407,0.442,0.291,0.297,0.243
155,1,0,21.9,0.2,0.43,0.37,0.252,0.252,0.276,0.272,0.26,0.244,0.376,0.392,0.429,0.366,0.295,0.338,0.314,0.347,0.321,0.342,0.337,0.422,0.398,0.379,0.417,0.277,0.289,0.269
156,2,0,13.3,0.1,0.52,0.74,0.262,0.274,0.277,0.251,0.229,0.258,0.366,0.401,0.386,0.387,0.33,0.288,0.306,0.316,0.368,0.322,0.319,0.468,0.45,0.41,0.453,0.302,0.301,0.302
157,3,0,19.1,1.8,0.75,0.74,0.406,0.388,0.39,0.38,0.398,0.409,0.59,0.615,0.608,0.601,0.529,0.48,0.495,0.444,0.47,0.468,0.477,0.65,0.628,0.648,0.668,0.45,0.455,0.426
158,4,0,15.9,0.4,0.46,0.7,0.28,0.303,0.36,0.337,0.282,0.321,0.464,0.457,0.435,0.466,0.392,0.375,0.385,0.396,0.403,0.405,0.374,0.448,0.491,0.482,0.471,0.347,0.306,0.357
159,5,0,14.6,0.4,0.46,0.76,0.344,0.329,0.323,0.297,0.325,0.275,0.455,0.48,0.474,0.471,0.387,0.385,0.391,0.396,0.388,0.382,0.419,0.527,0.551,0.506,0.526,0.398,0.381,0.401
160,6,1,18.9,0.3,0.49,0.78,0.458,0.431,0.442,0.44,0.454,0.473,0.687,0.668,0.689,0.695,0.577,0.56,0.582,0.526,0.593,0.575,0.593,0.742,0.731,0.738,0.753,0.527,0.51,0.516
161,7,1,23.2,0.3,0.83,0.69,0.477,0.488,0.469,0.499,0.477,0.48,0.72,0.724,0.716,0.697,0.567,0.6,0.616,0.588,0.636,0.607,0.587,0.779,0.751,0.778,0.777,0.517,0.546,0.536
162,1,0,17.2,0.6,0.59,0.7,0.4,0.382,0.414,0.41,0.364,0.411,0.587,0.597,0.605,0.574,0.517,0.483,0.526,0.489,0.499,0.498,0.516,0.627,0.631,0.636,0.647,0.464,0.435,0.427
163,2,0,21.2,0.0,0.35,0.74,0.471,0.465,0.471,0.481,0.477,0.462,0.678,0.715,0.754,0.71,0.58,0.568,0.565,0.611,0.581,0.589,0.623,0.762,0.751,0.767,0.771,0.528,0.542,0.564
164,3,0,20.5,0.6,0.86,0.64,0.246,0.233,0.22,0.249,0.229,0.246,0.351,0.385,0.377,0.388,0.318,0.293,0.314,0.279,0.304,0.33,0.282,0.428,0.399,0.407,0.43,0.298,0.265,0.319
165,4,0,20.3,0.8,0.22,0.86,0.325,0.324,0.36,0.352,0.343,0.326,0.526,0.514,0.549,0.542,0.436,0.469,0.449,0.449,0.451,0.467,0.45,0.602,0.549,0.545,0.61,0.402,0.417,0.361
166,5,0,20.7,1.1,0.71,0.68,0.43,0.476,0.431,0.465,0.465,0.492,0.722,0.682,0.682,0.664,0.579,0.582,0.577,0.558,0.562,0.581,0.561,0.758,0.736,0.741,0.75,0.506,0.535,0.503
167,6,1,21.5,1.0,0.51,0.88,0.265,0.278,0.266,0.29,0.268,0.301,0.404,0.457,0.413,0.44,0.378,0.346,0.35,0.352,0.401,0.37,0.359,0.45,0.485,0.452,0.444,0.316,0.31,0.315
168,7,1,14.8,1.2,0.29,0.61,0.49,0.477,0.473,0.428,0.497,0.464,0.698,0.689,0.677,0.684,0.571,0.551,0.549,0.601,0.554,0.564,0.595,0.72,0.747,0.772,0.729,0.507,0.486,0.542
169,1,0,19.2,3.4,0.76,0.65,0.449,0.431,0.431,0.464,0.43,0.487,0.643,0.661,0.615,0.649,0.511,0.587,0.532,0.526,0.548,0.593,0.538,0.707,0.695,0.736,0.708,0.518,0.489,0.488
170,2,0,21.0,1.2,0.28,0.64,0.373,0.329,0.346,0.371,0.324,0.365,0.48,0.565,0.526,0.515,0.426,0.427,0.416,0.44,0.442,0.419,0.428,0.543,0.572,0.536,0.554,0.387,0.372,0.393
171,3,0,23.1,0.9,0.64,0.55,0.46,0.477,0.458,0.466,0.483,0.455,0.739,0.697,0.722,0.681,0.57,0.54,0.589,0.61,0.604,0.559,0.575,0.759,0.817,0.764,0.767,0.529,0.539,0.525
172,4,0,16.4,0.2,0.51,0.67,0.445,0.431,0.425,0.401,0.436,0.382,0.68,0.618,0.656,0.652,0.567,0.501,0.54,0.571,0.555,0.515,0.53,0.671,0.682,0.667,0.689,0.502,0.483,0.487
173,5,0,19.9,0.2,0.23,0.75,0.41,0.38,0.426,0.379,0.44,0.424,0.589,0.622,0.588,0.596,0.487,0.478,0.512,0.497,0.498,0.487,0.488,0.623,0.629,0.665,0.643,0.457,0.426,0.458
174,6,1,17.2,1.6,0.38,0.69,0.47,0.45,0.47,0.45,0.482,0.466,0.679,0.7,0.703,0.662,0.545,0.594,0.576,0.591,0.58,0.58,0.562,0.779,0.746,0.765,0.752,0.515,0.54,0.526
175,7,1,20.7,1.7,0.57,0.57,0.469,0.452,0.45,0.436,0.437,0.435,0.695,0.692,0.65,0.721,0.571,0.571,0.578,0.593,0.586,0.557,0.587,0.755,0.741,0.719,0.758,0.545,0.502,0.516
176,1,0,17.9,2.8,0.31,0.6,0.304,0.333,0.343,0.336,0.349,0.329,0.502,0.551,0.52,0.501,0.414,0.429,0.408,0.4,0.385,0.398,0.425,0.528,0.53,0.527,0.517,0.365,0.367,0.34
177,2,0,21.2,0.1,0.59,0.62,0.469,0.467,0.497,0.477,0.475,0.443,0.667,0.694,0.688,0.687,0.555,0.566,0.58,0.569,0.553,0.574,0.578,0.776,0.751,0.762,0.77,0.539,0.532,0.505
178,3,0,17.3,1.5,0.66,0.7,0.376,0.328,0.366,0.353,0.356,0.383,0.594,0.592,0.594,0.574,0.475,0.492,0.485,0.444,0.495,0.47,0.507,0.62,0.592,0.608,0.624,0.422,0.47,0.42
179,4,0,22.6,0.2,0.67,0.73,0.351,0.376,0.31,0.343,0.356,0.343,0.533,0.557,0.521,0.529,0.434,0.414,0.455,0.413,0.417,0.431,0.463,0.569,0.574,0.567,0.539,0.354,0.363,0.394
180,5,0,13.5,1.5,0.72,0.73,0.438,0.415,0.417,0.423,0.41,0.428,0.651,0.695,0.695,0.652,0.537,0.595,0.541,0.535,0.56,0.532,0.583,0.738,0.755,0.737,0.735,0.454,0.51,0.527
181,6,1,20.1,0.1,0.54,0.72,0.37,0.322,0.323,0.349,0.349,0.323,0.5,0.475,0.461,0.514,0.418,0.423,0.432,0.434,0.435,0.388,0.441,0.56,0.567,0.493,0.534,0.35,0.397,0.387
182,7,1,18.8,0.2,0.13,0.79,0.373,0.315,0.299,0.367,0.315,0.335,0.521,0.472,0.486,0.527,0.436,0.43,0.42,0.402,0.409,0.418,0.415,0.542,0.547,0.584,0.537,0.402,0.361,0.382
183,1,0,21.1,0.4,0.83,0.81,0.448,0.447,0.466,0.445,0.472,0.471,0.675,0.698,0.682,0.655,0.564,0.537,0.589,0.56,0.593,0.562,0.599,0.742,0.73,0.732,0.764,0.507,0.489,0.532
184,2,0,18.1,0.8,0.15,0.79,0.266,0.279,0.25,0.274,0.224,0.28,0.411,0.371,0.41,0.411,0.334,0.319,0.342,0.315,0.356,0.3,0.357,0.429,0.42,0.418,0.454,0.337,0.294,0.275
185,3,0,20.9,0.3,0.2,0.55,0.248,0.226,0.224,0.241,0.292,0.242,0.39,0.37,0.388,0.371,0.312,0.321,0.312,0.345,0.345,0.273,0.286,0.409,0.387,0.376,0.398,0.306,0.278,0.266
186,4,0,23.4,2.2,0.6,0.68,0.425,0.42,0.373,0.412,0.425,0.424,0.595,0.599,0.646,0.65,0.507,0.529,0.532,0.501,0.514,0.505,0.53,0.652,0.676,0.672,0.644,0.478,0.499,0.469
187,5,0,21.0,0.1,0.87,0.72,0.333,0.313,0.291,0.318,0.28,0.3,0.445,0.473,0.458,0.433,0.393,0.384,0.362,0.405,0.393,0.367,0.38,0.509,0.509,0.505,0.498,0.357,0.309,0.383
188,6,1,20.7,2.4,0.77,0.74,0.418,0.41,0.416,0.409,0.417,0.422,0.585,0.612,0.592,0.611,0.471,0.484,0.532,0.497,0.481,0.498,0.501,0.654,0.644,0.651,0.645,0.439,0.443,0.467
189,7,1,21.3,2.2,0.34,0.58,0.384,0.397,0.353,0.435,0.385,0.411,0.596,0.62,0.585,0.596,0.511,0.542,0.487,0.503,0.502,0.48,0.477,0.684,0.665,0.663,0.646,0.414,0.443,0.486
190,1,0,19.3,0.2,0.29,0.8,0.187,0.253,0.245,0.224,0.272,0.235,0.363,0.392,0.393,0.363,0.339,0.34,0.282,0.303,0.327,0.291,0.342,0.434,0.428,0.392,0.358,0.293,0.305,0.295
191,2,0,19.3,1.1,0.75,0.73,0.458,0.439,0.444,0.41,0.458,0.467,0.645,0.632,0.682,0.673,0.563,0.545,0.547,0.558,0.559,0.556,0.578,0.693,0.731,0.715,0.691,0.499,0.48,0.472
192,3,0,19.1,0.8,0.44,0.78,0.392,0.345,0.312,0.329,0.299,0.325,0.488,0.494,0.494,0.553,0.403,0.391,0.431,0.418,0.366,0.428,0.43,0.558,0.516,0.551,0.552,0.363,0.367,0.409
193,4,0,21.8,0.4,0.69,0.69,0.297,0.246,0.352,0.314,0.278,0.345,0.484,0.455,0.457,0.44,0.361,0.38,0.395,0.368,0.373,0.404,0.391,0.498,0.494,0.481,0.474,0.334,0.352,0.331
194,5,0,21.8,1.6,0.54,0.72,0.381,0.416,0.394,0.394,0.402,0.369,0.543,0.608,0.557,0.626,0.496,0.465,0.486,0.48,0.471,0.485,0.477,0.645,0.618,0.653,0.618,0.438,0.432,0.455
195,6,1,21.6,1.1,0.48,0.69,0.451,0.422,0.44,0.466,0.431,0.461,0.69,0.675,0.639,0.633,0.564,0.53,0.554,0.567,0.552,0.571,0.53,0.721,0.715,0.763,0.76,0.481,0.506,0.537
196,7,1,19.3,1.0,0.21,0.67,0.251,0.238,0.223,0.254,0.267,0.292,0.395,0.393,0.371,0.382,0.325,0.333,0.314,0.332,0.329,0.336,0.339,0.466,0.454,0.403,0.427,0.312,0.306,0.283
197,1,0,19.7,1.0,0.93,0.77,0.239,0.266,0.286,0.255,0.274,0.27,0.4,0.378,0.415,0.377,0.319,0.328,0.287,0.329,0.308,0.293,0.314,0.421,0.426,0.429,0.393,0.272,0.316,0.29
198,2,0,19.4,0.3,0.66,0.61,0.319,0.359,0.301,0.321,0.332,0.288,0.47,0.467,0.466,0.501,0.369,0.406,0.35,0.401,0.37,0.401,0.349,0.509,0.523,0.488,0.523,0.355,0.336,0.334
199,3,0,18.6,1.5,0.31,0.55,0.387,0.433,0.413,0.389,0.408,0.397,0.57,0.63,0.604,0.62,0.483,0.493,0.493,0.514,0.515,0.494,0.535,0.631,0.698,0.67,0.666,0.455,0.461,0.475
200,4,0,21.1,0.0,0.73,0.77,0.375,0.381,0.362,0.394,0.326,0.394,0.579,0.548,0.545,0.544,0.457,0.433,0.437,0.489,0.492,0.423,0.463,0.604,0.577,0.571,0.597,0.383,0.402,0.391
201,5,0,19.5,1.3,0.28,0.73,0.39,0.363,0.39,0.391,0.427,0.407,0.604,0.608,0.648,0.635,0.483,0.458,0.494,0.489,0.501,0.487,0.492,0.649,0.673,0.645,0.658,0.429,0.443,0.479
202,6,1,20.5,0.3,0.84,0.88,0.328,0.324,0.313,0.291,0.266,0.273,0.437,0.478,0.467,0.462,0.345,0.412,0.35,0.388,0.359,0.354,0.39,0.493,0.496,0.554,0.492,0.343,0.327,0.349
203,7,1,18.6,2.6,0.29,0.76,0.403,0.432,0.439,0.422,0.441,0.418,0.649,0.621,0.65,0.639,0.554,0.542,0.532,0.534,0.537,0.525,0.492,0.693,0.71,0.699,0.715,0.485,0.517,0.459
204,1,0,20.9,0.8,0.48,0.78,0.403,0.43,0.44,0.41,0.395,0.413,0.62,0.603,0.597,0.615,0.513,0.508,0.492,0.489,0.474,0.511,0.541,0.655,0.645,0.653,0.709,0.47,0.442,0.465
205,2,0,18.5,0.4,0.94,0.71,0.21,0.265,0.271,0.251,0.236,0.236,0.333,0.373,0.384,0.396,0.349,0.319,0.312,0.252,0.292,0.298,0.281,0.395,0.407,0.418,0.392,0.3,0.292,0.276
206,3,0,17.8,0.4,0.48,0.66,0.32,0.333,0.319,0.336,0.338,0.296,0.474,0.495,0.496,0.461,0.409,0.376,0.404,0.415,0.389,0.406,0.393,0.521,0.508,0.467,0.511,0.333,0.378,0.374
207,4,0,16.7,0.6,0.38,0.65,0.442,0.445,0.421,0.436,0.47,0.443,0.68,0.676,0.668,0.694,0.577,0.566,0.584,0.577,0.549,0.597,0.593,0.757,0.769,0.726,0.75,0.514,0.496,0.511
208,5,0,16.2,1.4,0.9,0.7,0.392,0.413,0.404,0.402,0.414,0.416,0.573,0.584,0.613,0.589,0.548,0.479,0.505,0.509,0.507,0.511,0.531,0.65,0.644,0.67,0.654,0.444,0.465,0.457
209,6,1,21.4,0.3,0.05,0.55,0.366,0.322,0.349,0.337,0.368,0.339,0.459,0.522,0.506,0.516,0.402,0.428,0.416,0.403,0.405,0.415,0.428,0.541,0.522,0.552,0.537,0.331,0.339,0.393
210,7,1,16.1,4.1,0.37,0.8,0.397,0.398,0.388,0.397,0.405,0.395,0.569,0.533,0.601,0.58,0.491,0.468,0.478,0.467,0.497,0.48,0.515,0.631,0.614,0.632,0.62,0.44,0.412,0.416
211,1,0,18.0,0.1,0.68,0.53,0.395,0.425,0.429,0.412,0.394,0.429,0.655,0.619,0.617,0.625,0.525,0.489,0.51,0.524,0.535,0.522,0.565,0.662,0.658,0.697,0.679,0.485,0.489,0.468
212,2,0,17.0,2.2,0.72,0.64,0.452,0.503,0.448,0.417,0.463,0.451,0.686,0.676,0.671,0.699,0.572,0.584,0.549,0.593,0.59,0.567,0.555,0.746,0.743,0.742,0.722,0.466,0.515,0.515
213,3,0,21.9,0.9,0.11,0.54,0.465,0.458,0.485,0.473,0.404,0.481,0.683,0.699,0.676,0.657,0.569,0.594,0.549,0.565,0.565,0.581,0.604,0.784,0.76,0.725,0.721,0.481,0.465,0.563
214,4,0,20.9,0.8,0.96,0.74,0.497,0.492,0.481,0.47,0.463,0.439,0.651,0.702,0.699,0.718,0.595,0.588,0.594,0.58,0.601,0.593,0.584,0.761,0.813,0.77,0.767,0.523,0.521,0.516
215,5,0,17.6,0.2,0.56,0.7,0.473,0.475,0.463,0.441,0.446,0.43,0.657,0.673,0.66,0.679,0.562,0.556,0.564,0.543,0.535,0.574,0.591,0.725,0.721,0.703,0.688,0.493,0.471,0.541
216,6,1,18.9,0.5,0.4,0.6,0.478,0.484,0.467,0.455,0.483,0.476,0.712,0.713,0.726,0.723,0.58,0.578,0.596,0.577,0.602,0.603,0.605,0.745,0.809,0.765,0.768,0.509,0.534,0.517
217,7,1,19.1,1.1,0.8,0.74,0.329,0.339,0.339,0.366,0.371,0.348,0.55,0.511,0.536,0.516,0.44,0.436,0.419,0.419,0.407,0.438,0.391,0.593,0.552,0.601,0.608,0.402,0.395,0.397
218,1,0,18.4,0.2,0.87,0.71,0.373,0.395,0.398,0.395,0.405,0.418,0.584,0.605,0.586,0.554,0.492,0.468,0.486,0.506,0.485,0.469,0.494,0.606,0.619,0.654,0.634,0.435,0.481,0.457
219,2,0,22.7,1.8,0.71,0.75,0.306,0.315,0.272,0.291,0.323,0.3,0.466,0.498,0.494,0.494,0.432,0.405,0.4,0.382,0.385,0.39,0.385,0.501,0.53,0.509,0.546,0.361,0.349,0.369
220,3,0,22.0,0.9,0.31,0.56,0.377,0.324,0.352,0.373,0.353,0.356,0.508,0.54,0.543,0.521,0.41,0.456,0.384,0.453,0.404,0.429,0.438,0.573,0.57,0.584,0.57,0.431,0.4,0.41
221,4,0,18.2,0.7,0.46,0.73,0.313,0.356,0.338,0.341,0.349,0.337,0.491,0.502,0.532,0.501,0.436,0.369,0.439,0.445,0.41,0.399,0.421,0.545,0.528,0.553,0.556,0.372,0.379,0.37
222,5,0,18.8,0.4,0.71,0.7,0.458,0.461,0.453,0.48,0.481,0.482,0.685,0.719,0.694,0.693,0.542,0.558,0.565,0.545,0.57,0.591,0.632,0.736,0.751,0.742,0.718,0.541,0.485,0.527
223,6,1,19.5,1.3,0.85,0.79,0.215,0.29,0.228,0.232,0.262,0.284,0.396,0.345,0.416,0.368,0.3,0.32,0.314,0.295,0.314,0.321,0.279,0.412,0.396,0.387,0.403,0.28,0.283,0.294
224,7,1,19.6,0.4,0.81,0.72,0.271,0.22,0.25,0.231,0.244,0.277,0.36,0.39,0.382,0.367,0.327,0.298,0.347,0.319,0.3,0.353,0.294,0.439,0.419,0.423,0.372,0.277,0.304,0.278
225,1,0,16.3,0.2,0.69,0.65,0.42,0.454,0.443,0.476,0.477,0.438,0.736,0.7,0.689,0.689,0.586,0.557,0.558,0.596,0.599,0.583,0.599,0.757,0.754,0.738,0.733,0.538,0.547,0.538
226,2,0,16.4,0.1,0.74,0.78,0.348,0.355,0.412,0.365,0.387,0.378,0.565,0.555,0.556,0.547,0.465,0.445,0.463,0.45,0.474,0.459,0.461,0.586,0.633,0.614,0.592,0.389,0.433,0.414
227,3,0,20.0,2.2,0.58,0.74,0.287,0.347,0.299,0.328,0.31,0.304,0.446,0.449,0.496,0.465,0.378,0.372,0.349,0.419,0.386,0.381,0.422,0.493,0.531,0.485,0.517,0.356,0.331,0.353
228,4,0,16.1,0.3,0.8,0.63,0.423,0.422,0.418,0.39,0.402,0.384,0.588,0.609,0.586,0.583,0.49,0.48,0.498,0.453,0.496,0.487,0.49,0.639,0.598,0.684,0.646,0.421,0.473,0.439
229,5,0,17.3,3.7,0.44,0.47,0.326,0.32,0.309,0.311,0.305,0.328,0.473,0.507,0.498,0.477,0.402,0.318,0.392,0.409,0.389,0.408,0.38,0.507,0.468,0.511,0.527,0.341,0.374,0.334
230,6,1,16.8,2.3,0.6,0.68,0.384,0.429,0.43,0.426,0.419,0.444,0.62,0.623,0.643,0.66,0.514,0.519,0.532,0.519,0.531,0.512,0.58,0.704,0.687,0.718,0.7,0.487,0.487,0.432
231,7,1,13.3,1.8,0.54,0.56,0.396,0.446,0.403,0.384,0.399,0.422,0.644,0.609,0.643,0.62,0.519,0.524,0.483,0.513,0.503,0.47,0.535,0.663,0.671,0.69,0.672,0.483,0.477,0.452
232,1,0,12.9,1.0,0.13,0.81,0.377,0.398,0.398,0.354,0.338,0.402,0.542,0.549,0.512,0.583,0.443,0.453,0.422,0.449,0.466,0.462,0.467,0.58,0.605,0.619,0.619,0.411,0.404,0.381
233,2,0,16.3,0.7,0.45,0.62,0.304,0.281,0.305,0.291,0.295,0.285,0.401,0.453,0.463,0.437,0.347,0.384,0.384,0.352,0.376,0.334,0.38,0.519,0.469,0.509,0.512,0.335,0.299,0.344
234,3,0,19.1,2.1,0.8,0.77,0.231,0.299,0.286,0.272,0.257,0.3,0.401,0.393,0.394,0.385,0.335,0.357,0.361,0.306,0.344,0.338,0.36,0.4,0.463,0.433,0.444,0.323,0.298,0.283
235,4,0,20.0,0.2,0.56,0.56,0.275,0.317,0.26,0.282,0.3,0.293,0.463,0.449,0.437,0.466,0.372,0.357,0.355,0.376,0.37,0.366,0.342,0.475,0.502,0.448,0.461,0.3,0.341,0.349
236,5,0,16.2,0.7,0.78,0.61,0.373,0.375,0.372,0.361,0.348,0.328,0.58,0.564,0.53,0.555,0.457,0.457,0.488,0.539,0.485,0.479,0.452,0.639,0.602,0.613,0.611,0.432,0.408,0.42
237,6,1,16.2,3.4,0.36,0.72,0.365,0.362,0.357,0.362,0.355,0.326,0.53,0.571,0.516,0.537,0.46,0.451,0.451,0.422,0.455,0.476,0.453,0.622,0.565,0.573,0.552,0.403,0.42,0.381
238,7,1,18.6,1.5,0.24,0.6,0.51,0.453,0.451,0.461,0.466,0.447,0.723,0.705,0.665,0.697,0.6,0.622,0.607,0.61,0.578,0.609,0.58,0.739,0.737,0.728,0.761,0.519,0.512,0.546
239,1,0,14.0,0.1,0.88,0.7,0.313,0.342,0.356,0.333,0.365,0.36,0.487,0.51,0.51,0.517,0.37,0.465,0.448,0.421,0.457,0.422,0.41,0.546,0.56,0.532,0.557,0.404,0.373,0.384
240,2,0,15.1,0.3,0.53,0.59,0.378,0.4,0.359,0.41,0.41,0.399,0.628,0.579,0.556,0.57,0.486,0.492,0.474,0.472,0.522,0.494,0.492,0.617,0.648,0.677,0.624,0.455,0.438,0.441
241,3,0,17.1,0.5,0.48,0.56,0.48,0.446,0.454,0.461,0.484,0.458,0.701,0.68,0.721,0.723,0.619,0.621,0.611,0.568,0.61,0.592,0.543,0.78,0.744,0.747,0.77,0.54,0.524,0.52
242,4,0,14.9,1.6,0.47,0.69,0.338,0.331,0.32,0.345,0.335,0.349,0.48,0.529,0.503,0.502,0.433,0.442,0.451,0.425,0.436,0.431,0.413,0.569,0.559,0.556,0.557,0.343,0.385,0.397
243,5,0,20.7,0.4,0.72,0.78,0.296,0.284,0.267,0.276,0.281,0.283,0.405,0.418,0.448,0.426,0.352,0.371,0.354,0.362,0.351,0.393,0.336,0.43,0.441,0.446,0.507,0.278,0.314,0.316
244,6,1,11.5,0.9,0.75,0.72,0.417,0.465,0.462,0.458,0.423,0.448,0.695,0.704,0.649,0.643,0.527,0.549,0.518,0.576,0.535,0.577,0.524,0.758,0.724,0.701,0.708,0.493,0.486,0.484
245,7,1,16.7,0.0,0.52,0.82,0.42,0.439,0.434,0.424,0.438,0.44,0.673,0.708,0.655,0.665,0.586,0.546,0.577,0.568,0.582,0.588,0.571,0.736,0.73,0.719,0.733,0.457,0.513,0.484
246,1,0,12.0,1.4,0.57,0.67,0.393,0.357,0.373,0.359,0.375,0.379,0.552,0.567,0.57,0.578,0.483,0.438,0.47,0.463,0.495,0.447,0.489,0.618,0.594,0.605,0.588,0.42,0.416,0.431
247,2,0,18.0,0.2,0.86,0.77,0.466,0.489,0.479,0.448,0.514,0.445,0.711,0.699,0.677,0.694,0.616,0.561,0.569,0.574,0.595,0.551,0.598,0.743,0.749,0.764,0.755,0.528,0.549,0.517
248,3,0,14.1,0.1,0.18,0.71,0.407,0.394,0.374,0.407,0.384,0.399,0.574,0.587,0.553,0.593,0.518,0.5,0.511,0.489,0.496,0.477,0.483,0.654,0.631,0.649,0.65,0.441,0.467,0.443
249,4,0,14.0,0.1,0.2,0.75,0.431,0.458,0.461,0.401,0.425,0.438,0.644,0.66,0.616,0.645,0.544,0.57,0.529,0.58,0.51,0.545,0.549,0.722,0.723,0.719,0.718,0.471,0.457,0.496
250,5,0,17.3,0.5,0.71,0.69,0.406,0.386,0.362,0.4,0.41,0.37,0.624,0.6,0.587,0.566,0.482,0.488,0.512,0.492,0.512,0.527,0.479,0.641,0.63,0.615,0.635,0.436,0.432,0.447
251,6,1,17.1,0.1,0.54,0.72,0.264,0.236,0.28,0.229,0.235,0.289,0.376,0.374,0.419,0.382,0.279,0.361,0.361,0.37,0.301,0.336,0.256,0.409,0.427,0.404,0.425,0.293,0.3,0.299
252,7,1,14.0,0.6,0.14,0.45,0.448,0.489,0.472,0.45,0.476,0.474,0.721,0.697,0.667,0.67,0.568,0.579,0.594,0.579,0.586,0.578,0.58,0.749,0.768,0.772,0.796,0.515,0.52,0.514
253,1,0,13.1,1.4,0.91,0.79,0.288,0.273,0.257,0.292,0.278,0.248,0.451,0.402,0.404,0.421,0.326,0.372,0.35,0.332,0.343,0.356,0.328,0.462,0.407,0.444,0.477,0.326,0.315,0.342
254,2,0,13.7,0.5,0.68,0.73,0.456,0.478,0.413,0.464,0.442,0.437,0.649,0.683,0.652,0.655,0.533,0.573,0.538,0.555,0.545,0.533,0.534,0.721,0.708,0.693,0.75,0.48,0.474,0.51
255,3,0,9.6,0.2,0.73,0.78,0.47,0.481,0.469,0.467,0.479,0.467,0.693,0.686,0.672,0.68,0.588,0.589,0.597,0.597,0.558,0.575,0.579,0.76,0.759,0.756,0.758,0.496,0.545,0.541
256,4,0,12.1,0.9,0.84,0.56,0.318,0.314,0.303,0.314,0.3,0.327,0.466,0.449,0.503,0.477,0.377,0.377,0.365,0.38,0.379,0.409,0.394,0.486,0.493,0.487,0.477,0.361,0.361,0.34
257,5,0,11.3,0.9,0.33,0.86,0.339,0.408,0.341,0.363,0.331,0.355,0.557,0.566,0.562,0.568,0.444,0.456,0.464,0.457,0.472,0.454,0.461,0.596,0.594,0.599,0.596,0.438,0.394,0.416
258,6,1,16.0,0.5,0.55,0.7,0.362,0.366,0.365,0.411,0.366,0.348,0.547,0.555,0.551,0.574,0.479,0.445,0.469,0.449,0.466,0.468,0.448,0.569,0.591,0.584,0.588,0.41,0.38,0.422
259,7,1,11.5,0.3,0.53,0.65,0.432,0.487,0.485,0.483,0.427,0.464,0.696,0.686,0.655,0.696,0.528,0.579,0.56,0.577,0.571,0.585,0.587,0.744,0.773,0.766,0.719,0.535,0.502,0.497
260,1,0,10.4,0.3,0.31,0.65,0.336,0.303,0.33,0.329,0.312,0.323,0.454,0.472,0.484,0.456,0.442,0.443,0.398,0.418,0.426,0.409,0.392,0.545,0.508,0.507,0.523,0.366,0.391,0.388
261,2,0,9.0,1.7,0.22,0.83,0.494,0.46,0.513,0.496,0.516,0.467,0.712,0.717,0.727,0.727,0.584,0.554,0.574,0.606,0.577,0.627,0.605,0.761,0.787,0.783,0.752,0.506,0.571,0.568
262,3,0,12.0,0.3,0.12,0.76,0.399,0.443,0.398,0.373,0.392,0.383,0.615,0.622,0.626,0.648,0.511,0.522,0.489,0.497,0.453,0.47,0.472,0.626,0.66,0.633,0.606,0.443,0.462,0.461
263,4,0,9.1,0.2,0.18,0.57,0.448,0.472,0.43,0.434,0.458,0.469,0.668,0.675,0.683,0.706,0.541,0.577,0.56,0.586,0.57,0.602,0.547,0.735,0.73,0.744,0.73,0.496,0.504,0.509
264,5,0,11.8,0.5,0.55,0.74,0.42,0.457,0.465,0.465,0.434,0.455,0.684,0.626,0.676,0.688,0.561,0.53,0.56,0.561,0.567,0.556,0.548,0.732,0.709,0.729,0.744,0.502,0.515,0.528
265,6,1,14.4,1.3,0.62,0.64,0.444,0.452,0.42,0.463,0.453,0.417,0.618,0.657,0.655,0.647,0.527,0.565,0.527,0.546,0.558,0.549,0.555,0.682,0.726,0.707,0.722,0.49,0.455,0.482
266,7,1,14.4,0.8,0.55,0.68,0.276,0.287,0.275,0.252,0.24,0.254,0.42,0.357,0.396,0.34,0.328,0.312,0.319,0.32,0.325,0.337,0.324,0.428,0.434,0.397,0.402,0.246,0.278,0.307
267,1,0,16.0,0.8,0.48,0.85,0.353,0.346,0.324,0.359,0.361,0.342,0.53,0.574,0.536,0.542,0.452,0.444,0.466,0.452,0.446,0.466,0.458,0.565,0.563,0.602,0.585,0.395,0.409,0.393
268,2,0,12.5,0.2,0.41,0.86,0.454,0.409,0.4,0.357,0.382,0.399,0.551,0.558,0.596,0.58,0.471,0.498,0.494,0.486,0.489,0.498,0.458,0.63,0.656,0.622,0.657,0.424,0.416,0.443
269,3,0,12.3,0.5,0.5,0.77,0.274,0.259,0.283,0.271,0.316,0.246,0.409,0.421,0.392,0.406,0.349,0.354,0.346,0.333,0.34,0.345,0.372,0.415,0.434,0.461,0.428,0.303,0.303,0.321
270,4,0,10.9,2.4,0.78,0.6,0.417,0.406,0.412,0.412,0.41,0.451,0.627,0.617,0.633,0.608,0.527,0.55,0.526,0.484,0.523,0.53,0.519,0.676,0.685,0.668,0.689,0.472,0.432,0.501
271,5,0,9.2,0.1,0.65,0.75,0.347,0.369,0.404,0.359,0.393,0.395,0.555,0.58,0.561,0.586,0.482,0.45,0.465,0.505,0.481,0.491,0.468,0.623,0.567,0.618,0.608,0.442,0.407,0.423
272,6,1,13.4,2.1,0.7,0.85,0.332,0.311,0.36,0.326,0.315,0.325,0.489,0.475,0.462,0.495,0.366,0.412,0.413,0.414,0.403,0.44,0.448,0.51,0.532,0.546,0.526,0.36,0.351,0.354
273,7,1,9.7,1.9,0.76,0.69,0.284,0.237,0.269,0.283,0.3,0.273,0.38,0.387,0.403,0.377,0.311,0.378,0.303,0.314,0.336,0.341,0.357,0.412,0.417,0.446,0.449,0.273,0.292,0.272
274,1,0,8.0,1.6,0.28,0.58,0.339,0.38,0.343,0.347,0.349,0.388,0.537,0.498,0.529,0.519,0.456,0.427,0.435,0.41,0.419,0.389,0.427,0.567,0.565,0.544,0.519,0.378,0.372,0.365
275,2,0,9.4,1.0,0.19,0.71,0.376,0.371,0.33,0.364,0.333,0.369,0.522,0.547,0.544,0.498,0.42,0.434,0.442,0.407,0.448,0.469,0.41,0.581,0.537,0.559,0.57,0.423,0.39,0.411
276,3,0,8.9,1.3,0.64,0.55,0.471,0.47,0.476,0.44,0.479,0.48,0.698,0.7,0.687,0.708,0.609,0.562,0.567,0.605,0.605,0.576,0.604,0.712,0.751,0.761,0.736,0.524,0.529,0.537
277,4,0,7.7,1.9,0.16,0.68,0.337,0.337,0.358,0.356,0.285,0.342,0.492,0.497,0.502,0.493,0.43,0.398,0.436,0.429,0.415,0.406,0.4,0.547,0.532,0.56,0.547,0.419,0.399,0.362
278,5,0,5.0,1.1,0.76,0.75,0.243,0.253,0.227,0.247,0.27,0.253,0.4,0.376,0.429,0.359,0.304,0.323,0.324,0.331,0.346,0.322,0.361,0.425,0.416,0.426,0.425,0.249,0.292,0.307
279,6,1,8.9,0.1,0.72,0.68,0.332,0.299,0.356,0.348,0.329,0.349,0.453,0.451,0.438,0.495,0.369,0.409,0.39,0.39,0.41,0.38,0.402,0.534,0.513,0.528,0.512,0.352,0.348,0.379
280,7,1,9.9,1.6,0.78,0.81,0.445,0.444,0.405,0.386,0.428,0.441,0.629,0.628,0.622,0.676,0.566,0.538,0.543,0.515,0.538,0.551,0.538,0.725,0.713,0.71,0.719,0.49,0.476,0.486
281,1,0,10.5,2.6,0.25,0.72,0.422,0.404,0.389,0.408,0.408,0.408,0.596,0.616,0.611,0.6,0.537,0.511,0.527,0.501,0.526,0.48,0.541,0.672,0.675,0.659,0.662,0.465,0.49,0.451
282,2,0,6.7,0.3,0.88,0.81,0.308,0.259,0.297,0.288,0.272,0.306,0.427,0.437,0.491,0.469,0.351,0.37,0.377,0.375,0.381,0.388,0.393,0.507,0.506,0.508,0.471,0.365,0.339,0.325
283,3,0,9.5,0.4,0.7,0.75,0.387,0.369,0.387,0.413,0.383,0.405,0.561,0.608,0.594,0.593,0.498,0.497,0.497,0.502,0.501,0.495,0.484,0.624,0.664,0.644,0.658,0.479,0.474,0.424
284,4,0,9.9,1.5,0.46,0.7,0.466,0.397,0.413,0.372,0.378,0.411,0.593,0.658,0.618,0.645,0.548,0.522,0.536,0.547,0.505,0.544,0.518,0.68,0.671,0.695,0.681,0.489,0.491,0.465
285,5,0,9.7,2.3,0.5,0.69,0.418,0.416,0.417,0.406,0.415,0.402,0.609,0.621,0.625,0.653,0.539,0.544,0.554,0.521,0.546,0.513,0.54,0.67,0.696,0.712,0.697,0.498,0.489,0.464
286,6,1,7.2,0.2,0.17,0.92,0.237,0.245,0.226,0.238,0.261,0.268,0.386,0.383,0.416,0.364,0.352,0.359,0.331,0.297,0.299,0.288,0.324,0.43,0.427,0.389,0.436,0.275,0.29,0.324
287,7,1,8.8,1.1,0.36,0.65,0.412,0.401,0.409,0.457,0.429,0.416,0.613,0.604,0.618,0.629,0.526,0.535,0.512,0.512,0.496,0.476,0.488,0.683,0.628,0.675,0.659,0.481,0.445,0.445
288,1,0,8.7,1.6,0.33,0.52,0.415,0.431,0.404,0.439,0.438,0.446,0.633,0.661,0.621,0.608,0.555,0.525,0.512,0.531,0.515,0.522,0.538,0.738,0.71,0.702,0.675,0.475,0.488,0.499
289,2,0,7.7,1.0,0.63,0.66,0.404,0.416,0.438,0.447,0.414,0.404,0.635,0.66,0.655,0.638,0.512,0.541,0.506,0.512,0.572,0.528,0.549,0.634,0.668,0.708,0.71,0.51,0.488,0.499
290,3,0,6.6,0.3,0.36,0.81,0.344,0.328,0.317,0.302,0.337,0.335,0.52,0.492,0.487,0.512,0.414,0.399,0.437,0.396,0.417,0.424,0.442,0.518,0.568,0.52,0.506,0.372,0.337,0.368
291,4,0,10.4,0.1,0.57,0.79,0.338,0.302,0.384,0.317,0.301,0.33,0.472,0.521,0.478,0.49,0.371,0.401,0.369,0.407,0.358,0.405,0.395,0.533,0.492,0.538,0.517,0.326,0.385,0.352
292,5,0,7.4,0.8,0.2,0.75,0.498,0.474,0.421,0.477,0.449,0.477,0.665,0.675,0.676,0.642,0.561,0.546,0.567,0.582,0.536,0.574,0.534,0.729,0.748,0.761,0.745,0.486,0.497,0.502
293,6,1,7.5,0.0,0.77,0.6,0.295,0.233,0.271,0.323,0.286,0.286,0.419,0.424,0.457,0.467,0.349,0.333,0.388,0.359,0.343,0.366,0.335,0.474,0.464,0.448,0.484,0.316,0.316,0.323
294,7,1,5.5,0.8,0.62,0.56,0.413,0.432,0.447,0.429,0.446,0.421,0.652,0.656,0.633,0.644,0.551,0.556,0.546,0.561,0.539,0.548,0.51,0.691,0.698,0.719,0.69,0.463,0.484,0.499
295,1,0,6.8,1.2,0.26,0.68,0.365,0.372,0.404,0.354,0.417,0.388,0.58,0.578,0.593,0.613,0.506,0.474,0.482,0.494,0.473,0.465,0.476,0.678,0.66,0.616,0.642,0.458,0.413,0.466
296,2,0,3.3,0.2,0.26,0.82,0.378,0.348,0.353,0.389,0.401,0.374,0.557,0.538,0.538,0.564,0.423,0.472,0.449,0.48,0.463,0.456,0.474,0.624,0.621,0.584,0.576,0.408,0.425,0.444
297,3,0,3.7,1.1,0.9,0.79,0.394,0.37,0.393,0.391,0.382,0.373,0.562,0.617,0.562,0.543,0.458,0.459,0.505,0.484,0.463,0.477,0.496,0.647,0.632,0.617,0.611,0.446,0.415,0.441
298,4,0,4.0,1.1,0.05,0.77,0.244,0.281,0.246,0.236,0.249,0.262,0.41,0.396,0.365,0.384,0.301,0.289,0.324,0.311,0.332,0.301,0.349,0.402,0.351,0.396,0.384,0.252,0.279,0.268
299,5,0,7.4,0.4,0.94,0.7,0.322,0.257,0.265,0.279,0.315,0.296,0.465,0.465,0.453,0.475,0.366,0.38,0.391,0.361,0.404,0.402,0.378,0.507,0.503,0.503,0.499,0.344,0.32,0.324
300,6,1,4.4,0.3,0.31,0.92,0.355,0.353,0.311,0.325,0.311,0.333,0.457,0.496,0.499,0.498,0.355,0.428,0.373,0.391,0.399,0.43,0.412,0.478,0.52,0.494,0.51,0.364,0.357,0.381
301,7,1,4.0,2.0,0.13,0.78,0.274,0.249,0.262,0.242,0.275,0.281,0.401,0.365,0.417,0.402,0.34,0.331,0.316,0.366,0.343,0.354,0.304,0.427,0.431,0.441,0.446,0.318,0.348,0.314
302,1,0,8.7,2.7,0.21,0.84,0.292,0.318,0.263,0.315,0.298,0.314,0.426,0.444,0.469,0.461,0.396,0.312,0.328,0.363,0.365,0.41,0.373,0.488,0.499,0.467,0.461,0.308,0.323,0.345
303,2,0,4.7,1.5,0.73,0.69,0.273,0.295,0.279,0.286,0.276,0.253,0.411,0.433,0.376,0.472,0.359,0.357,0.316,0.355,0.386,0.377,0.371,0.436,0.471,0.462,0.48,0.333,0.311,0.301
304,3,0,5.5,0.8,0.21,0.57,0.344,0.363,0.317,0.351,0.356,0.374,0.459,0.505,0.516,0.489,0.453,0.42,0.417,0.401,0.407,0.429,0.443,0.568,0.508,0.551,0.537,0.349,0.356,0.367
305,4,0,5.8,0.9,0.65,0.63,0.319,0.36,0.35,0.365,0.338,0.346,0.504,0.522,0.521,0.513,0.427,0.436,0.412,0.431,0.424,0.453,0.447,0.523,0.58,0.572,0.541,0.39,0.414,0.39
306,5,0,6.7,1.0,0.52,0.85,0.273,0.28,0.256,0.264,0.249,0.259,0.398,0.367,0.392,0.411,0.319,0.313,0.311,0.315,0.285,0.335,0.299,0.412,0.435,0.401,0.446,0.3,0.291,0.278
307,6,1,7.2,1.8,0.59,0.67,0.264,0.264,0.244,0.274,0.251,0.217,0.353,0.389,0.364,0.362,0.329,0.321,0.283,0.299,0.288,0.311,0.287,0.377,0.38,0.377,0.445,0.282,0.289,0.292
308,7,1,6.0,2.5,0.11,0.83,0.383,0.356,0.376,0.394,0.38,0.395,0.58,0.576,0.552,0.601,0.483,0.485,0.487,0.489,0.463,0.485,0.452,0.619,0.624,0.589,0.651,0.414,0.413,0.412
309,1,0,2.8,1.1,0.49,0.67,0.432,0.417,0.405,0.419,0.396,0.395,0.583,0.622,0.592,0.604,0.52,0.522,0.509,0.515,0.534,0.479,0.496,0.641,0.643,0.643,0.641,0.447,0.505,0.437
310,2,0,9.4,0.0,0.14,0.66,0.226,0.295,0.311,0.3,0.252,0.297,0.405,0.382,0.413,0.436,0.303,0.329,0.332,0.324,0.316,0.33,0.338,0.429,0.426,0.461,0.45,0.277,0.299,0.286
311,3,0,2.7,0.2,0.39,0.66,0.447,0.405,0.412,0.428,0.428,0.437,0.649,0.608,0.654,0.635,0.532,0.51,0.52,0.533,0.494,0.539,0.54,0.746,0.695,0.695,0.694,0.512,0.533,0.481
312,4,0,4.5,0.0,0.1,0.75,0.483,0.483,0.47,0.456,0.482,0.462,0.684,0.695,0.721,0.726,0.59,0.583,0.564,0.582,0.571,0.576,0.558,0.751,0.756,0.776,0.789,0.508,0.531,0.497
313,5,0,6.5,1.8,0.1,0.85,0.345,0.349,0.302,0.367,0.351,0.363,0.532,0.487,0.481,0.498,0.447,0.428,0.414,0.43,0.437,0.437,0.465,0.549,0.579,0.541,0.539,0.368,0.408,0.379
314,6,1,2.5,0.7,0.24,0.62,0.314,0.304,0.342,0.302,0.297,0.286,0.436,0.457,0.443,0.47,0.4,0.392,0.441,0.375,0.347,0.405,0.394,0.469,0.473,0.49,0.49,0.305,0.299,0.365
315,7,1,6.1,0.2,0.29,0.57,0.452,0.479,0.457,0.478,0.454,0.481,0.7,0.66,0.67,0.675,0.551,0.597,0.588,0.542,0.553,0.576,0.595,0.733,0.731,0.774,0.723,0.526,0.545,0.465
316,1,0,2.2,0.2,0.84,0.69,0.446,0.453,0.462,0.43,0.449,0.41,0.681,0.65,0.687,0.673,0.538,0.559,0.585,0.561,0.567,0.539,0.548,0.73,0.739,0.729,0.731,0.509,0.508,0.536
317,2,0,3.9,0.3,0.43,0.83,0.285,0.239,0.258,0.249,0.255,0.289,0.411,0.349,0.417,0.428,0.293,0.373,0.319,0.333,0.365,0.306,0.326,0.462,0.463,0.426,0.404,0.293,0.307,0.26
318,3,0,0.9,0.1,0.18,0.7,0.381,0.385,0.438,0.389,0.385,0.407,0.6,0.619,0.563,0.601,0.478,0.513,0.487,0.499,0.474,0.463,0.463,0.608,0.637,0.606,0.649,0.431,0.463,0.451
319,4,0,2.6,2.6,0.09,0.67,0.402,0.391,0.417,0.37,0.38,0.404,0.583,0.587,0.572,0.627,0.535,0.515,0.514,0.482,0.476,0.522,0.491,0.684,0.654,0.661,0.701,0.457,0.423,0.45
320,5,0,3.0,0.5,0.2,0.68,0.351,0.296,0.353,0.304,0.345,0.34,0.516,0.516,0.511,0.503,0.431,0.472,0.418,0.443,0.407,0.426,0.447,0.594,0.583,0.507,0.531,0.368,0.38,0.343
321,6,1,2.2,0.5,0.18,0.58,0.241,0.278,0.237,0.281,0.284,0.256,0.396,0.419,0.384,0.378,0.315,0.318,0.317,0.321,0.298,0.324,0.319,0.435,0.431,0.422,0.419,0.292,0.305,0.286
322,7,1,2.4,1.5,0.14,0.64,0.382,0.462,0.422,0.406,0.453,0.42,0.618,0.638,0.622,0.604,0.507,0.521,0.536,0.523,0.534,0.526,0.533,0.726,0.66,0.702,0.707,0.465,0.468,0.489
323,1,0,1.0,3.6,0.21,0.85,0.323,0.342,0.281,0.32,0.325,0.33,0.464,0.463,0.479,0.503,0.387,0.44,0.359,0.412,0.372,0.394,0.375,0.501,0.52,0.511,0.523,0.378,0.369,0.324
324,2,0,-0.8,0.5,0.87,0.62,0.358,0.368,0.364,0.384,0.357,0.355,0.527,0.571,0.573,0.578,0.437,0.454,0.483,0.443,0.467,0.449,0.487,0.635,0.594,0.564,0.596,0.433,0.433,0.466
325,3,0,2.6,0.9,0.59,0.69,0.273,0.277,0.306,0.285,0.267,0.28,0.449,0.399,0.354,0.382,0.345,0.358,0.333,0.361,0.299,0.302,0.342,0.441,0.421,0.439,0.447,0.294,0.306,0.314
326,4,0,0.5,2.9,0.49,0.74,0.448,0.437,0.455,0.431,0.453,0.445,0.644,0.654,0.656,0.676,0.538,0.572,0.54,0.545,0.57,0.587,0.571,0.769,0.772,0.72,0.767,0.488,0.498,0.485
327,5,0,2.3,0.7,0.64,0.77,0.276,0.279,0.235,0.262,0.271,0.323,0.455,0.397,0.432,0.366,0.314,0.33,0.329,0.307,0.304,0.309,0.324,0.445,0.451,0.374,0.466,0.291,0.303,0.317
328,6,1,3.0,0.6,0.44,0.88,0.272,0.303,0.302,0.321,0.273,0.295,0.423,0.429,0.448,0.412,0.389,0.341,0.363,0.41,0.341,0.361,0.375,0.494,0.484,0.438,0.472,0.324,0.318,0.346
329,7,1,4.9,0.4,0.96,0.61,0.439,0.454,0.452,0.439,0.458,0.47,0.637,0.685,0.669,0.686,0.573,0.539,0.587,0.572,0.609,0.554,0.571,0.688,0.756,0.721,0.714,0.516,0.528,0.491
330,1,0,1.9,3.3,0.55,0.55,0.48,0.476,0.499,0.461,0.472,0.47,0.696,0.745,0.693,0.724,0.601,0.604,0.603,0.591,0.593,0.587,0.601,0.799,0.748,0.765,0.753,0.5,0.523,0.549
331,2,0,-0.5,1.1,0.5,0.65,0.341,0.335,0.349,0.357,0.356,0.345,0.527,0.527,0.543,0.558,0.453,0.45,0.429,0.45,0.468,0.462,0.428,0.616,0.572,0.561,0.597,0.393,0.4,0.386
332,3,0,1.2,0.7,0.47,0.68,0.43,0.419,0.428,0.445,0.45,0.425,0.621,0.626,0.605,0.667,0.531,0.524,0.518,0.515,0.539,0.523,0.505,0.691,0.696,0.676,0.675,0.472,0.473,0.448
333,4,0,-0.0,0.1,0.47,0.79,0.431,0.42,0.447,0.477,0.455,0.472,0.644,0.646,0.636,0.699,0.55,0.53,0.537,0.561,0.577,0.567,0.594,0.67,0.685,0.713,0.681,0.516,0.478,0.498
334,5,0,3.4,0.1,0.23,0.52,0.425,0.411,0.345,0.376,0.394,0.374,0.611,0.585,0.607,0.604,0.52,0.477,0.494,0.53,0.488,0.514,0.518,0.642,0.627,0.648,0.623,0.437,0.437,0.422
335,6,1,-1.1,1.5,0.23,0.62,0.416,0.444,0.42,0.445,0.413,0.435,0.653,0.658,0.7,0.671,0.554,0.535,0.562,0.555,0.546,0.578,0.526,0.738,0.677,0.723,0.746,0.491,0.472,0.455
336,7,1,1.3,0.2,0.43,0.63,0.349,0.3,0.348,0.337,0.313,0.356,0.496,0.474,0.505,0.508,0.402,0.425,0.406,0.43,0.411,0.43,0.402,0.512,0.55,0.543,0.574,0.391,0.386,0.354
337,1,0,1.9,1.3,0.71,0.46,0.383,0.41,0.402,0.42,0.379,0.381,0.617,0.593,0.583,0.594,0.462,0.492,0.482,0.453,0.498,0.465,0.47,0.661,0.66,0.641,0.636,0.441,0.426,0.444
338,2,0,2.3,1.2,0.11,0.57,0.303,0.298,0.345,0.304,0.309,0.325,0.457,0.538,0.483,0.489,0.392,0.414,0.397,0.368,0.41,0.4,0.407,0.512,0.513,0.551,0.534,0.361,0.343,0.36
339,3,0,1.0,1.0,0.84,0.88,0.461,0.473,0.433,0.484,0.44,0.467,0.691,0.695,0.692,0.695,0.602,0.591,0.589,0.565,0.587,0.581,0.557,0.751,0.755,0.747,0.708,0.559,0.499,0.491
340,4,0,2.6,0.5,0.53,0.74,0.274,0.332,0.289,0.288,0.269,0.263,0.43,0.429,0.41,0.45,0.363,0.362,0.383,0.344,0.369,0.382,0.346,0.475,0.482,0.462,0.423,0.297,0.324,0.327
341,5,0,-0.8,2.4,0.32,0.91,0.396,0.429,0.4,0.394,0.456,0.396,0.612,0.571,0.641,0.648,0.539,0.543,0.532,0.519,0.501,0.511,0.524,0.69,0.664,0.683,0.703,0.439,0.512,0.458
342,6,1,2.8,0.4,0.55,0.74,0.287,0.278,0.297,0.298,0.27,0.291,0.407,0.432,0.402,0.432,0.346,0.368,0.354,0.36,0.353,0.364,0.36,0.515,0.465,0.47,0.454,0.331,0.304,0.309
343,7,1,1.0,0.1,0.74,0.69,0.345,0.261,0.279,0.268,0.284,0.29,0.437,0.476,0.441,0.466,0.353,0.382,0.398,0.348,0.377,0.331,0.377,0.445,0.459,0.498,0.496,0.326,0.33,0.368
344,1,0,-1.9,0.1,0.4,0.75,0.388,0.417,0.399,0.436,0.38,0.445,0.651,0.631,0.645,0.668,0.555,0.52,0.52,0.528,0.539,0.564,0.523,0.728,0.713,0.667,0.715,0.464,0.501,0.504
345,2,0,2.0,0.3,0.2,0.83,0.353,0.339,0.369,0.341,0.344,0.352,0.52,0.532,0.535,0.54,0.462,0.439,0.431,0.426,0.416,0.424,0.471,0.582,0.6,0.574,0.573,0.408,0.38,0.401
346,3,0,-0.7,0.5,0.45,0.52,0.253,0.28,0.275,0.253,0.271,0.276,0.413,0.437,0.402,0.41,0.331,0.358,0.359,0.353,0.329,0.346,0.36,0.463,0.436,0.469,0.475,0.314,0.33,0.328
347,4,0,-0.5,0.9,0.55,0.67,0.36,0.336,0.337,0.382,0.341,0.377,0.535,0.545,0.505,0.551,0.409,0.424,0.456,0.446,0.44,0.402,0.458,0.551,0.565,0.58,0.559,0.41,0.372,0.437
348,5,0,0.9,1.2,0.57,0.74,0.382,0.34,0.347,0.362,0.344,0.333,0.52,0.519,0.495,0.522,0.401,0.399,0.414,0.397,0.461,0.445,0.443,0.563,0.571,0.535,0.551,0.396,0.436,0.388
349,6,1,-1.5,1.1,0.39,0.71,0.287,0.245,0.243,0.266,0.266,0.286,0.368,0.363,0.337,0.379,0.333,0.326,0.334,0.333,0.306,0.311,0.346,0.411,0.443,0.402,0.409,0.29,0.271,0.281
350,7,1,-0.3,0.3,0.55,0.75,0.302,0.331,0.312,0.324,0.295,0.294,0.409,0.461,0.458,0.472,0.351,0.372,0.345,0.387,0.37,0.403,0.341,0.471,0.482,0.46,0.484,0.302,0.34,0.322
351,1,0,2.0,0.0,0.38,0.67,0.5,0.494,0.462,0.464,0.482,0.461,0.692,0.685,0.692,0.722,0.554,0.576,0.561,0.582,0.552,0.576,0.573,0.775,0.773,0.764,0.744,0.539,0.549,0.517
352,2,0,1.8,1.3,0.27,0.75,0.273,0.281,0.22,0.266,0.306,0.3,0.43,0.399,0.388,0.388,0.297,0.325,0.336,0.326,0.328,0.327,0.351,0.445,0.422,0.445,0.422,0.298,0.294,0.28
353,3,0,-1.6,0.3,0.74,0.75,0.34,0.354,0.352,0.35,0.31,0.338,0.49,0.509,0.496,0.533,0.428,0.411,0.401,0.4,0.432,0.401,0.446,0.553,0.569,0.559,0.562,0.387,0.376,0.398
354,4,0,-1.0,0.3,0.85,0.71,0.417,0.384,0.444,0.415,0.429,0.411,0.632,0.618,0.637,0.655,0.523,0.538,0.551,0.517,0.499,0.571,0.564,0.69,0.66,0.659,0.66,0.491,0.45,0.499
355,5,0,-1.3,0.2,0.54,0.63,0.404,0.407,0.384,0.431,0.395,0.455,0.594,0.599,0.607,0.63,0.531,0.52,0.535,0.555,0.554,0.505,0.564,0.664,0.678,0.688,0.669,0.447,0.491,0.479
356,6,1,2.7,0.1,0.38,0.93,0.39,0.386,0.365,0.407,0.333,0.357,0.585,0.538,0.572,0.564,0.441,0.465,0.48,0.418,0.469,0.48,0.459,0.608,0.634,0.615,0.584,0.41,0.411,0.428
357,7,1,2.1,0.8,0.72,0.63,0.444,0.432,0.45,0.413,0.43,0.401,0.601,0.635,0.646,0.637,0.549,0.512,0.537,0.558,0.505,0.528,0.564,0.667,0.74,0.667,0.665,0.473,0.48,0.503
358,1,0,1.4,3.3,0.24,0.65,0.259,0.292,0.274,0.249,0.27,0.233,0.383,0.384,0.427,0.411,0.31,0.282,0.355,0.323,0.376,0.382,0.317,0.458,0.391,0.439,0.449,0.325,0.29,0.318
359,2,0,1.6,0.5,0.34,0.78,0.317,0.294,0.361,0.382,0.323,0.318,0.534,0.518,0.512,0.507,0.445,0.444,0.415,0.411,0.431,0.427,0.441,0.505,0.567,0.552,0.556,0.374,0.371,0.377
360,3,0,-0.1,0.5,0.46,0.53,0.375,0.375,0.341,0.389,0.4,0.377,0.592,0.557,0.639,0.587,0.468,0.454,0.557,0.492,0.46,0.542,0.48,0.609,0.647,0.622,0.622,0.42,0.462,0.431
361,4,0,-1.3,0.7,0.94,0.81,0.284,0.309,0.319,0.285,0.318,0.319,0.465,0.462,0.475,0.453,0.365,0.376,0.389,0.351,0.378,0.372,0.391,0.503,0.494,0.521,0.476,0.364,0.359,0.368
362,5,0,-0.0,1.9,0.02,0.56,0.404,0.387,0.362,0.399,0.368,0.398,0.604,0.601,0.607,0.588,0.496,0.478,0.483,0.514,0.486,0.475,0.49,0.636,0.656,0.635,0.648,0.419,0.471,0.437
363,6,1,-0.7,1.2,0.35,0.74,0.282,0.311,0.284,0.265,0.283,0.291,0.455,0.471,0.453,0.452,0.347,0.366,0.338,0.368,0.35,0.365,0.366,0.501,0.462,0.494,0.481,0.326,0.325,0.325
364,7,1,-2.0,1.3,0.52,0.75,0.313,0.314,0.333,0.315,0.348,0.349,0.455,0.466,0.529,0.456,0.417,0.372,0.422,0.377,0.398,0.377,0.427,0.497,0.51,0.514,0.538,0.313,0.361,0.35
365,1,0,-1.2,0.1,0.37,0.87,0.357,0.341,0.349,0.353,0.354,0.369,0.527,0.488,0.512,0.536,0.4,0.431,0.405,0.46,0.427,0.461,0.422,0.521,0.543,0.552,0.563,0.389,0.391,0.418
1,2,0,-2.7,2.2,0.76,0.64,0.382,0.417,0.366,0.398,0.393,0.375,0.612,0.609,0.591,0.555,0.436,0.498,0.478,0.503,0.525,0.504,0.478,0.623,0.614,0.599,0.646,0.468,0.477,0.413
2,3,0,-0.6,0.2,0.66,0.57,0.428,0.443,0.421,0.422,0.424,0.432,0.683,0.666,0.656,0.675,0.528,0.538,0.54,0.55,0.523,0.531,0.569,0.695,0.716,0.666,0.691,0.483,0.493,0.481
3,4,0,-0.1,1.1,0.77,0.79,0.352,0.359,0.361,0.376,0.332,0.391,0.619,0.516,0.557,0.575,0.435,0.474,0.458,0.424,0.446,0.438,0.441,0.594,0.613,0.602,0.593,0.406,0.378,0.409
4,5,0,-2.4,0.3,0.81,0.61,0.444,0.409,0.398,0.416,0.419,0.454,0.617,0.612,0.607,0.632,0.487,0.526,0.525,0.517,0.514,0.521,0.537,0.679,0.655,0.666,0.682,0.459,0.455,0.461
5,6,1,-1.4,2.3,0.83,0.6,0.325,0.35,0.319,0.319,0.287,0.31,0.448,0.46,0.433,0.464,0.364,0.391,0.409,0.366,0.424,0.409,0.374,0.504,0.509,0.493,0.512,0.353,0.356,0.375
6,7,1,1.0,0.1,0.62,0.61,0.456,0.473,0.484,0.452,0.457,0.467,0.678,0.677,0.659,0.689,0.579,0.568,0.576,0.567,0.554,0.575,0.554,0.752,0.737,0.735,0.74,0.471,0.49,0.508
7,1,0,-1.0,0.3,0.62,0.62,0.402,0.413,0.447,0.437,0.431,0.423,0.627,0.597,0.62,0.6,0.513,0.488,0.514,0.531,0.524,0.514,0.524,0.658,0.663,0.682,0.61,0.441,0.455,0.452
8,2,0,1.9,2.0,0.79,0.67,0.312,0.289,0.315,0.315,0.311,0.335,0.49,0.461,0.446,0.467,0.391,0.432,0.391,0.398,0.377,0.425,0.381,0.529,0.513,0.533,0.534,0.382,0.343,0.377
9,3,0,1.7,0.7,0.58,0.76,0.458,0.435,0.409,0.452,0.446,0.413,0.638,0.64,0.66,0.631,0.575,0.55,0.528,0.557,0.562,0.548,0.534,0.663,0.68,0.714,0.694,0.46,0.46,0.473
10,4,0,-1.1,1.0,0.44,0.83,0.429,0.421,0.473,0.462,0.452,0.448,0.714,0.665,0.677,0.675,0.559,0.582,0.551,0.585,0.609,0.565,0.578,0.75,0.717,0.757,0.731,0.492,0.536,0.511
11,5,0,4.4,0.0,0.33,0.74,0.278,0.265,0.221,0.279,0.304,0.242,0.406,0.398,0.421,0.402,0.32,0.353,0.359,0.342,0.335,0.352,0.343,0.422,0.453,0.443,0.466,0.356,0.307,0.304
12,6,1,3.5,0.5,0.48,0.74,0.31,0.335,0.321,0.333,0.33,0.331,0.459,0.494,0.496,0.498,0.405,0.413,0.419,0.425,0.397,0.427,0.417,0.545,0.564,0.58,0.556,0.382,0.402,0.4
13,7,1,-1.1,0.9,0.27,0.95,0.365,0.339,0.408,0.358,0.37,0.406,0.533,0.515,0.522,0.541,0.408,0.445,0.439,0.383,0.428,0.452,0.437,0.577,0.581,0.576,0.582,0.397,0.371,0.403
14,1,0,-2.7,0.6,0.34,0.57,0.347,0.374,0.343,0.35,0.352,0.327,0.54,0.56,0.533,0.553,0.456,0.426,0.432,0.432,0.467,0.46,0.446,0.564,0.555,0.592,0.556,0.409,0.401,0.392
15,2,0,-0.1,3.3,0.63,0.52,0.288,0.336,0.323,0.305,0.356,0.273,0.484,0.446,0.501,0.483,0.404,0.365,0.41,0.401,0.395,0.375,0.383,0.515,0.503,0.497,0.508,0.344,0.337,0.357
16,3,0,-1.0,1.3,0.13,0.79,0.353,0.337,0.315,0.343,0.327,0.343,0.52,0.486,0.471,0.486,0.402,0.413,0.463,0.445,0.412,0.423,0.438,0.55,0.493,0.563,0.533,0.378,0.396,0.357
17,4,0,2.4,0.7,0.74,0.76,0.362,0.372,0.388,0.334,0.376,0.36,0.542,0.576,0.571,0.527,0.493,0.491,0.505,0.468,0.477,0.46,0.491,0.589,0.609,0.569,0.603,0.423,0.438,0.442
18,5,0,-0.4,1.7,0.85,0.76,0.374,0.397,0.421,0.373,0.391,0.353,0.589,0.594,0.539,0.555,0.459,0.502,0.489,0.498,0.445,0.474,0.509,0.572,0.663,0.615,0.632,0.408,0.429,0.432
19,6,1,0.1,1.6,0.51,0.57,0.431,0.368,0.412,0.426,0.419,0.407,0.62,0.623,0.564,0.598,0.503,0.483,0.511,0.484,0.546,0.509,0.506,0.644,0.648,0.636,0.638,0.444,0.446,0.43
20,7,1,3.4,1.5,0.39,0.63,0.429,0.428,0.451,0.405,0.392,0.428,0.612,0.634,0.638,0.605,0.538,0.531,0.481,0.503,0.535,0.512,0.501,0.653,0.651,0.662,0.674,0.492,0.453,0.475
21,1,0,2.8,0.2,0.34,0.81,0.322,0.307,0.352,0.343,0.326,0.344,0.531,0.509,0.487,0.47,0.437,0.454,0.417,0.434,0.416,0.406,0.398,0.538,0.509,0.546,0.531,0.361,0.378,0.367
22,2,0,0.7,0.2,0.28,0.79,0.36,0.393,0.395,0.405,0.414,0.403,0.614,0.587,0.625,0.59,0.505,0.494,0.529,0.495,0.481,0.521,0.516,0.665,0.644,0.668,0.66,0.453,0.452,0.447
23,3,0,2.0,0.3,0.6,0.73,0.299,0.316,0.261,0.281,0.295,0.272,0.446,0.436,0.417,0.449,0.33,0.388,0.392,0.357,0.356,0.34,0.352,0.453,0.469,0.493,0.473,0.311,0.322,0.321
24,4,0,3.6,6.2,0.79,0.58,0.373,0.346,0.362,0.375,0.376,0.365,0.58,0.565,0.577,0.612,0.454,0.471,0.461,0.489,0.482,0.493,0.475,0.634,0.656,0.576,0.59,0.405,0.4,0.429
25,5,0,-0.7,0.4,0.63,0.7,0.435,0.442,0.413,0.434,0.434,0.423,0.655,0.668,0.669,0.626,0.551,0.55,0.532,0.561,0.525,0.535,0.558,0.679,0.724,0.716,0.726,0.459,0.539,0.483
26,6,1,-0.6,0.2,0.23,0.73,0.399,0.417,0.459,0.461,0.411,0.46,0.624,0.648,0.652,0.669,0.524,0.52,0.545,0.534,0.541,0.531,0.536,0.719,0.71,0.684,0.719,0.501,0.472,0.5
27,7,1,4.0,0.7,0.55,0.75,0.337,0.364,0.321,0.309,0.324,0.319,0.511,0.526,0.496,0.467,0.422,0.437,0.39,0.398,0.425,0.42,0.408,0.543,0.543,0.519,0.554,0.36,0.373,0.389
28,1,0,-0.7,0.4,0.37,0.64,0.389,0.446,0.409,0.439,0.443,0.411,0.636,0.618,0.621,0.604,0.582,0.526,0.499,0.519,0.544,0.494,0.523,0.674,0.735,0.701,0.718,0.477,0.445,0.48
29,2,0,-4.3,0.9,0.12,0.74,0.427,0.394,0.365,0.393,0.382,0.39,0.569,0.593,0.573,0.595,0.511,0.494,0.497,0.509,0.516,0.469,0.482,0.629,0.606,0.633,0.67,0.4,0.463,0.435
30,3,0,-0.1,1.1,0.85,0.68,0.266,0.288,0.249,0.261,0.272,0.249,0.372,0.382,0.37,0.356,0.327,0.324,0.285,0.321,0.328,0.327,0.312,0.432,0.416,0.42,0.42,0.325,0.277,0.27
31,4,0,1.2,0.1,0.76,0.69,0.397,0.422,0.441,0.372,0.392,0.417,0.595,0.533,0.621,0.588,0.501,0.493,0.51,0.519,0.513,0.466,0.499,0.663,0.665,0.667,0.649,0.434,0.444,0.437
32,5,0,1.3,1.2,0.53,0.74,0.455,0.454,0.467,0.481,0.448,0.432,0.666,0.668,0.658,0.691,0.56,0.549,0.572,0.573,0.545,0.551,0.546,0.76,0.722,0.722,0.724,0.518,0.512,0.478
33,6,1,2.0,0.7,0.42,0.68,0.313,0.369,0.333,0.335,0.342,0.357,0.526,0.525,0.513,0.516,0.443,0.42,0.433,0.469,0.415,0.436,0.42,0.577,0.531,0.573,0.562,0.405,0.377,0.368
34,7,1,2.0,0.8,0.53,0.62,0.489,0.485,0.49,0.492,0.438,0.472,0.709,0.736,0.726,0.728,0.609,0.618,0.598,0.556,0.582,0.594,0.578,0.801,0.823,0.778,0.782,0.551,0.568,0.567
35,1,0,1.8,1.2,0.5,0.56,0.279,0.265,0.259,0.267,0.29,0.258,0.401,0.412,0.391,0.414,0.334,0.359,0.377,0.332,0.387,0.326,0.343,0.472,0.455,0.488,0.458,0.315,0.302,0.292
36,2,0,5.2,3.0,0.94,0.66,0.426,0.379,0.421,0.405,0.422,0.441,0.582,0.602,0.602,0.595,0.474,0.522,0.514,0.553,0.455,0.519,0.519,0.66,0.661,0.659,0.698,0.477,0.424,0.471
37,3,0,5.0,0.7,0.24,0.61,0.258,0.292,0.246,0.284,0.247,0.267,0.436,0.363,0.384,0.395,0.308,0.3,0.344,0.315,0.304,0.331,0.337,0.418,0.474,0.4,0.427,0.303,0.287,0.288
38,4,0,2.5,0.2,0.41,0.6,0.459,0.437,0.436,0.426,0.455,0.449,0.65,0.675,0.624,0.66,0.566,0.543,0.556,0.549,0.574,0.557,0.565,0.687,0.735,0.723,0.71,0.492,0.474,0.532
39,5,0,5.0,0.5,0.46,0.67,0.368,0.375,0.403,0.38,0.385,0.364,0.553,0.58,0.607,0.536,0.464,0.484,0.488,0.497,0.489,0.478,0.52,0.637,0.603,0.669,0.63,0.427,0.426,0.43
40,6,1,1.9,1.2,0.57,0.57,0.436,0.448,0.462,0.444,0.464,0.443,0.679,0.731,0.685,0.708,0.53,0.56,0.593,0.544,0.558,0.558,0.57,0.747,0.765,0.737,0.718,0.485,0.51,0.505
41,7,1,3.7,0.7,0.3,0.94,0.493,0.44,0.441,0.451,0.496,0.459,0.714,0.742,0.67,0.704,0.582,0.595,0.586,0.587,0.625,0.584,0.599,0.741,0.751,0.784,0.773,0.53,0.544,0.526
42,1,0,3.5,0.5,0.04,0.69,0.311,0.361,0.313,0.334,0.315,0.321,0.475,0.478,0.497,0.461,0.412,0.417,0.403,0.399,0.411,0.436,0.368,0.543,0.521,0.556,0.52,0.389,0.425,0.409
43,2,0,2.6,2.5,0.58,0.69,0.431,0.443,0.45,0.42,0.448,0.459,0.669,0.681,0.644,0.68,0.561,0.529,0.546,0.587,0.565,0.497,0.521,0.699,0.685,0.712,0.712,0.521,0.5,0.529
44,3,0,1.4,0.9,0.37,0.73,0.238,0.227,0.255,0.227,0.23,0.239,0.381,0.367,0.347,0.381,0.296,0.312,0.299,0.323,0.312,0.299,0.311,0.388,0.4,0.398,0.395,0.273,0.272,0.28
45,4,0,3.1,1.3,0.45,0.47,0.487,0.447,0.424,0.468,0.411,0.433,0.664,0.68,0.664,0.657,0.562,0.546,0.564,0.569,0.56,0.573,0.57,0.693,0.758,0.742,0.711,0.495,0.488,0.537
46,5,0,6.6,0.4,0.4,0.8,0.401,0.39,0.414,0.393,0.399,0.383,0.604,0.595,0.566,0.612,0.519,0.496,0.49,0.452,0.484,0.508,0.508,0.626,0.64,0.639,0.637,0.442,0.48,0.422
47,6,1,2.4,3.4,0.19,0.71,0.272,0.28,0.272,0.339,0.328,0.296,0.402,0.434,0.453,0.361,0.348,0.32,0.364,0.34,0.317,0.362,0.337,0.451,0.434,0.455,0.414,0.27,0.302,0.334
48,7,1,-0.3,1.1,0.47,0.55,0.311,0.298,0.285,0.259,0.244,0.252,0.389,0.423,0.416,0.393,0.353,0.376,0.337,0.35,0.314,0.344,0.367,0.416,0.462,0.429,0.492,0.286,0.305,0.281
49,1,0,0.9,0.2,0.3,0.72,0.281,0.285,0.291,0.241,0.285,0.261,0.402,0.412,0.416,0.423,0.347,0.32,0.379,0.312,0.375,0.367,0.343,0.438,0.467,0.409,0.433,0.293,0.319,0.298
50,2,0,3.1,0.4,0.61,0.69,0.423,0.475,0.435,0.419,0.426,0.438,0.658,0.7,0.716,0.707,0.583,0.584,0.593,0.613,0.587,0.603,0.562,0.74,0.739,0.738,0.745,0.514,0.494,0.526
51,3,0,2.0,1.6,0.34,0.74,0.4,0.421,0.411,0.399,0.415,0.413,0.578,0.622,0.625,0.628,0.519,0.521,0.493,0.509,0.496,0.496,0.478,0.673,0.675,0.667,0.675,0.472,0.468,0.458
52,4,0,3.7,2.8,0.25,0.59,0.359,0.338,0.393,0.363,0.363,0.36,0.571,0.574,0.574,0.547,0.471,0.46,0.465,0.426,0.469,0.467,0.443,0.62,0.63,0.603,0.627,0.427,0.433,0.437
53,5,0,3.8,0.4,0.12,0.81,0.289,0.261,0.266,0.309,0.255,0.298,0.446,0.432,0.427,0.417,0.366,0.342,0.355,0.362,0.327,0.348,0.319,0.455,0.443,0.469,0.431,0.329,0.316,0.325
54,6,1,7.1,0.4,0.55,0.56,0.456,0.454,0.456,0.433,0.481,0.455,0.696,0.659,0.701,0.678,0.596,0.57,0.567,0.586,0.592,0.533,0.584,0.762,0.754,0.733,0.725,0.5,0.484,0.512
55,7,1,4.9,0.2,0.4,0.74,0.364,0.405,0.373,0.375,0.347,0.355,0.497,0.533,0.585,0.543,0.447,0.482,0.436,0.444,0.425,0.441,0.444,0.584,0.576,0.618,0.597,0.386,0.392,0.436
56,1,0,2.8,1.3,0.44,0.8,0.297,0.347,0.322,0.317,0.35,0.31,0.455,0.512,0.472,0.491,0.406,0.38,0.384,0.403,0.393,0.408,0.412,0.536,0.556,0.506,0.571,0.387,0.377,0.378
57,2,0,-1.8,0.8,0.36,0.76,0.457,0.459,0.492,0.434,0.48,0.488,0.702,0.697,0.67,0.715,0.572,0.594,0.569,0.526,0.603,0.608,0.551,0.734,0.718,0.755,0.76,0.541,0.521,0.546
58,3,0,3.3,0.1,0.46,0.78,0.466,0.434,0.421,0.418,0.463,0.407,0.637,0.631,0.637,0.661,0.527,0.544,0.555,0.543,0.532,0.569,0.555,0.724,0.726,0.726,0.717,0.488,0.513,0.48
59,4,0,7.3,0.3,0.26,0.72,0.368,0.356,0.366,0.341,0.366,0.393,0.596,0.546,0.537,0.544,0.499,0.503,0.475,0.475,0.445,0.471,0.433,0.6,0.593,0.597,0.612,0.413,0.407,0.446
60,5,0,5.3,1.1,0.34,0.66,0.453,0.434,0.437,0.478,0.441,0.456,0.674,0.714,0.702,0.715,0.6,0.595,0.575,0.549,0.575,0.556,0.558,0.737,0.735,0.746,0.752,0.493,0.501,0.513
61,6,1,6.9,1.5,0.34,0.69,0.234,0.228,0.297,0.268,0.222,0.263,0.383,0.399,0.4,0.403,0.329,0.317,0.343,0.346,0.322,0.333,0.331,0.439,0.412,0.429,0.401,0.319,0.288,0.266
62,7,1,6.3,1.2,0.57,0.81,0.451,0.405,0.403,0.41,0.393,0.414,0.615,0.597,0.582,0.595,0.475,0.461,0.475,0.464,0.509,0.514,0.532,0.623,0.622,0.637,0.637,0.434,0.442,0.457
63,1,0,6.4,1.5,0.36,0.73,0.386,0.363,0.369,0.358,0.373,0.373,0.514,0.51,0.586,0.57,0.477,0.471,0.474,0.424,0.465,0.434,0.49,0.635,0.594,0.606,0.589,0.394,0.421,0.384
64,2,0,6.3,0.3,0.53,0.57,0.324,0.317,0.32,0.316,0.326,0.357,0.499,0.473,0.511,0.509,0.43,0.449,0.433,0.436,0.398,0.39,0.425,0.541,0.573,0.531,0.566,0.396,0.375,0.391
65,3,0,5.7,0.6,0.69,0.6,0.434,0.428,0.428,0.423,0.444,0.456,0.63,0.664,0.68,0.626,0.515,0.561,0.537,0.511,0.568,0.556,0.534,0.722,0.685,0.702,0.735,0.441,0.486,0.521
66,4,0,1.0,0.7,0.26,0.63,0.461,0.456,0.434,0.457,0.452,0.466,0.682,0.703,0.712,0.67,0.541,0.583,0.576,0.549,0.576,0.568,0.562,0.743,0.712,0.704,0.745,0.512,0.565,0.526
67,5,0,1.7,2.8,0.78,0.59,0.375,0.33,0.321,0.34,0.373,0.359,0.516,0.533,0.509,0.534,0.421,0.438,0.475,0.433,0.447,0.43,0.464,0.544,0.559,0.557,0.538,0.407,0.409,0.377
68,6,1,6.1,0.4,0.93,0.79,0.303,0.306,0.272,0.288,0.263,0.25,0.432,0.403,0.399,0.385,0.392,0.349,0.364,0.357,0.348,0.365,0.349,0.456,0.436,0.452,0.445,0.29,0.342,0.337
69,7,1,6.2,0.5,0.47,0.53,0.294,0.296,0.276,0.267,0.259,0.257,0.465,0.427,0.415,0.438,0.346,0.357,0.356,0.328,0.329,0.382,0.381,0.475,0.452,0.475,0.425,0.291,0.297,0.328
70,1,0,5.3,0.6,0.34,0.74,0.265,0.282,0.259,0.283,0.276,0.258,0.411,0.42,0.428,0.435,0.315,0.317,0.324,0.34,0.355,0.343,0.4,0.45,0.451,0.43,0.454,0.302,0.281,0.333
71,2,0,4.4,3.2,0.29,0.84,0.25,0.263,0.269,0.241,0.232,0.245,0.382,0.405,0.397,0.375,0.284,0.354,0.339,0.321,0.306,0.322,0.315,0.429,0.442,0.406,0.387,0.277,0.284,0.278
72,3,0,5.0,0.5,0.23,0.87,0.339,0.333,0.368,0.322,0.352,0.346,0.5,0.482,0.526,0.543,0.42,0.428,0.419,0.457,0.45,0.437,0.445,0.538,0.508,0.56,0.551,0.383,0.362,0.387
73,4,0,8.0,1.8,0.48,0.81,0.428,0.43,0.397,0.391,0.408,0.435,0.614,0.618,0.609,0.618,0.51,0.527,0.557,0.509,0.531,0.516,0.507,0.67,0.63,0.676,0.655,0.481,0.437,0.452
74,5,0,5.5,0.2,0.61,0.74,0.324,0.31,0.31,0.345,0.328,0.289,0.501,0.472,0.51,0.507,0.412,0.392,0.433,0.394,0.413,0.411,0.424,0.544,0.541,0.565,0.532,0.386,0.409,0.374
75,6,1,6.6,1.3,0.31,0.64,0.394,0.373,0.366,0.344,0.4,0.381,0.52,0.559,0.545,0.56,0.41,0.472,0.445,0.466,0.476,0.457,0.479,0.622,0.595,0.596,0.602,0.407,0.457,0.418
76,7,1,5.1,0.3,0.64,0.7,0.36,0.332,0.331,0.342,0.366,0.345,0.498,0.495,0.528,0.53,0.468,0.449,0.419,0.402,0.461,0.382,0.402,0.565,0.537,0.535,0.516,0.388,0.383,0.395
77,1,0,8.6,1.2,0.43,0.67,0.435,0.429,0.434,0.416,0.385,0.447,0.605,0.664,0.659,0.65,0.513,0.534,0.52,0.539,0.533,0.546,0.587,0.719,0.691,0.699,0.694,0.436,0.48,0.496
78,2,0,8.0,0.9,0.68,0.6,0.262,0.283,0.251,0.233,0.268,0.229,0.375,0.371,0.404,0.403,0.333,0.344,0.333,0.304,0.323,0.306,0.32,0.442,0.412,0.409,0.375,0.278,0.32,0.303
79,3,0,11.7,0.0,0.28,0.51,0.441,0.434,0.462,0.446,0.465,0.429,0.674,0.663,0.687,0.648,0.547,0.542,0.596,0.532,0.569,0.578,0.581,0.682,0.709,0.698,0.717,0.487,0.505,0.53
80,4,0,6.1,0.8,0.35,0.58,0.308,0.347,0.339,0.332,0.304,0.351,0.524,0.52,0.491,0.551,0.446,0.428,0.393,0.444,0.437,0.424,0.402,0.582,0.529,0.543,0.579,0.391,0.368,0.408
81,5,0,10.2,0.3,0.55,0.72,0.297,0.305,0.305,0.286,0.304,0.287,0.418,0.463,0.42,0.467,0.361,0.381,0.37,0.363,0.323,0.342,0.344,0.5,0.455,0.491,0.474,0.336,0.351,0.331
82,6,1,6.5,0.4,0.24,0.69,0.444,0.503,0.468,0.476,0.466,0.453,0.699,0.698,0.689,0.675,0.575,0.614,0.583,0.591,0.594,0.563,0.585,0.786,0.773,0.74,0.768,0.56,0.504,0.543
83,7,1,9.0,0.4,0.39,0.7,0.364,0.364,0.362,0.359,0.381,0.371,0.57,0.552,0.552,0.552,0.469,0.439,0.442,0.488,0.5,0.48,0.489,0.57,0.587,0.603,0.603,0.429,0.408,0.397
84,1,0,6.2,1.1,0.22,0.58,0.437,0.445,0.44,0.425,0.459,0.419,0.712,0.646,0.665,0.686,0.545,0.572,0.561,0.551,0.549,0.574,0.541,0.695,0.705,0.708,0.699,0.481,0.508,0.509
85,2,0,11.2,0.2,0.83,0.94,0.263,0.243,0.29,0.29,0.26,0.27,0.402,0.386,0.415,0.39,0.288,0.331,0.322,0.331,0.334,0.336,0.345,0.402,0.417,0.462,0.406,0.262,0.321,0.308
86,3,0,12.2,0.0,0.74,0.69,0.307,0.232,0.294,0.27,0.279,0.313,0.447,0.429,0.443,0.445,0.389,0.36,0.374,0.349,0.353,0.376,0.381,0.445,0.444,0.466,0.469,0.34,0.356,0.311
87,4,0,8.2,1.6,0.51,0.69,0.487,0.486,0.456,0.471,0.503,0.478,0.669,0.677,0.683,0.69,0.587,0.576,0.561,0.556,0.562,0.554,0.597,0.769,0.765,0.771,0.765,0.494,0.509,0.529
88,5,0,8.1,3.9,0.36,0.96,0.408,0.441,0.454,0.462,0.43,0.439,0.633,0.621,0.64,0.633,0.515,0.539,0.526,0.514,0.526,0.524,0.534,0.679,0.704,0.705,0.674,0.469,0.471,0.455
89,6,1,8.2,2.5,0.14,0.62,0.46,0.438,0.487,0.439,0.441,0.461,0.696,0.647,0.683,0.658,0.533,0.569,0.578,0.537,0.571,0.582,0.567,0.76,0.708,0.72,0.754,0.495,0.507,0.529
90,7,1,7.9,0.7,0.87,0.84,0.36,0.36,0.38,0.363,0.34,0.337,0.562,0.532,0.51,0.534,0.469,0.452,0.447,0.454,0.469,0.435,0.457,0.615,0.586,0.564,0.584,0.429,0.381,0.392
91,1,0,8.2,0.5,0.74,0.76,0.33,0.333,0.311,0.351,0.359,0.314,0.512,0.525,0.525,0.522,0.408,0.407,0.439,0.473,0.426,0.414,0.46,0.558,0.554,0.523,0.587,0.385,0.35,0.393
92,2,0,9.3,2.9,0.53,0.78,0.348,0.344,0.376,0.339,0.377,0.366,0.529,0.533,0.517,0.539,0.443,0.407,0.435,0.454,0.394,0.452,0.511,0.598,0.592,0.576,0.575,0.391,0.402,0.405
93,3,0,12.9,1.7,0.52,0.62,0.455,0.395,0.457,0.459,0.431,0.475,0.677,0.672,0.688,0.715,0.547,0.512,0.577,0.567,0.55,0.562,0.602,0.732,0.696,0.736,0.72,0.504,0.487,0.475
94,4,0,8.2,0.5,0.12,0.72,0.402,0.429,0.454,0.475,0.462,0.462,0.654,0.659,0.678,0.648,0.561,0.556,0.541,0.588,0.558,0.589,0.535,0.774,0.725,0.684,0.723,0.511,0.493,0.47
95,5,0,13.3,0.4,0.74,0.61,0.412,0.369,0.412,0.384,0.416,0.411,0.574,0.643,0.659,0.65,0.558,0.501,0.539,0.545,0.515,0.502,0.494,0.684,0.693,0.688,0.674,0.471,0.451,0.476
96,6,1,11.9,0.1,0.36,0.63,0.439,0.42,0.408,0.412,0.449,0.433,0.648,0.649,0.651,0.639,0.575,0.533,0.526,0.543,0.573,0.525,0.534,0.704,0.701,0.688,0.736,0.513,0.488,0.493
97,7,1,10.8,1.2,0.84,0.55,0.313,0.361,0.331,0.304,0.331,0.312,0.508,0.481,0.479,0.536,0.394,0.445,0.392,0.417,0.41,0.373,0.392,0.548,0.52,0.533,0.536,0.397,0.353,0.367
98,1,0,12.1,0.2,0.7,0.82,0.259,0.291,0.263,0.308,0.295,0.27,0.388,0.387,0.426,0.427,0.347,0.339,0.35,0.322,0.357,0.347,0.364,0.398,0.463,0.393,0.445,0.291,0.33,0.296
99,2,0,11.9,1.2,0.73,0.66,0.452,0.478,0.452,0.475,0.472,0.444,0.711,0.694,0.672,0.733,0.568,0.562,0.585,0.578,0.59,0.573,0.602,0.75,0.779,0.776,0.768,0.531,0.533,0.556
100,3,0,13.7,0.6,0.61,0.71,0.35,0.287,0.342,0.302,0.294,0.311,0.514,0.482,0.505,0.48,0.461,0.396,0.368,0.442,0.427,0.403,0.411,0.545,0.503,0.539,0.551,0.402,0.354,0.391
101,4,0,9.8,0.3,0.55,0.58,0.359,0.403,0.382,0.408,0.41,0.382,0.607,0.611,0.628,0.585,0.477,0.502,0.518,0.509,0.505,0.503,0.518,0.634,0.659,0.663,0.623,0.463,0.462,0.473
102,5,0,13.6,0.3,0.41,0.91,0.251,0.309,0.28,0.256,0.275,0.289,0.413,0.452,0.385,0.438,0.364,0.344,0.343,0.38,0.327,0.347,0.376,0.424,0.475,0.478,0.465,0.309,0.302,0.283
103,6,1,13.2,1.0,0.77,0.65,0.263,0.215,0.238,0.256,0.249,0.246,0.361,0.362,0.362,0.38,0.312,0.322,0.318,0.322,0.291,0.306,0.319,0.394,0.379,0.385,0.378,0.267,0.28,0.275
104,7,1,15.0,0.1,0.8,0.64,0.422,0.424,0.444,0.405,0.415,0.448,0.632,0.647,0.703,0.642,0.521,0.548,0.607,0.571,0.538,0.533,0.574,0.718,0.703,0.742,0.715,0.538,0.48,0.531
105,1,0,10.6,1.0,0.55,0.71,0.423,0.45,0.471,0.476,0.485,0.46,0.697,0.699,0.687,0.675,0.594,0.613,0.586,0.54,0.588,0.571,0.558,0.741,0.748,0.761,0.745,0.512,0.499,0.575
106,2,0,11.9,1.0,0.39,0.73,0.404,0.441,0.417,0.398,0.422,0.419,0.61,0.601,0.634,0.633,0.494,0.507,0.551,0.522,0.503,0.498,0.529,0.674,0.687,0.629,0.642,0.442,0.452,0.456
107,3,0,12.1,1.9,0.11,0.64,0.321,0.306,0.307,0.288,0.299,0.242,0.471,0.461,0.447,0.478,0.388,0.37,0.348,0.337,0.383,0.421,0.431,0.515,0.525,0.525,0.484,0.373,0.33,0.381
108,4,0,13.2,0.3,0.78,0.47,0.42,0.406,0.418,0.434,0.414,0.424,0.611,0.604,0.622,0.602,0.567,0.533,0.539,0.533,0.55,0.502,0.523,0.702,0.644,0.707,0.674,0.477,0.492,0.477
109,5,0,9.7,0.3,0.31,0.67,0.234,0.313,0.28,0.301,0.257,0.255,0.422,0.392,0.423,0.419,0.331,0.345,0.319,0.327,0.345,0.296,0.359,0.442,0.411,0.46,0.457,0.345,0.296,0.319
110,6,1,13.2,1.4,0.29,0.81,0.352,0.361,0.349,0.328,0.35,0.336,0.486,0.52,0.506,0.499,0.463,0.41,0.447,0.41,0.418,0.484,0.46,0.547,0.541,0.562,0.581,0.392,0.36,0.375
111,7,1,13.3,0.5,0.23,0.64,0.494,0.489,0.437,0.465,0.45,0.468,0.746,0.724,0.721,0.711,0.601,0.572,0.594,0.576,0.588,0.603,0.587,0.797,0.799,0.751,0.833,0.528,0.534,0.539
112,1,0,12.9,0.1,0.69,0.64,0.349,0.379,0.346,0.339,0.365,0.366,0.524,0.556,0.54,0.552,0.437,0.426,0.417,0.438,0.462,0.431,0.449,0.608,0.578,0.591,0.583,0.422,0.406,0.397
113,2,0,11.7,2.0,0.21,0.62,0.455,0.422,0.45,0.447,0.462,0.457,0.606,0.635,0.626,0.692,0.569,0.536,0.555,0.521,0.531,0.572,0.532,0.702,0.719,0.711,0.706,0.535,0.478,0.498
114,3,0,10.7,1.3,0.39,0.64,0.361,0.35,0.35,0.339,0.329,0.311,0.526,0.509,0.539,0.531,0.425,0.427,0.434,0.416,0.463,0.448,0.458,0.542,0.589,0.56,0.563,0.397,0.418,0.409
115,4,0,15.8,2.4,0.5,0.85,0.403,0.432,0.41,0.427,0.435,0.438,0.605,0.616,0.615,0.632,0.514,0.517,0.513,0.529,0.529,0.502,0.522,0.676,0.645,0.716,0.657,0.466,0.45,0.451
116,5,0,14.8,2.2,0.47,0.7,0.382,0.397,0.421,0.399,0.441,0.4,0.627,0.615,0.592,0.589,0.498,0.498,0.493,0.535,0.527,0.539,0.526,0.67,0.658,0.653,0.663,0.459,0.448,0.452
117,6,1,15.7,1.1,0.65,0.72,0.284,0.314,0.287,0.298,0.318,0.301,0.413,0.448,0.465,0.409,0.389,0.383,0.368,0.367,0.38,0.371,0.395,0.497,0.504,0.54,0.452,0.294,0.32,0.33
118,7,1,14.8,1.3,0.79,0.59,0.232,0.236,0.239,0.254,0.231,0.248,0.346,0.376,0.407,0.357,0.302,0.346,0.342,0.292,0.331,0.306,0.274,0.411,0.413,0.418,0.388,0.28,0.281,0.265
119,1,0,14.7,0.7,0.43,0.75,0.415,0.451,0.44,0.447,0.469,0.44,0.648,0.649,0.689,0.665,0.472,0.523,0.564,0.502,0.558,0.565,0.504,0.714,0.707,0.704,0.714,0.5,0.469,0.486
120,2,0,14.6,0.6,0.43,0.81,0.25,0.236,0.241,0.216,0.251,0.272,0.351,0.393,0.355,0.376,0.313,0.298,0.294,0.302,0.332,0.302,0.292,0.37,0.454,0.376,0.384,0.273,0.311,0.223
121,3,0,17.5,1.8,0.21,0.64,0.247,0.289,0.251,0.266,0.277,0.259,0.411,0.383,0.396,0.345,0.307,0.306,0.337,0.322,0.265,0.332,0.295,0.403,0.398,0.408,0.397,0.266,0.267,0.268
122,4,0,11.3,0.1,0.51,0.71,0.329,0.339,0.301,0.347,0.317,0.337,0.474,0.454,0.493,0.442,0.415,0.426,0.401,0.412,0.42,0.416,0.41,0.542,0.525,0.524,0.527,0.373,0.362,0.361
123,5,0,17.6,1.2,0.6,0.76,0.287,0.313,0.305,0.34,0.309,0.346,0.489,0.492,0.479,0.509,0.385,0.362,0.375,0.397,0.375,0.362,0.423,0.503,0.52,0.522,0.512,0.351,0.355,0.37
124,6,1,14.7,1.3,0.29,0.9,0.374,0.322,0.373,0.329,0.336,0.337,0.508,0.508,0.511,0.532,0.454,0.394,0.438,0.416,0.46,0.412,0.443,0.574,0.551,0.519,0.537,0.401,0.339,0.385
125,7,1,12.6,1.0,0.21,0.67,0.244,0.265,0.24,0.28,0.26,0.272,0.392,0.388,0.41,0.381,0.337,0.354,0.318,0.351,0.32,0.344,0.355,0.427,0.469,0.415,0.416,0.312,0.323,0.302
126,1,0,14.6,0.7,0.11,0.67,0.329,0.36,0.367,0.286,0.336,0.339,0.479,0.487,0.482,0.457,0.389,0.409,0.408,0.42,0.335,0.402,0.438,0.535,0.513,0.498,0.526,0.363,0.394,0.374
127,2,0,17.1,2.0,0.7,0.76,0.423,0.422,0.41,0.424,0.391,0.41,0.608,0.64,0.627,0.648,0.529,0.52,0.572,0.524,0.539,0.515,0.527,0.667,0.662,0.646,0.697,0.456,0.441,0.433
128,3,0,14.6,1.1,0.89,0.68,0.263,0.29,0.279,0.237,0.233,0.264,0.419,0.394,0.39,0.363,0.365,0.329,0.343,0.33,0.335,0.299,0.34,0.427,0.404,0.458,0.414,0.315,0.292,0.282
129,4,0,13.9,0.5,0.19,0.74,0.448,0.472,0.459,0.485,0.458,0.491,0.696,0.725,0.713,0.702,0.597,0.58,0.581,0.578,0.606,0.631,0.582,0.772,0.791,0.755,0.763,0.536,0.551,0.554
130,5,0,12.6,0.6,0.31,0.72,0.294,0.233,0.26,0.225,0.267,0.231,0.354,0.392,0.384,0.411,0.337,0.305,0.289,0.327,0.294,0.29,0.299,0.425,0.42,0.414,0.426,0.288,0.316,0.247
131,6,1,17.3,0.3,0.64,0.52,0.296,0.321,0.333,0.313,0.335,0.325,0.424,0.463,0.477,0.486,0.379,0.412,0.392,0.333,0.38,0.418,0.379,0.518,0.499,0.536,0.475,0.364,0.337,0.341
132,7,1,16.6,0.2,0.08,0.54,0.387,0.391,0.407,0.418,0.394,0.444,0.66,0.59,0.644,0.642,0.522,0.506,0.502,0.543,0.566,0.564,0.522,0.707,0.651,0.697,0.656,0.496,0.496,0.464
133,1,0,19.0,0.7,0.12,0.82,0.353,0.329,0.312,0.295,0.32,0.345,0.479,0.451,0.482,0.48,0.358,0.389,0.377,0.403,0.394,0.365,0.395,0.467,0.518,0.516,0.49,0.353,0.33,0.326
134,2,0,13.2,0.1,0.46,0.8,0.304,0.305,0.327,0.302,0.311,0.312,0.47,0.47,0.456,0.453,0.354,0.376,0.401,0.395,0.375,0.391,0.36,0.498,0.514,0.508,0.526,0.368,0.316,0.336
135,3,0,15.8,0.1,0.49,0.84,0.392,0.351,0.382,0.386,0.379,0.369,0.553,0.537,0.574,0.537,0.479,0.452,0.462,0.472,0.455,0.519,0.5,0.632,0.598,0.588,0.577,0.408,0.393,0.411
136,4,0,17.5,0.1,0.27,0.87,0.43,0.417,0.42,0.411,0.348,0.4,0.601,0.578,0.595,0.585,0.461,0.514,0.508,0.486,0.513,0.518,0.512,0.631,0.69,0.623,0.67,0.437,0.49,0.486
137,5,0,15.7,0.2,0.34,0.58,0.343,0.365,0.33,0.337,0.316,0.356,0.516,0.52,0.495,0.517,0.418,0.402,0.414,0.409,0.481,0.406,0.44,0.556,0.548,0.557,0.516,0.409,0.401,0.386
138,6,1,18.4,0.6,0.82,0.68,0.46,0.445,0.471,0.436,0.45,0.433,0.663,0.693,0.664,0.68,0.579,0.578,0.554,0.579,0.599,0.553,0.555,0.727,0.689,0.716,0.749,0.517,0.481,0.506
139,7,1,16.3,0.2,0.19,0.76,0.464,0.474,0.444,0.46,0.462,0.444,0.716,0.677,0.717,0.722,0.578,0.571,0.591,0.591,0.615,0.576,0.59,0.762,0.764,0.741,0.774,0.56,0.51,0.543
140,1,0,14.3,3.2,0.51,0.74,0.387,0.346,0.371,0.373,0.369,0.418,0.567,0.588,0.563,0.571,0.493,0.474,0.458,0.464,0.48,0.503,0.455,0.609,0.58,0.592,0.614,0.446,0.437,0.423
141,2,0,18.9,3.2,0.47,0.62,0.424,0.469,0.45,0.411,0.448,0.46,0.642,0.714,0.662,0.678,0.572,0.587,0.555,0.599,0.614,0.562,0.585,0.751,0.751,0.712,0.748,0.517,0.486,0.51
142,3,0,17.5,0.2,0.6,0.76,0.385,0.396,0.357,0.365,0.4,0.386,0.594,0.55,0.568,0.6,0.456,0.489,0.472,0.457,0.49,0.454,0.47,0.617,0.628,0.616,0.614,0.414,0.428,0.404
143,4,0,15.4,0.1,0.65,0.78,0.449,0.428,0.391,0.425,0.438,0.443,0.65,0.64,0.665,0.608,0.54,0.513,0.566,0.542,0.545,0.558,0.581,0.724,0.733,0.637,0.709,0.498,0.455,0.47
144,5,0,17.6,0.3,0.62,0.68,0.219,0.278,0.208,0.283,0.262,0.252,0.368,0.337,0.424,0.361,0.336,0.308,0.315,0.298,0.314,0.315,0.29,0.39,0.408,0.451,0.393,0.244,0.313,0.289
145,6,1,15.1,3.3,0.38,0.71,0.249,0.24,0.262,0.248,0.258,0.269,0.392,0.412,0.392,0.374,0.326,0.32,0.315,0.292,0.331,0.294,0.271,0.368,0.388,0.376,0.401,0.259,0.279,0.295
146,7,1,20.7,0.2,0.79,0.81,0.303,0.337,0.343,0.332,0.313,0.291,0.47,0.459,0.472,0.479,0.437,0.393,0.397,0.364,0.41,0.406,0.421,0.535,0.501,0.547,0.515,0.34,0.375,0.377
147,1,0,17.7,0.7,0.36,0.86,0.433,0.464,0.441,0.441,0.446,0.437,0.67,0.677,0.669,0.653,0.558,0.563,0.593,0.575,0.527,0.583,0.561,0.705,0.732,0.723,0.751,0.508,0.495,0.496
148,2,0,18.1,2.0,0.87,0.72,0.365,0.379,0.381,0.393,0.385,0.359,0.543,0.552,0.59,0.582,0.429,0.465,0.464,0.449,0.485,0.504,0.461,0.555,0.582,0.594,0.581,0.436,0.441,0.426
149,3,0,17.4,2.5,0.57,0.86,0.299,0.294,0.27,0.267,0.27,0.251,0.412,0.407,0.452,0.419,0.348,0.372,0.328,0.346,0.334,0.359,0.34,0.458,0.443,0.471,0.465,0.323,0.316,0.305
150,4,0,19.3,0.5,0.44,0.64,0.419,0.369,0.412,0.389,0.416,0.387,0.607,0.582,0.613,0.592,0.485,0.499,0.518,0.492,0.515,0.502,0.484,0.679,0.628,0.681,0.641,0.462,0.445,0.407
151,5,0,21.6,0.1,0.72,0.75,0.412,0.358,0.364,0.356,0.359,0.392,0.549,0.566,0.541,0.565,0.44,0.481,0.455,0.475,0.462,0.483,0.503,0.609,0.622,0.581,0.628,0.388,0.445,0.438
152,6,1,17.2,0.6,0.24,0.74,0.41,0.47,0.436,0.452,0.439,0.416,0.688,0.649,0.672,0.647,0.529,0.569,0.526,0.585,0.55,0.526,0.526,0.712,0.732,0.692,0.734,0.481,0.482,0.47
153,7,1,19.2,1.4,0.42,0.45,0.314,0.305,0.332,0.296,0.286,0.305,0.406,0.449,0.415,0.424,0.378,0.375,0.34,0.354,0.365,0.317,0.359,0.479,0.485,0.505,0.445,0.324,0.336,0.327
154,1,0,21.8,0.9,0.28,0.73,0.262,0.266,0.268,0.294,0.311,0.291,0.369,0.409,0.452,0.438,0.362,0.357,0.352,0.348,0.355,0.36,0.346,0.45,0.475,0.492,0.473,0.334,0.323,0.269
155,2,0,18.9,0.2,0.42,0.86,0.363,0.42,0.401,0.407,0.386,0.385,0.628,0.605,0.566,0.588,0.488,0.498,0.496,0.49,0.461,0.492,0.477,0.651,0.656,0.636,0.663,0.48,0.433,0.431
156,3,0,21.2,2.3,0.56,0.78,0.466,0.481,0.43,0.469,0.458,0.468,0.67,0.669,0.641,0.694,0.535,0.547,0.534,0.556,0.547,0.543,0.562,0.715,0.695,0.723,0.734,0.458,0.458,0.495
157,4,0,16.8,0.0,0.25,0.69,0.475,0.467,0.454,0.458,0.456,0.486,0.742,0.703,0.692,0.701,0.579,0.578,0.571,0.609,0.564,0.566,0.583,0.742,0.79,0.771,0.758,0.545,0.507,0.532
158,5,0,21.0,0.4,0.27,0.66,0.324,0.314,0.327,0.323,0.297,0.32,0.497,0.496,0.485,0.486,0.416,0.423,0.407,0.396,0.397,0.388,0.422,0.543,0.5,0.514,0.498,0.399,0.346,0.384
159,6,1,16.8,2.9,0.58,0.59,0.469,0.457,0.49,0.448,0.456,0.482,0.669,0.703,0.691,0.721,0.613,0.628,0.603,0.576,0.552,0.532,0.588,0.759,0.777,0.767,0.776,0.524,0.545,0.558
160,7,1,23.3,0.1,0.38,0.62,0.471,0.442,0.416,0.442,0.491,0.484,0.639,0.651,0.67,0.644,0.54,0.552,0.563,0.532,0.532,0.537,0.521,0.708,0.715,0.672,0.694,0.499,0.473,0.483
161,1,0,18.5,1.0,0.46,0.48,0.327,0.42,0.385,0.38,0.378,0.374,0.562,0.539,0.572,0.588,0.46,0.512,0.501,0.458,0.455,0.482,0.488,0.605,0.651,0.615,0.62,0.406,0.446,0.452
162,2,0,17.2,1.1,0.27,0.49,0.3,0.284,0.281,0.266,0.299,0.267,0.426,0.432,0.445,0.43,0.383,0.353,0.388,0.336,0.38,0.34,0.405,0.513,0.465,0.499,0.521,0.335,0.32,0.289
163,3,0,17.8,3.7,0.32,0.76,0.271,0.236,0.246,0.249,0.225,0.225,0.402,0.37,0.37,0.361,0.326,0.337,0.346,0.317,0.324,0.338,0.352,0.397,0.416,0.418,0.416,0.274,0.312,0.305
164,4,0,21.1,0.6,0.41,0.53,0.309,0.316,0.32,0.335,0.332,0.289,0.464,0.457,0.497,0.493,0.403,0.429,0.431,0.384,0.439,0.356,0.406,0.517,0.518,0.522,0.475,0.374,0.368,0.326
165,5,0,21.7,0.5,0.64,0.62,0.502,0.458,0.462,0.486,0.502,0.483,0.698,0.718,0.739,0.699,0.589,0.568,0.61,0.597,0.59,0.604,0.566,0.771,0.767,0.79,0.797,0.564,0.533,0.547
166,6,1,20.1,0.5,0.37,0.61,0.286,0.315,0.319,0.311,0.317,0.301,0.452,0.522,0.49,0.497,0.378,0.434,0.479,0.402,0.425,0.417,0.406,0.525,0.524,0.537,0.52,0.363,0.351,0.33
167,7,1,19.7,2.1,0.33,0.71,0.44,0.471,0.417,0.445,0.435,0.44,0.677,0.693,0.653,0.697,0.566,0.57,0.571,0.592,0.558,0.551,0.523,0.712,0.757,0.753,0.733,0.475,0.519,0.52
168,1,0,18.2,0.7,0.17,0.72,0.33,0.341,0.362,0.379,0.348,0.374,0.506,0.503,0.523,0.534,0.457,0.431,0.404,0.432,0.429,0.448,0.433,0.521,0.582,0.55,0.556,0.371,0.374,0.383
169,2,0,19.6,0.1,0.45,0.73,0.412,0.441,0.437,0.422,0.431,0.415,0.592,0.625,0.614,0.622,0.51,0.466,0.531,0.479,0.486,0.545,0.519,0.661,0.663,0.68,0.694,0.446,0.47,0.431
170,3,0,17.6,0.0,0.4,0.58,0.234,0.262,0.31,0.255,0.308,0.259,0.408,0.372,0.392,0.386,0.297,0.32,0.3,0.326,0.36,0.336,0.298,0.42,0.478,0.424,0.423,0.297,0.28,0.304
171,4,0,18.8,1.8,0.36,0.48,0.409,0.394,0.457,0.408,0.397,0.387,0.584,0.592,0.6,0.628,0.533,0.495,0.499,0.49,0.536,0.518,0.524,0.636,0.675,0.656,0.682,0.462,0.439,0.448
172,5,0,20.2,0.3,0.64,0.73,0.279,0.312,0.287,0.298,0.296,0.278,0.463,0.453,0.455,0.469,0.383,0.38,0.374,0.364,0.383,0.37,0.388,0.498,0.502,0.473,0.444,0.324,0.354,0.339
173,6,1,19.1,0.3,0.22,0.73,0.371,0.315,0.336,0.342,0.342,0.34,0.514,0.538,0.5,0.552,0.421,0.451,0.418,0.442,0.415,0.417,0.412,0.588,0.566,0.552,0.561,0.398,0.387,0.369
174,7,1,21.6,0.3,0.48,0.6,0.372,0.342,0.378,0.312,0.352,0.323,0.518,0.549,0.492,0.509,0.44,0.442,0.426,0.435,0.453,0.405,0.431,0.547,0.566,0.536,0.562,0.408,0.414,0.383
175,1,0,18.9,1.3,0.6,0.89,0.259,0.306,0.27,0.258,0.294,0.3,0.412,0.423,0.429,0.447,0.369,0.3,0.344,0.347,0.35,0.369,0.338,0.494,0.433,0.446,0.439,0.323,0.29,0.27
176,2,0,18.1,1.5,0.83,0.6,0.264,0.256,0.276,0.238,0.283,0.243,0.369,0.403,0.388,0.36,0.356,0.33,0.352,0.295,0.348,0.322,0.311,0.414,0.43,0.414,0.459,0.304,0.305,0.279
177,3,0,16.0,0.3,0.29,0.65,0.446,0.48,0.46,0.476,0.436,0.465,0.694,0.694,0.696,0.685,0.555,0.563,0.563,0.582,0.548,0.574,0.553,0.764,0.735,0.759,0.747,0.533,0.509,0.547
178,4,0,16.0,0.4,0.69,0.51,0.308,0.296,0.318,0.307,0.305,0.274,0.443,0.503,0.452,0.472,0.386,0.408,0.384,0.442,0.385,0.385,0.355,0.527,0.499,0.473,0.472,0.346,0.345,0.366
179,5,0,16.7,0.1,0.65,0.84,0.291,0.259,0.272,0.243,0.262,0.257,0.421,0.413,0.447,0.395,0.334,0.334,0.336,0.365,0.3,0.32,0.328,0.454,0.417,0.466,0.408,0.309,0.276,0.334
180,6,1,17.3,0.6,0.23,0.7,0.438,0.446,0.424,0.459,0.424,0.431,0.639,0.669,0.68,0.689,0.584,0.538,0.564,0.576,0.572,0.596,0.538,0.748,0.748,0.731,0.728,0.502,0.483,0.494
181,7,1,19.8,0.1,0.8,0.79,0.352,0.316,0.331,0.336,0.324,0.354,0.511,0.524,0.565,0.497,0.44,0.397,0.396,0.399,0.43,0.474,0.433,0.541,0.562,0.55,0.555,0.382,0.419,0.389
182,1,0,19.4,1.6,0.42,0.7,0.349,0.386,0.349,0.307,0.349,0.358,0.541,0.572,0.517,0.565,0.468,0.454,0.447,0.467,0.416,0.449,0.47,0.59,0.611,0.602,0.567,0.429,0.422,0.381
183,2,0,19.5,1.2,0.55,0.62,0.293,0.308,0.264,0.29,0.273,0.286,0.45,0.44,0.438,0.398,0.344,0.35,0.356,0.386,0.315,0.325,0.359,0.476,0.468,0.468,0.474,0.318,0.293,0.346
184,3,0,19.5,1.6,0.7,0.83,0.28,0.289,0.298,0.289,0.297,0.269,0.435,0.437,0.448,0.435,0.345,0.349,0.356,0.372,0.376,0.393,0.367,0.464,0.473,0.48,0.466,0.326,0.335,0.327
185,4,0,20.0,0.3,0.21,0.65,0.228,0.249,0.26,0.256,0.238,0.284,0.39,0.381,0.386,0.413,0.322,0.335,0.327,0.32,0.303,0.353,0.287,0.376,0.467,0.415,0.42,0.298,0.272,0.272
186,5,0,20.4,0.0,0.54,0.69,0.235,0.253,0.258,0.292,0.262,0.212,0.345,0.366,0.359,0.375,0.313,0.309,0.321,0.282,0.336,0.328,0.354,0.427,0.4,0.375,0.42,0.294,0.254,0.251
187,6,1,20.2,0.1,0.44,0.74,0.225,0.186,0.23,0.233,0.265,0.241,0.368,0.387,0.371,0.352,0.296,0.361,0.328,0.339,0.3,0.335,0.334,0.406,0.396,0.375,0.417,0.248,0.282,0.29
188,7,1,22.4,1.4,0.49,0.71,0.407,0.389,0.403,0.391,0.387,0.393,0.611,0.602,0.621,0.609,0.517,0.533,0.457,0.5,0.541,0.502,0.503,0.577,0.65,0.63,0.627,0.484,0.472,0.44
189,1,0,21.7,2.1,0.31,0.62,0.377,0.381,0.351,0.348,0.344,0.342,0.508,0.548,0.547,0.552,0.449,0.483,0.462,0.417,0.49,0.417,0.458,0.575,0.573,0.581,0.604,0.407,0.378,0.418
190,2,0,22.7,1.2,0.39,0.7,0.42,0.473,0.47,0.415,0.427,0.44,0.652,0.657,0.647,0.65,0.543,0.532,0.542,0.586,0.55,0.527,0.52,0.71,0.754,0.707,0.71,0.486,0.52,0.474
191,3,0,18.5,0.9,0.16,0.77,0.359,0.42,0.386,0.361,0.398,0.411,0.59,0.597,0.61,0.627,0.475,0.47,0.482,0.485,0.483,0.481,0.518,0.644,0.638,0.623,0.606,0.438,0.441,0.406
192,4,0,21.2,1.6,0.29,0.78,0.297,0.253,0.286,0.264,0.238,0.268,0.402,0.378,0.378,0.396,0.293,0.313,0.304,0.319,0.297,0.31,0.331,0.383,0.429,0.431,0.396,0.289,0.238,0.278
193,5,0,17.6,0.9,0.71,0.63,0.367,0.354,0.356,0.346,0.372,0.381,0.558,0.53,0.51,0.551,0.455,0.467,0.44,0.46,0.432,0.458,0.431,0.584,0.57,0.601,0.549,0.39,0.4,0.38
194,6,1,20.6,1.1,0.49,0.72,0.422,0.38,0.408,0.37,0.414,0.427,0.639,0.607,0.64,0.596,0.566,0.512,0.48,0.504,0.498,0.502,0.498,0.662,0.65,0.666,0.647,0.465,0.434,0.469
195,7,1,20.8,0.4,0.51,0.65,0.352,0.374,0.363,0.352,0.382,0.375,0.603,0.532,0.555,0.571,0.458,0.472,0.457,0.47,0.452,0.455,0.462,0.638,0.607,0.609,0.607,0.437,0.43,0.412
196,1,0,19.3,4.0,0.68,0.77,0.457,0.465,0.502,0.457,0.464,0.478,0.697,0.686,0.722,0.675,0.598,0.609,0.585,0.618,0.605,0.541,0.563,0.788,0.779,0.754,0.763,0.546,0.533,0.529
197,2,0,17.9,5.4,0.59,0.73,0.436,0.465,0.449,0.45,0.487,0.48,0.705,0.726,0.733,0.705,0.593,0.575,0.569,0.605,0.592,0.587,0.566,0.778,0.729,0.785,0.738,0.542,0.503,0.528
198,3,0,21.0,0.5,0.4,0.67,0.398,0.422,0.425,0.471,0.403,0.424,0.608,0.619,0.623,0.604,0.513,0.513,0.516,0.531,0.534,0.492,0.505,0.704,0.659,0.63,0.68,0.456,0.449,0.485
199,4,0,22.8,0.0,0.43,0.87,0.243,0.25,0.261,0.235,0.24,0.235,0.409,0.387,0.338,0.388,0.292,0.341,0.289,0.304,0.335,0.305,0.319,0.423,0.383,0.398,0.393,0.255,0.255,0.291
200,5,0,21.7,0.7,0.15,0.71,0.508,0.461,0.469,0.472,0.472,0.449,0.717,0.702,0.645,0.696,0.573,0.572,0.574,0.591,0.621,0.595,0.575,0.755,0.762,0.735,0.797,0.51,0.531,0.551
201,6,1,20.0,6.4,0.2,0.76,0.264,0.229,0.261,0.254,0.236,0.223,0.377,0.39,0.385,0.379,0.35,0.307,0.309,0.314,0.337,0.318,0.299,0.447,0.415,0.425,0.415,0.305,0.309,0.276
202,7,1,18.8,0.5,0.15,0.93,0.483,0.439,0.427,0.458,0.511,0.457,0.699,0.708,0.699,0.699,0.597,0.588,0.585,0.607,0.608,0.597,0.579,0.797,0.765,0.742,0.767,0.531,0.515,0.493
203,1,0,21.8,0.6,0.29,0.86,0.343,0.275,0.306,0.269,0.315,0.319,0.428,0.459,0.434,0.447,0.357,0.38,0.341,0.383,0.377,0.358,0.384,0.493,0.489,0.474,0.485,0.313,0.332,0.351
204,2,0,20.5,0.7,0.27,0.8,0.246,0.274,0.247,0.252,0.246,0.293,0.378,0.395,0.385,0.383,0.26,0.324,0.353,0.28,0.334,0.347,0.302,0.419,0.416,0.397,0.395,0.279,0.259,0.299
205,3,0,19.6,1.3,0.23,0.72,0.439,0.497,0.429,0.439,0.465,0.448,0.685,0.688,0.665,0.671,0.536,0.527,0.569,0.55,0.544,0.547,0.575,0.714,0.72,0.687,0.729,0.49,0.499,0.538
206,4,0,15.5,2.1,0.6,0.79,0.278,0.278,0.27,0.206,0.289,0.27,0.408,0.385,0.363,0.372,0.348,0.356,0.34,0.318,0.339,0.322,0.325,0.422,0.443,0.437,0.421,0.298,0.329,0.28
207,5,0,18.7,0.7,0.65,0.58,0.398,0.422,0.409,0.412,0.423,0.415,0.618,0.614,0.608,0.64,0.54,0.511,0.494,0.494,0.555,0.546,0.52,0.677,0.691,0.7,0.719,0.485,0.478,0.457
208,6,1,17.2,0.8,0.43,0.75,0.313,0.312,0.306,0.314,0.347,0.317,0.484,0.487,0.48,0.482,0.383,0.363,0.369,0.365,0.401,0.399,0.374,0.508,0.488,0.491,0.512,0.319,0.322,0.297
209,7,1,22.5,0.2,0.22,0.75,0.433,0.471,0.457,0.424,0.449,0.424,0.646,0.678,0.66,0.672,0.527,0.565,0.576,0.583,0.57,0.564,0.582,0.717,0.741,0.736,0.732,0.496,0.47,0.483
210,1,0,23.8,0.7,0.66,0.57,0.323,0.346,0.314,0.31,0.363,0.351,0.523,0.522,0.523,0.531,0.403,0.443,0.394,0.433,0.398,0.422,0.464,0.601,0.612,0.538,0.551,0.378,0.436,0.385
211,2,0,17.0,1.0,0.21,0.89,0.375,0.375,0.349,0.364,0.355,0.39,0.543,0.507,0.566,0.543,0.435,0.447,0.459,0.435,0.43,0.486,0.471,0.594,0.601,0.606,0.604,0.389,0.437,0.41
212,3,0,16.4,5.6,0.43,0.69,0.295,0.275,0.279,0.307,0.271,0.289,0.415,0.447,0.435,0.427,0.353,0.337,0.369,0.379,0.308,0.396,0.366,0.462,0.444,0.416,0.434,0.322,0.302,0.315
213,4,0,21.6,3.0,0.65,0.72,0.327,0.317,0.318,0.332,0.361,0.331,0.476,0.49,0.485,0.467,0.416,0.391,0.373,0.393,0.375,0.406,0.379,0.551,0.523,0.493,0.549,0.328,0.387,0.356
214,5,0,13.1,1.3,0.66,0.7,0.289,0.262,0.278,0.277,0.295,0.255,0.425,0.428,0.397,0.425,0.315,0.323,0.358,0.341,0.326,0.371,0.372,0.438,0.458,0.459,0.441,0.324,0.32,0.332
215,6,1,20.0,0.0,0.27,0.73,0.424,0.442,0.439,0.431,0.422,0.393,0.653,0.669,0.663,0.625,0.547,0.554,0.528,0.527,0.546,0.536,0.541,0.685,0.719,0.682,0.739,0.495,0.486,0.497
216,7,1,16.5,0.6,0.56,0.72,0.442,0.438,0.477,0.438,0.489,0.462,0.655,0.709,0.705,0.672,0.6,0.601,0.574,0.595,0.599,0.568,0.587,0.733,0.738,0.753,0.774,0.542,0.507,0.502
217,1,0,16.1,1.6,0.71,0.72,0.472,0.474,0.462,0.516,0.485,0.476,0.683,0.726,0.71,0.713,0.609,0.597,0.579,0.576,0.568,0.581,0.652,0.792,0.806,0.769,0.791,0.531,0.53,0.523
218,2,0,17.7,0.3,0.52,0.87,0.278,0.35,0.282,0.291,0.272,0.275,0.374,0.447,0.429,0.462,0.343,0.343,0.351,0.344,0.375,0.353,0.384,0.435,0.422,0.441,0.475,0.316,0.339,0.301
219,3,0,18.3,0.2,0.32,0.77,0.328,0.343,0.317,0.319,0.371,0.321,0.496,0.496,0.472,0.492,0.403,0.411,0.426,0.372,0.419,0.389,0.408,0.525,0.526,0.564,0.515,0.32,0.398,0.351
220,4,0,17.0,0.2,0.5,0.66,0.304,0.292,0.33,0.302,0.324,0.339,0.411,0.48,0.496,0.47,0.376,0.42,0.345,0.396,0.415,0.424,0.371,0.546,0.506,0.514,0.506,0.373,0.359,0.343
221,5,0,19.9,0.1,0.14,0.64,0.36,0.426,0.388,0.386,0.397,0.369,0.571,0.573,0.584,0.551,0.471,0.503,0.493,0.486,0.46,0.473,0.45,0.64,0.607,0.574,0.591,0.461,0.452,0.399
222,6,1,18.2,0.1,0.3,0.67,0.45,0.411,0.421,0.417,0.432,0.41,0.624,0.627,0.635,0.605,0.502,0.536,0.528,0.512,0.502,0.51,0.531,0.692,0.661,0.676,0.678,0.48,0.456,0.456
223,7,1,16.5,0.9,0.18,0.66,0.293,0.316,0.291,0.317,0.328,0.337,0.459,0.435,0.468,0.428,0.385,0.364,0.409,0.361,0.364,0.401,0.363,0.478,0.508,0.494,0.495,0.307,0.353,0.32
224,1,0,12.5,2.4,0.28,0.62,0.391,0.365,0.406,0.366,0.402,0.392,0.587,0.578,0.579,0.611,0.536,0.483,0.51,0.49,0.504,0.482,0.474,0.622,0.664,0.641,0.62,0.412,0.408,0.442
225,2,0,18.6,0.3,0.59,0.71,0.462,0.463,0.467,0.436,0.496,0.464,0.661,0.695,0.688,0.698,0.591,0.557,0.624,0.556,0.599,0.577,0.567,0.779,0.757,0.73,0.754,0.555,0.518,0.558
226,3,0,19.6,0.0,0.55,0.65,0.332,0.358,0.33,0.304,0.317,0.31,0.467,0.509,0.47,0.483,0.406,0.411,0.376,0.408,0.385,0.402,0.39,0.533,0.499,0.529,0.555,0.348,0.381,0.367
227,4,0,17.6,2.1,0.62,0.68,0.32,0.363,0.348,0.354,0.297,0.347,0.505,0.481,0.527,0.524,0.432,0.414,0.425,0.426,0.45,0.42,0.422,0.514,0.541,0.55,0.546,0.357,0.395,0.418
228,5,0,15.3,0.3,0.27,0.6,0.461,0.383,0.421,0.425,0.433,0.433,0.631,0.648,0.641,0.64,0.565,0.526,0.539,0.517,0.562,0.566,0.532,0.744,0.689,0.719,0.708,0.529,0.52,0.476
229,6,1,16.7,0.2,0.72,0.53,0.464,0.498,0.494,0.474,0.49,0.462,0.741,0.719,0.736,0.68,0.583,0.61,0.56,0.596,0.615,0.551,0.583,0.801,0.796,0.776,0.781,0.545,0.544,0.538
230,7,1,17.0,0.1,0.64,0.79,0.254,0.297,0.307,0.287,0.289,0.299,0.446,0.427,0.439,0.417,0.348,0.38,0.391,0.352,0.337,0.345,0.328,0.457,0.467,0.466,0.417,0.316,0.339,0.343
231,1,0,16.8,2.0,0.48,0.78,0.479,0.455,0.503,0.411,0.436,0.47,0.664,0.717,0.704,0.686,0.579,0.577,0.565,0.566,0.579,0.595,0.584,0.713,0.768,0.763,0.789,0.52,0.529,0.498
232,2,0,15.4,0.2,0.62,0.73,0.347,0.409,0.38,0.371,0.379,0.366,0.555,0.535,0.567,0.563,0.51,0.423,0.48,0.473,0.463,0.482,0.466,0.601,0.618,0.587,0.604,0.443,0.371,0.421
233,3,0,15.8,0.0,0.36,0.72,0.211,0.265,0.208,0.231,0.247,0.25,0.361,0.347,0.352,0.391,0.328,0.328,0.331,0.293,0.309,0.339,0.268,0.412,0.373,0.408,0.419,0.277,0.292,0.235
234,4,0,19.0,0.3,0.5,0.75,0.468,0.435,0.46,0.392,0.448,0.453,0.648,0.671,0.627,0.632,0.534,0.508,0.551,0.583,0.574,0.525,0.509,0.71,0.729,0.736,0.737,0.476,0.511,0.533
235,5,0,14.8,1.4,0.61,0.78,0.373,0.398,0.361,0.37,0.355,0.36,0.57,0.554,0.572,0.556,0.453,0.452,0.508,0.462,0.458,0.466,0.472,0.637,0.622,0.629,0.609,0.414,0.44,0.433
236,6,1,13.8,0.8,0.41,0.67,0.298,0.304,0.354,0.322,0.326,0.368,0.491,0.501,0.489,0.462,0.391,0.407,0.391,0.401,0.395,0.399,0.411,0.529,0.544,0.514,0.567,0.347,0.385,0.361
237,7,1,14.0,1.8,0.26,0.75,0.378,0.385,0.405,0.422,0.335,0.352,0.62,0.57,0.592,0.581,0.488,0.496,0.495,0.473,0.484,0.487,0.453,0.619,0.594,0.647,0.637,0.423,0.454,0.453
238,1,0,14.8,0.5,0.47,0.59,0.308,0.264,0.289,0.277,0.303,0.312,0.415,0.436,0.425,0.421,0.329,0.32,0.304,0.355,0.334,0.341,0.346,0.414,0.449,0.446,0.428,0.326,0.327,0.3
239,2,0,14.9,0.4,0.53,0.69,0.364,0.337,0.368,0.358,0.38,0.343,0.563,0.536,0.576,0.555,0.463,0.453,0.435,0.465,0.464,0.494,0.504,0.608,0.59,0.593,0.622,0.408,0.416,0.404
240,3,0,13.7,0.0,0.25,0.48,0.351,0.353,0.331,0.323,0.337,0.339,0.509,0.523,0.524,0.473,0.379,0.431,0.399,0.427,0.441,0.361,0.429,0.553,0.525,0.559,0.548,0.36,0.342,0.355
241,4,0,11.4,0.2,0.31,0.66,0.476,0.459,0.415,0.441,0.437,0.385,0.659,0.658,0.675,0.658,0.555,0.588,0.55,0.521,0.517,0.503,0.567,0.714,0.72,0.734,0.764,0.516,0.484,0.512
242,5,0,16.8,1.3,0.57,0.63,0.348,0.325,0.326,0.348,0.344,0.355,0.511,0.529,0.559,0.528,0.436,0.447,0.428,0.448,0.433,0.44,0.429,0.556,0.566,0.544,0.584,0.389,0.366,0.424
243,6,1,12.1,1.5,0.79,0.78,0.498,0.457,0.494,0.461,0.485,0.451,0.645,0.694,0.734,0.705,0.605,0.567,0.611,0.604,0.613,0.582,0.62,0.811,0.77,0.791,0.742,0.544,0.525,0.576
244,7,1,12.4,1.2,0.66,0.78,0.37,0.334,0.351,0.375,0.356,0.368,0.498,0.522,0.518,0.557,0.482,0.463,0.469,0.464,0.479,0.412,0.424,0.616,0.597,0.566,0.595,0.425,0.394,0.407
245,1,0,14.3,0.6,0.24,0.66,0.39,0.382,0.383,0.429,0.401,0.376,0.609,0.614,0.633,0.62,0.512,0.48,0.458,0.517,0.525,0.514,0.481,0.664,0.653,0.642,0.67,0.436,0.452,0.455
246,2,0,16.9,0.1,0.72,0.65,0.407,0.403,0.358,0.38,0.382,0.414,0.583,0.616,0.585,0.565,0.459,0.443,0.459,0.492,0.49,0.455,0.492,0.644,0.63,0.671,0.622,0.427,0.412,0.408
247,3,0,13.5,0.6,0.65,0.71,0.398,0.411,0.406,0.415,0.405,0.41,0.611,0.626,0.634,0.613,0.539,0.504,0.531,0.515,0.509,0.5,0.497,0.67,0.656,0.66,0.656,0.46,0.479,0.453
248,4,0,14.2,1.0,0.29,0.67,0.509,0.439,0.451,0.473,0.46,0.442,0.681,0.661,0.678,0.656,0.551,0.576,0.57,0.581,0.574,0.558,0.564,0.724,0.726,0.752,0.728,0.472,0.501,0.533
249,5,0,17.4,0.9,0.28,0.67,0.429,0.39,0.443,0.435,0.437,0.435,0.631,0.653,0.639,0.63,0.538,0.57,0.586,0.547,0.546,0.541,0.506,0.729,0.711,0.734,0.753,0.476,0.52,0.483
250,6,1,13.6,2.0,0.62,0.67,0.387,0.384,0.398,0.385,0.362,0.374,0.567,0.579,0.594,0.608,0.513,0.487,0.504,0.525,0.472,0.48,0.488,0.628,0.632,0.616,0.649,0.433,0.444,0.437
251,7,1,14.2,0.5,0.86,0.6,0.399,0.374,0.41,0.405,0.402,0.421,0.594,0.571,0.581,0.612,0.52,0.48,0.489,0.469,0.485,0.485,0.492,0.668,0.612,0.609,0.643,0.431,0.434,0.476
252,1,0,12.2,1.3,0.31,0.73,0.407,0.383,0.422,0.428,0.412,0.406,0.621,0.606,0.66,0.641,0.512,0.529,0.51,0.529,0.518,0.551,0.566,0.702,0.69,0.663,0.699,0.448,0.477,0.506
253,2,0,12.3,0.3,0.35,0.62,0.251,0.286,0.261,0.259,0.284,0.264,0.396,0.36,0.333,0.363,0.312,0.321,0.337,0.326,0.309,0.32,0.298,0.429,0.404,0.439,0.411,0.307,0.299,0.255
254,3,0,11.5,0.2,0.59,0.68,0.432,0.431,0.451,0.418,0.401,0.435,0.691,0.647,0.674,0.674,0.524,0.553,0.568,0.518,0.551,0.549,0.585,0.685,0.708,0.696,0.712,0.503,0.509,0.514
255,4,0,17.4,0.3,0.12,0.68,0.336,0.291,0.32,0.316,0.315,0.287,0.481,0.444,0.413,0.442,0.373,0.408,0.387,0.357,0.384,0.37,0.377,0.465,0.444,0.492,0.467,0.39,0.308,0.333
256,5,0,11.7,1.3,0.37,0.87,0.468,0.427,0.44,0.428,0.444,0.474,0.64,0.653,0.624,0.697,0.563,0.555,0.544,0.585,0.563,0.55,0.53,0.735,0.737,0.73,0.69,0.49,0.503,0.525
257,6,1,12.2,1.5,0.52,0.73,0.395,0.422,0.382,0.405,0.4,0.399,0.58,0.571,0.579,0.597,0.485,0.507,0.54,0.516,0.533,0.509,0.497,0.662,0.636,0.655,0.646,0.457,0.415,0.444
258,7,1,19.4,1.3,0.52,0.63,0.331,0.37,0.358,0.381,0.404,0.381,0.586,0.544,0.552,0.566,0.492,0.496,0.466,0.48,0.48,0.463,0.505,0.596,0.615,0.609,0.58,0.414,0.419,0.397
259,1,0,15.1,0.1,0.83,0.71,0.388,0.439,0.419,0.432,0.399,0.412,0.632,0.601,0.616,0.581,0.502,0.488,0.484,0.467,0.534,0.514,0.516,0.635,0.682,0.652,0.642,0.421,0.446,0.432
260,2,0,11.3,0.7,0.6,0.67,0.425,0.409,0.391,0.401,0.402,0.395,0.595,0.596,0.635,0.608,0.497,0.507,0.51,0.55,0.499,0.51,0.495,0.668,0.678,0.651,0.657,0.469,0.454,0.446
261,3,0,11.7,0.0,0.59,0.4,0.466,0.492,0.485,0.485,0.462,0.469,0.729,0.734,0.717,0.725,0.618,0.594,0.588,0.602,0.609,0.579,0.626,0.79,0.782,0.824,0.759,0.523,0.593,0.553
262,4,0,9.2,1.1,0.24,0.73,0.453,0.448,0.495,0.443,0.417,0.45,0.666,0.68,0.655,0.68,0.569,0.54,0.541,0.572,0.547,0.561,0.588,0.746,0.724,0.722,0.707,0.527,0.508,0.484
263,5,0,11.0,0.1,0.08,0.49,0.29,0.29,0.289,0.303,0.308,0.305,0.424,0.372,0.46,0.424,0.35,0.336,0.343,0.35,0.377,0.351,0.346,0.459,0.476,0.449,0.482,0.343,0.291,0.334
264,6,1,13.4,1.7,0.26,0.78,0.383,0.409,0.436,0.396,0.389,0.418,0.583,0.601,0.636,0.633,0.526,0.536,0.489,0.493,0.489,0.502,0.527,0.696,0.658,0.658,0.676,0.476,0.463,0.448
265,7,1,13.0,2.1,0.69,0.75,0.41,0.458,0.453,0.419,0.438,0.397,0.669,0.618,0.616,0.633,0.494,0.535,0.557,0.556,0.558,0.565,0.568,0.681,0.698,0.712,0.691,0.487,0.499,0.47
266,1,0,9.8,0.8,0.66,0.73,0.429,0.449,0.427,0.478,0.456,0.429,0.663,0.668,0.657,0.669,0.558,0.536,0.551,0.534,0.55,0.556,0.548,0.713,0.741,0.732,0.697,0.514,0.491,0.527
267,2,0,9.2,0.3,0.56,0.69,0.346,0.348,0.386,0.353,0.375,0.31,0.52,0.503,0.505,0.52,0.424,0.421,0.428,0.428,0.434,0.448,0.467,0.551,0.587,0.561,0.579,0.414,0.388,0.402
268,3,0,8.6,0.1,0.66,0.75,0.45,0.471,0.454,0.454,0.46,0.419,0.685,0.65,0.719,0.688,0.563,0.544,0.523,0.559,0.555,0.55,0.578,0.721,0.752,0.704,0.716,0.524,0.469,0.476
269,4,0,10.4,1.3,0.19,0.63,0.243,0.253,0.262,0.217,0.244,0.254,0.33,0.346,0.394,0.324,0.301,0.306,0.291,0.289,0.307,0.285,0.295,0.358,0.433,0.383,0.425,0.293,0.283,0.293
270,5,0,9.1,0.4,0.33,0.7,0.45,0.45,0.481,0.415,0.422,0.497,0.672,0.633,0.664,0.646,0.542,0.533,0.539,0.592,0.53,0.581,0.543,0.709,0.693,0.701,0.716,0.482,0.51,0.483
271,6,1,7.8,0.2,0.1,0.75,0.279,0.311,0.305,0.304,0.314,0.316,0.418,0.42,0.428,0.391,0.354,0.319,0.375,0.351,0.359,0.342,0.354,0.48,0.413,0.47,0.435,0.317,0.321,0.357
272,7,1,6.0,0.9,0.65,0.6,0.375,0.359,0.318,0.318,0.318,0.347,0.495,0.527,0.531,0.468,0.415,0.392,0.423,0.405,0.406,0.43,0.453,0.517,0.529,0.562,0.549,0.371,0.353,0.428
273,1,0,6.5,1.2,0.4,0.73,0.519,0.436,0.423,0.464,0.475,0.478,0.676,0.686,0.699,0.722,0.601,0.59,0.582,0.576,0.579,0.578,0.6,0.729,0.752,0.774,0.713,0.476,0.507,0.526
274,2,0,10.0,0.2,0.74,0.62,0.366,0.289,0.334,0.347,0.342,0.334,0.544,0.497,0.485,0.513,0.397,0.433,0.394,0.383,0.41,0.43,0.404,0.541,0.543,0.529,0.546,0.378,0.32,0.361
275,3,0,10.7,1.3,0.19,0.73,0.356,0.351,0.357,0.358,0.299,0.325,0.51,0.512,0.489,0.49,0.421,0.417,0.421,0.416,0.4,0.392,0.454,0.546,0.547,0.575,0.554,0.367,0.388,0.395
276,4,0,9.5,0.3,0.5,0.62,0.469,0.459,0.455,0.48,0.498,0.501,0.711,0.685,0.713,0.706,0.603,0.618,0.571,0.609,0.599,0.607,0.641,0.761,0.782,0.736,0.794,0.557,0.514,0.543
277,5,0,8.0,0.1,0.65,0.73,0.442,0.454,0.455,0.417,0.452,0.447,0.627,0.637,0.683,0.654,0.563,0.538,0.549,0.567,0.588,0.521,0.578,0.696,0.668,0.716,0.741,0.478,0.502,0.485
278,6,1,8.7,0.9,0.65,0.65,0.329,0.342,0.359,0.342,0.367,0.334,0.512,0.475,0.525,0.547,0.419,0.436,0.411,0.426,0.395,0.418,0.411,0.553,0.586,0.532,0.544,0.365,0.363,0.382
279,7,1,10.2,2.3,0.46,0.63,0.277,0.266,0.284,0.305,0.278,0.261,0.416,0.439,0.419,0.445,0.346,0.385,0.349,0.372,0.329,0.342,0.344,0.427,0.46,0.475,0.474,0.354,0.357,0.345
280,1,0,4.9,0.5,0.53,0.77,0.344,0.319,0.358,0.374,0.397,0.359,0.554,0.567,0.528,0.566,0.417,0.474,0.448,0.419,0.451,0.45,0.466,0.583,0.599,0.604,0.584,0.41,0.415,0.411
281,2,0,11.9,2.1,0.33,0.71,0.325,0.288,0.305,0.332,0.354,0.331,0.478,0.493,0.477,0.506,0.46,0.404,0.4,0.404,0.407,0.424,0.396,0.537,0.543,0.535,0.531,0.384,0.339,0.346
282,3,0,10.0,3.6,0.3,1.0,0.399,0.407,0.412,0.41,0.412,0.415,0.62,0.647,0.626,0.602,0.512,0.538,0.51,0.481,0.519,0.484,0.538,0.653,0.66,0.652,0.66,0.477,0.484,0.455
283,4,0,9.9,0.1,0.53,0.68,0.297,0.333,0.331,0.32,0.342,0.333,0.471,0.494,0.444,0.459,0.347,0.347,0.404,0.386,0.374,0.395,0.403,0.53,0.482,0.5,0.515,0.35,0.345,0.351
284,5,0,6.8,3.8,0.49,0.82,0.393,0.41,0.423,0.393,0.387,0.416,0.646,0.604,0.63,0.606,0.5,0.524,0.523,0.49,0.505,0.486,0.54,0.658,0.695,0.703,0.678,0.472,0.436,0.481
285,6,1,11.9,0.3,0.23,0.74,0.355,0.376,0.359,0.336,0.362,0.383,0.546,0.573,0.567,0.569,0.473,0.502,0.481,0.443,0.434,0.487,0.491,0.619,0.624,0.607,0.58,0.427,0.388,0.442
286,7,1,7.9,1.6,0.58,0.82,0.41,0.395,0.38,0.424,0.401,0.382,0.56,0.587,0.588,0.613,0.491,0.493,0.493,0.503,0.514,0.505,0.466,0.67,0.649,0.632,0.638,0.454,0.454,0.457
287,1,0,7.5,0.2,0.62,0.56,0.329,0.337,0.313,0.317,0.299,0.323,0.481,0.483,0.487,0.46,0.382,0.387,0.401,0.391,0.401,0.405,0.406,0.525,0.544,0.505,0.52,0.35,0.335,0.367
288,2,0,6.4,0.2,0.43,0.67,0.438,0.416,0.394,0.437,0.418,0.438,0.636,0.597,0.6,0.632,0.495,0.535,0.507,0.521,0.514,0.505,0.515,0.672,0.669,0.661,0.657,0.483,0.48,0.482
289,3,0,5.1,1.7,0.54,0.57,0.359,0.306,0.388,0.352,0.327,0.326,0.488,0.549,0.494,0.516,0.42,0.407,0.423,0.424,0.463,0.427,0.439,0.554,0.562,0.524,0.582,0.388,0.423,0.377
290,4,0,9.1,0.3,0.24,0.77,0.239,0.251,0.259,0.234,0.257,0.245,0.394,0.374,0.381,0.357,0.289,0.309,0.312,0.3,0.292,0.277,0.34,0.373,0.408,0.391,0.408,0.29,0.27,0.268
291,5,0,7.3,0.5,0.49,0.74,0.264,0.282,0.271,0.248,0.28,0.217,0.365,0.392,0.412,0.4,0.344,0.317,0.343,0.363,0.306,0.335,0.332,0.471,0.421,0.47,0.43,0.318,0.334,0.298
292,6,1,8.4,0.0,0.25,0.86,0.387,0.352,0.346,0.376,0.411,0.376,0.56,0.561,0.569,0.574,0.478,0.465,0.469,0.478,0.468,0.496,0.481,0.616,0.627,0.578,0.611,0.404,0.438,0.416
293,7,1,7.3,1.3,0.4,0.65,0.453,0.439,0.432,0.469,0.456,0.456,0.715,0.7,0.68,0.676,0.57,0.583,0.555,0.556,0.572,0.569,0.607,0.746,0.717,0.712,0.771,0.518,0.511,0.488
294,1,0,5.9,1.9,0.12,0.55,0.271,0.255,0.276,0.243,0.264,0.256,0.369,0.415,0.392,0.414,0.314,0.356,0.322,0.346,0.34,0.357,0.314,0.431,0.423,0.431,0.414,0.318,0.284,0.291
295,2,0,8.8,0.1,0.68,0.48,0.339,0.373,0.333,0.324,0.357,0.388,0.499,0.57,0.551,0.541,0.457,0.455,0.43,0.459,0.43,0.429,0.452,0.612,0.561,0.588,0.59,0.426,0.394,0.419
296,3,0,4.5,0.5,0.41,0.77,0.463,0.425,0.424,0.436,0.394,0.43,0.64,0.636,0.643,0.683,0.529,0.558,0.545,0.544,0.553,0.549,0.521,0.684,0.713,0.719,0.723,0.492,0.479,0.471
297,4,0,3.6,1.5,0.8,0.65,0.375,0.331,0.375,0.397,0.326,0.366,0.576,0.56,0.546,0.576,0.413,0.462,0.472,0.451,0.493,0.472,0.474,0.607,0.61,0.596,0.619,0.446,0.424,0.441
298,5,0,2.3,0.6,0.54,0.67,0.46,0.44,0.487,0.476,0.458,0.487,0.683,0.744,0.671,0.719,0.589,0.586,0.559,0.576,0.574,0.586,0.564,0.757,0.719,0.745,0.749,0.513,0.544,0.538
299,6,1,10.1,2.3,0.78,0.65,0.433,0.441,0.391,0.416,0.431,0.421,0.642,0.63,0.623,0.639,0.549,0.54,0.541,0.555,0.553,0.532,0.529,0.69,0.703,0.691,0.683,0.488,0.472,0.484
300,7,1,3.9,0.7,0.45,0.85,0.389,0.392,0.417,0.365,0.404,0.364,0.59,0.601,0.636,0.615,0.49,0.467,0.49,0.508,0.472,0.491,0.532,0.627,0.642,0.642,0.659,0.448,0.438,0.427
301,1,0,4.1,0.9,0.32,0.75,0.483,0.488,0.505,0.544,0.497,0.484,0.691,0.732,0.741,0.713,0.595,0.595,0.591,0.602,0.541,0.593,0.602,0.755,0.767,0.769,0.794,0.56,0.557,0.545
302,2,0,2.9,0.0,0.36,0.63,0.301,0.304,0.314,0.304,0.332,0.34,0.458,0.479,0.451,0.457,0.414,0.372,0.385,0.389,0.376,0.348,0.394,0.519,0.493,0.481,0.484,0.343,0.383,0.31
303,3,0,3.6,1.3,0.23,0.71,0.338,0.356,0.363,0.356,0.333,0.312,0.525,0.533,0.552,0.512,0.412,0.411,0.437,0.432,0.411,0.439,0.404,0.565,0.535,0.584,0.616,0.403,0.409,0.374
304,4,0,1.6,0.4,0.17,0.82,0.47,0.442,0.417,0.458,0.447,0.451,0.642,0.72,0.645,0.683,0.59,0.579,0.572,0.583,0.568,0.531,0.553,0.76,0.688,0.761,0.74,0.5,0.531,0.509
305,5,0,1.7,0.5,0.9,0.71,0.322,0.296,0.297,0.32,0.298,0.298,0.456,0.441,0.5,0.447,0.38,0.389,0.359,0.374,0.389,0.345,0.352,0.521,0.485,0.453,0.471,0.329,0.353,0.322
306,6,1,6.0,1.4,0.4,0.78,0.431,0.426,0.426,0.425,0.475,0.464,0.64,0.666,0.665,0.663,0.529,0.556,0.551,0.546,0.546,0.512,0.558,0.704,0.742,0.715,0.669,0.504,0.471,0.494
307,7,1,3.6,1.2,0.45,0.62,0.264,0.233,0.267,0.25,0.216,0.282,0.421,0.363,0.358,0.374,0.354,0.297,0.305,0.334,0.284,0.327,0.3,0.401,0.384,0.414,0.394,0.263,0.274,0.264
308,1,0,2.4,0.1,0.43,0.49,0.432,0.413,0.45,0.429,0.487,0.487,0.678,0.673,0.718,0.696,0.568,0.594,0.651,0.534,0.594,0.586,0.555,0.753,0.724,0.719,0.756,0.545,0.53,0.498
309,2,0,8.8,0.6,0.46,0.68,0.342,0.344,0.327,0.327,0.299,0.319,0.474,0.485,0.498,0.502,0.456,0.408,0.36,0.38,0.387,0.399,0.378,0.509,0.522,0.504,0.522,0.36,0.329,0.364
310,3,0,3.6,0.6,0.59,0.79,0.431,0.408,0.416,0.461,0.42,0.418,0.621,0.625,0.657,0.642,0.498,0.512,0.479,0.516,0.466,0.478,0.506,0.643,0.669,0.704,0.704,0.458,0.481,0.452
311,4,0,3.1,0.7,0.45,0.78,0.464,0.441,0.447,0.465,0.451,0.451,0.671,0.679,0.684,0.668,0.61,0.547,0.566,0.549,0.563,0.585,0.595,0.769,0.729,0.752,0.73,0.527,0.473,0.494
312,5,0,3.6,2.7,0.68,0.56,0.376,0.34,0.325,0.384,0.352,0.384,0.517,0.538,0.529,0.557,0.467,0.448,0.489,0.444,0.485,0.445,0.44,0.584,0.574,0.592,0.595,0.402,0.419,0.45
313,6,1,6.9,2.1,0.75,0.72,0.283,0.289,0.271,0.27,0.261,0.289,0.422,0.405,0.426,0.425,0.317,0.334,0.336,0.33,0.321,0.334,0.332,0.437,0.427,0.428,0.442,0.247,0.321,0.275
314,7,1,2.9,0.3,0.52,0.67,0.411,0.413,0.423,0.442,0.454,0.436,0.636,0.625,0.678,0.602,0.549,0.507,0.543,0.541,0.54,0.489,0.531,0.674,0.689,0.697,0.701,0.462,0.468,0.518
315,1,0,4.6,0.2,0.15,0.45,0.453,0.416,0.436,0.488,0.471,0.465,0.701,0.716,0.676,0.7,0.579,0.581,0.568,0.592,0.587,0.572,0.607,0.735,0.742,0.786,0.754,0.538,0.536,0.534
316,2,0,5.2,0.1,0.38,0.61,0.398,0.384,0.38,0.377,0.387,0.396,0.546,0.593,0.601,0.556,0.481,0.469,0.504,0.487,0.467,0.45,0.464,0.626,0.608,0.597,0.625,0.459,0.432,0.428
317,3,0,3.0,0.3,0.35,0.62,0.287,0.315,0.295,0.293,0.298,0.262,0.439,0.464,0.44,0.426,0.332,0.39,0.4,0.338,0.359,0.331,0.341,0.488,0.442,0.504,0.477,0.337,0.327,0.317
318,4,0,1.6,0.9,0.11,0.69,0.381,0.431,0.366,0.425,0.386,0.425,0.606,0.629,0.591,0.588,0.52,0.522,0.499,0.485,0.462,0.498,0.484,0.61,0.658,0.63,0.618,0.406,0.466,0.457
319,5,0,4.5,1.9,0.84,0.65,0.412,0.424,0.415,0.411,0.395,0.416,0.618,0.609,0.625,0.627,0.531,0.505,0.537,0.549,0.522,0.518,0.524,0.675,0.674,0.686,0.676,0.48,0.483,0.49
320,6,1,5.9,0.0,0.42,0.72,0.418,0.414,0.381,0.426,0.366,0.394,0.582,0.632,0.619,0.598,0.49,0.507,0.512,0.489,0.533,0.48,0.48,0.665,0.665,0.659,0.67,0.473,0.436,0.466
321,7,1,4.8,0.0,0.45,0.64,0.436,0.407,0.43,0.406,0.447,0.436,0.619,0.587,0.612,0.592,0.495,0.517,0.495,0.503,0.522,0.522,0.482,0.628,0.632,0.654,0.674,0.463,0.436,0.47
322,1,0,7.8,0.2,0.62,0.82,0.196,0.261,0.239,0.244,0.192,0.259,0.399,0.371,0.367,0.38,0.331,0.306,0.301,0.314,0.353,0.274,0.293,0.345,0.353,0.364,0.381,0.292,0.23,0.263
323,2,0,3.8,0.1,0.6,0.66,0.455,0.43,0.458,0.468,0.424,0.431,0.686,0.672,0.657,0.659,0.528,0.529,0.533,0.566,0.569,0.557,0.612,0.694,0.744,0.728,0.707,0.504,0.523,0.526
324,3,0,3.1,0.5,0.74,0.55,0.305,0.317,0.312,0.334,0.335,0.349,0.474,0.5,0.48,0.498,0.423,0.388,0.404,0.397,0.367,0.407,0.417,0.566,0.523,0.529,0.501,0.32,0.371,0.384
325,4,0,5.6,1.2,0.32,0.66,0.334,0.296,0.279,0.353,0.331,0.288,0.478,0.456,0.448,0.464,0.424,0.376,0.395,0.367,0.422,0.4,0.397,0.484,0.518,0.507,0.484,0.313,0.33,0.324
326,5,0,0.1,0.9,0.31,0.7,0.328,0.325,0.299,0.319,0.334,0.331,0.479,0.499,0.483,0.457,0.423,0.39,0.407,0.375,0.377,0.391,0.421,0.52,0.5,0.516,0.535,0.373,0.364,0.41
327,6,1,0.0,0.2,0.67,0.81,0.361,0.322,0.377,0.356,0.375,0.392,0.581,0.557,0.585,0.546,0.471,0.478,0.472,0.47,0.511,0.469,0.481,0.603,0.589,0.593,0.622,0.402,0.425,0.475
328,7,1,4.1,0.3,0.58,0.71,0.354,0.323,0.303,0.302,0.286,0.32,0.434,0.448,0.477,0.489,0.383,0.388,0.377,0.419,0.401,0.344,0.395,0.47,0.479,0.492,0.496,0.346,0.343,0.346
329,1,0,1.8,0.1,0.7,0.48,0.335,0.281,0.346,0.276,0.316,0.309,0.446,0.457,0.423,0.467,0.344,0.352,0.382,0.371,0.367,0.396,0.363,0.484,0.502,0.53,0.49,0.344,0.332,0.358
330,2,0,0.6,1.3,0.97,0.74,0.309,0.257,0.312,0.353,0.289,0.303,0.502,0.459,0.469,0.448,0.386,0.375,0.369,0.375,0.369,0.368,0.365,0.489,0.469,0.542,0.473,0.383,0.343,0.374
331,3,0,-1.7,0.6,0.44,0.56,0.305,0.301,0.278,0.29,0.318,0.31,0.479,0.481,0.488,0.465,0.41,0.402,0.39,0.377,0.394,0.41,0.375,0.504,0.514,0.538,0.543,0.329,0.356,0.363
332,4,0,0.0,1.3,0.37,0.65,0.452,0.437,0.453,0.481,0.431,0.45,0.673,0.713,0.713,0.666,0.575,0.55,0.584,0.589,0.615,0.558,0.608,0.716,0.799,0.805,0.758,0.496,0.508,0.601
333,5,0,0.7,1.0,0.69,0.63,0.352,0.328,0.383,0.314,0.364,0.369,0.535,0.536,0.545,0.535,0.432,0.479,0.456,0.437,0.492,0.42,0.446,0.621,0.579,0.61,0.56,0.378,0.381,0.387
334,6,1,2.9,0.6,0.51,0.74,0.432,0.459,0.418,0.431,0.403,0.393,0.617,0.648,0.608,0.62,0.549,0.51,0.545,0.524,0.5,0.521,0.512,0.673,0.697,0.673,0.695,0.506,0.468,0.502
335,7,1,-0.6,0.8,0.48,0.77,0.351,0.396,0.374,0.383,0.356,0.377,0.559,0.554,0.542,0.565,0.451,0.467,0.514,0.462,0.464,0.458,0.464,0.62,0.576,0.592,0.609,0.445,0.42,0.434
336,1,0,1.0,1.7,0.53,0.49,0.315,0.298,0.322,0.313,0.325,0.33,0.484,0.466,0.466,0.459,0.4,0.393,0.396,0.38,0.39,0.397,0.379,0.513,0.535,0.504,0.503,0.356,0.342,0.362
337,2,0,-1.0,0.3,0.65,0.55,0.314,0.251,0.333,0.286,0.327,0.288,0.475,0.484,0.46,0.438,0.416,0.366,0.379,0.371,0.368,0.415,0.386,0.489,0.449,0.497,0.494,0.336,0.365,0.355
338,3,0,0.1,0.9,0.38,0.7,0.343,0.337,0.262,0.314,0.322,0.316,0.475,0.469,0.474,0.44,0.395,0.381,0.377,0.405,0.374,0.403,0.392,0.498,0.494,0.517,0.503,0.358,0.349,0.358
339,4,0,2.7,0.3,0.73,0.66,0.29,0.278,0.316,0.269,0.335,0.289,0.437,0.442,0.455,0.421,0.366,0.344,0.345,0.367,0.343,0.359,0.366,0.471,0.475,0.468,0.479,0.34,0.337,0.346
340,5,0,-0.2,0.6,0.19,0.83,0.46,0.427,0.457,0.432,0.389,0.455,0.671,0.645,0.675,0.628,0.547,0.584,0.521,0.543,0.586,0.49,0.546,0.708,0.717,0.715,0.704,0.495,0.54,0.472
341,6,1,1.2,0.4,0.15,0.68,0.405,0.403,0.39,0.401,0.424,0.392,0.601,0.604,0.619,0.579,0.5,0.49,0.459,0.529,0.491,0.493,0.486,0.651,0.643,0.661,0.619,0.456,0.423,0.446
342,7,1,1.2,0.1,0.36,0.78,0.306,0.28,0.332,0.27,0.3,0.277,0.499,0.505,0.456,0.448,0.374,0.414,0.366,0.409,0.366,0.392,0.391,0.505,0.517,0.499,0.496,0.363,0.359,0.335
343,1,0,2.7,0.0,0.53,0.76,0.397,0.415,0.386,0.433,0.42,0.419,0.629,0.592,0.636,0.658,0.49,0.522,0.519,0.49,0.517,0.539,0.531,0.689,0.636,0.668,0.657,0.444,0.465,0.442
344,2,0,0.6,0.4,0.36,0.73,0.331,0.381,0.35,0.338,0.368,0.353,0.518,0.523,0.532,0.545,0.45,0.443,0.45,0.426,0.469,0.437,0.396,0.582,0.608,0.596,0.537,0.374,0.389,0.406
345,3,0,4.2,1.5,0.67,0.65,0.368,0.375,0.375,0.372,0.393,0.349,0.581,0.599,0.566,0.594,0.461,0.456,0.467,0.478,0.501,0.453,0.474,0.606,0.632,0.598,0.64,0.418,0.437,0.389
346,4,0,1.3,2.1,0.72,0.58,0.282,0.336,0.301,0.307,0.305,0.298,0.417,0.44,0.456,0.443,0.342,0.377,0.366,0.388,0.346,0.383,0.364,0.446,0.434,0.469,0.499,0.364,0.339,0.351
347,5,0,1.9,0.3,0.52,0.69,0.368,0.4,0.4,0.35,0.39,0.371,0.565,0.59,0.565,0.557,0.506,0.444,0.466,0.452,0.416,0.47,0.502,0.611,0.602,0.581,0.606,0.419,0.429,0.39
348,6,1,-0.9,0.1,0.76,0.7,0.279,0.315,0.305,0.333,0.294,0.332,0.417,0.469,0.461,0.486,0.442,0.395,0.402,0.369,0.354,0.378,0.408,0.523,0.508,0.506,0.547,0.357,0.391,0.36
349,7,1,0.7,0.6,0.2,0.66,0.44,0.421,0.417,0.4,0.374,0.399,0.581,0.583,0.6,0.611,0.488,0.476,0.484,0.496,0.516,0.496,0.523,0.655,0.674,0.674,0.683,0.46,0.445,0.452
350,1,0,-1.1,0.7,0.17,0.73,0.371,0.345,0.371,0.362,0.347,0.356,0.502,0.489,0.524,0.539,0.419,0.443,0.416,0.422,0.421,0.429,0.471,0.561,0.566,0.558,0.588,0.356,0.394,0.383
351,2,0,-1.6,0.6,0.59,0.8,0.453,0.503,0.47,0.462,0.469,0.489,0.723,0.711,0.733,0.707,0.559,0.584,0.61,0.604,0.593,0.57,0.589,0.762,0.751,0.751,0.79,0.551,0.548,0.566
352,3,0,2.6,0.3,0.39,0.61,0.273,0.302,0.272,0.316,0.326,0.279,0.424,0.425,0.434,0.446,0.346,0.352,0.351,0.357,0.379,0.362,0.359,0.445,0.445,0.456,0.48,0.32,0.334,0.339
353,4,0,-0.7,1.0,0.46,0.68,0.373,0.362,0.361,0.358,0.374,0.38,0.588,0.568,0.577,0.561,0.493,0.408,0.479,0.459,0.498,0.441,0.457,0.596,0.609,0.601,0.585,0.423,0.46,0.425
354,5,0,0.4,0.2,0.25,0.77,0.46,0.434,0.428,0.452,0.457,0.444,0.688,0.658,0.65,0.632,0.545,0.554,0.523,0.574,0.571,0.574,0.578,0.721,0.701,0.708,0.701,0.491,0.484,0.524
355,6,1,0.2,0.8,0.17,0.67,0.259,0.239,0.237,0.246,0.234,0.252,0.4,0.368,0.364,0.342,0.291,0.284,0.322,0.318,0.32,0.349,0.301,0.41,0.407,0.411,0.43,0.249,0.264,0.302
356,7,1,2.2,0.8,0.89,0.81,0.371,0.377,0.39,0.415,0.377,0.433,0.628,0.584,0.598,0.597,0.496,0.506,0.493,0.517,0.523,0.481,0.464,0.669,0.669,0.632,0.623,0.454,0.438,0.454
357,1,0,3.2,2.0,0.22,0.69,0.383,0.426,0.438,0.422,0.401,0.418,0.589,0.591,0.609,0.606,0.481,0.508,0.485,0.503,0.548,0.516,0.475,0.648,0.669,0.68,0.672,0.43,0.454,0.48
358,2,0,0.7,0.1,0.46,0.65,0.383,0.375,0.363,0.387,0.414,0.378,0.561,0.569,0.571,0.585,0.495,0.469,0.508,0.482,0.475,0.528,0.496,0.625,0.606,0.631,0.651,0.466,0.448,0.457
359,3,0,-1.0,0.1,0.74,0.78,0.363,0.358,0.338,0.364,0.358,0.348,0.511,0.521,0.528,0.53,0.363,0.426,0.437,0.434,0.41,0.414,0.45,0.554,0.575,0.525,0.552,0.391,0.397,0.364
360,4,0,0.8,0.1,0.61,0.77,0.366,0.398,0.389,0.415,0.42,0.373,0.548,0.567,0.587,0.583,0.467,0.471,0.479,0.486,0.479,0.488,0.477,0.6,0.626,0.596,0.611,0.426,0.436,0.448
361,5,0,-0.6,1.6,0.57,0.61,0.386,0.387,0.375,0.363,0.373,0.431,0.619,0.62,0.629,0.589,0.477,0.484,0.479,0.542,0.496,0.47,0.505,0.646,0.67,0.651,0.653,0.466,0.461,0.455
362,6,1,0.5,0.1,0.94,0.69,0.282,0.328,0.326,0.321,0.307,0.304,0.485,0.523,0.457,0.478,0.405,0.405,0.375,0.384,0.393,0.408,0.437,0.514,0.522,0.519,0.511,0.413,0.36,0.363
363,7,1,-1.1,2.5,0.69,0.59,0.455,0.438,0.411,0.456,0.444,0.456,0.65,0.672,0.688,0.685,0.563,0.504,0.574,0.542,0.553,0.574,0.579,0.726,0.699,0.724,0.734,0.5,0.519,0.49
364,1,0,1.0,3.0,0.47,0.74,0.472,0.467,0.471,0.446,0.473,0.483,0.702,0.687,0.697,0.713,0.568,0.581,0.58,0.563,0.615,0.572,0.579,0.749,0.758,0.801,0.774,0.532,0.532,0.511
365,2,0,1.0,0.1,0.18,0.73,0.436,0.436,0.45,0.442,0.467,0.439,0.669,0.691,0.655,0.687,0.568,0.524,0.532,0.538,0.535,0.57,0.543,0.739,0.726,0.724,0.707,0.505,0.492,0.507
1,3,0,0.7,0.2,0.77,0.57,0.317,0.311,0.316,0.301,0.314,0.273,0.432,0.471,0.437,0.465,0.375,0.342,0.385,0.383,0.395,0.363,0.383,0.516,0.495,0.484,0.517,0.361,0.359,0.353
2,4,0,1.9,0.2,0.82,0.79,0.258,0.29,0.313,0.289,0.284,0.297,0.449,0.43,0.482,0.453,0.389,0.362,0.355,0.35,0.364,0.371,0.35,0.482,0.463,0.47,0.458,0.323,0.32,0.338
3,5,0,0.9,0.9,0.49,0.79,0.475,0.449,0.458,0.502,0.446,0.512,0.728,0.702,0.708,0.691,0.555,0.559,0.589,0.568,0.592,0.582,0.583,0.794,0.775,0.775,0.783,0.537,0.489,0.537
4,6,1,-1.0,1.2,0.82,0.7,0.336,0.373,0.342,0.309,0.347,0.316,0.489,0.464,0.503,0.511,0.422,0.438,0.413,0.439,0.428,0.416,0.413,0.559,0.536,0.527,0.524,0.365,0.399,0.357
5,7,1,1.2,0.2,0.69,0.64,0.311,0.29,0.3,0.332,0.294,0.271,0.468,0.464,0.502,0.47,0.387,0.377,0.39,0.365,0.408,0.381,0.38,0.506,0.523,0.486,0.477,0.36,0.344,0.324
6,1,0,-2.7,0.1,0.71,0.62,0.285,0.342,0.337,0.348,0.336,0.309,0.463,0.503,0.516,0.517,0.388,0.405,0.414,0.425,0.397,0.413,0.405,0.542,0.523,0.505,0.538,0.37,0.393,0.37
7,2,0,0.1,3.0,0.35,0.74,0.362,0.424,0.379,0.355,0.384,0.361,0.561,0.538,0.6,0.551,0.496,0.444,0.494,0.463,0.468,0.465,0.463,0.594,0.625,0.583,0.633,0.385,0.427,0.406
8,3,0,-0.1,1.4,0.45,0.64,0.354,0.361,0.332,0.383,0.356,0.337,0.538,0.562,0.535,0.526,0.463,0.473,0.46,0.483,0.428,0.46,0.465,0.567,0.547,0.591,0.594,0.406,0.425,0.416
9,4,0,-2.2,0.7,0.3,0.68,0.326,0.332,0.34,0.306,0.346,0.278,0.489,0.467,0.483,0.495,0.381,0.375,0.417,0.387,0.399,0.416,0.432,0.559,0.517,0.521,0.519,0.317,0.362,0.39
10,5,0,-2.1,0.1,0.1,0.65,0.32,0.389,0.335,0.37,0.333,0.362,0.495,0.507,0.523,0.486,0.421,0.406,0.419,0.396,0.453,0.394,0.438,0.543,0.561,0.57,0.548,0.383,0.36,0.368
11,6,1,4.6,1.9,0.17,0.67,0.373,0.399,0.407,0.362,0.421,0.418,0.603,0.579,0.567,0.586,0.526,0.506,0.506,0.483,0.509,0.508,0.473,0.631,0.646,0.663,0.591,0.452,0.41,0.457
12,7,1,3.7,0.9,0.83,0.69,0.3,0.315,0.302,0.288,0.276,0.277,0.435,0.477,0.452,0.449,0.368,0.399,0.367,0.379,0.386,0.402,0.381,0.488,0.512,0.526,0.528,0.346,0.393,0.366
13,1,0,-1.8,1.1,0.8,0.62,0.299,0.29,0.269,0.246,0.278,0.249,0.41,0.396,0.404,0.4,0.371,0.351,0.335,0.351,0.342,0.348,0.333,0.415,0.457,0.475,0.45,0.268,0.33,0.316
14,2,0,-3.0,1.3,0.65,0.61,0.295,0.27,0.29,0.305,0.319,0.285,0.453,0.444,0.43,0.434,0.362,0.382,0.36,0.399,0.377,0.328,0.385,0.485,0.479,0.47,0.466,0.377,0.306,0.345
15,3,0,-3.6,0.3,0.4,0.62,0.222,0.225,0.249,0.219,0.236,0.25,0.352,0.382,0.372,0.379,0.302,0.275,0.325,0.293,0.282,0.314,0.33,0.395,0.392,0.404,0.397,0.304,0.233,0.3
16,4,0,1.6,0.5,0.63,0.56,0.288,0.243,0.225,0.209,0.249,0.219,0.374,0.389,0.362,0.375,0.338,0.344,0.314,0.288,0.351,0.338,0.32,0.447,0.407,0.435,0.392,0.281,0.279,0.299
17,5,0,-0.4,1.7,0.24,0.84,0.28,0.29,0.267,0.279,0.264,0.275,0.441,0.409,0.453,0.398,0.342,0.351,0.382,0.391,0.385,0.34,0.338,0.463,0.462,0.439,0.515,0.351,0.323,0.324
18,6,1,-0.3,1.2,0.71,0.72,0.429,0.396,0.371,0.412,0.386,0.402,0.614,0.593,0.579,0.585,0.493,0.491,0.49,0.521,0.493,0.494,0.483,0.602,0.665,0.646,0.623,0.452,0.412,0.428
19,7,1,-1.4,0.4,0.52,0.74,0.368,0.345,0.401,0.368,0.356,0.367,0.556,0.559,0.539,0.575,0.471,0.479,0.471,0.52,0.46,0.468,0.526,0.598,0.612,0.629,0.611,0.406,0.449,0.4
20,1,0,3.7,0.8,0.19,0.8,0.429,0.377,0.396,0.386,0.398,0.378,0.631,0.632,0.595,0.644,0.528,0.469,0.486,0.522,0.515,0.483,0.52,0.676,0.667,0.675,0.62,0.466,0.428,0.468
21,2,0,3.2,1.9,0.77,0.82,0.465,0.486,0.475,0.47,0.473,0.489,0.695,0.719,0.711,0.699,0.586,0.611,0.58,0.582,0.544,0.54,0.581,0.747,0.758,0.779,0.761,0.505,0.482,0.542
22,3,0,2.1,1.7,0.21,0.73,0.444,0.464,0.443,0.464,0.451,0.425,0.674,0.682,0.626,0.639,0.572,0.533,0.529,0.572,0.574,0.529,0.554,0.729,0.722,0.727,0.748,0.513,0.49,0.511
23,4,0,-1.5,1.1,0.12,0.7,0.387,0.373,0.399,0.408,0.367,0.365,0.57,0.588,0.607,0.601,0.527,0.5,0.454,0.47,0.483,0.504,0.46,0.666,0.625,0.647,0.616,0.439,0.464,0.44
24,5,0,-1.2,0.5,0.61,0.64,0.248,0.234,0.269,0.252,0.254,0.25,0.368,0.364,0.402,0.416,0.283,0.3,0.333,0.321,0.293,0.305,0.308,0.44,0.394,0.427,0.41,0.266,0.288,0.285
25,6,1,-1.5,0.1,0.78,0.87,0.438,0.45,0.448,0.464,0.462,0.503,0.689,0.677,0.712,0.724,0.579,0.56,0.608,0.553,0.574,0.583,0.56,0.745,0.749,0.752,0.743,0.513,0.528,0.554
26,7,1,2.0,1.3,0.65,0.55,0.271,0.277,0.263,0.278,0.289,0.304,0.422,0.385,0.444,0.422,0.359,0.343,0.3,0.359,0.335,0.321,0.344,0.465,0.47,0.449,0.469,0.343,0.322,0.277
27,1,0,0.7,0.2,0.64,0.72,0.22,0.247,0.234,0.266,0.236,0.196,0.386,0.395,0.346,0.341,0.29,0.302,0.285,0.325,0.315,0.305,0.32,0.359,0.366,0.395,0.393,0.285,0.277,0.251
28,2,0,-3.2,1.8,0.47,0.79,0.242,0.24,0.255,0.245,0.239,0.24,0.367,0.363,0.373,0.347,0.316,0.302,0.328,0.32,0.311,0.315,0.351,0.393,0.414,0.414,0.433,0.289,0.283,0.28
29,3,0,1.5,0.1,0.57,0.66,0.449,0.48,0.46,0.472,0.459,0.457,0.646,0.639,0.685,0.646,0.551,0.531,0.524,0.533,0.541,0.525,0.561,0.745,0.7,0.712,0.721,0.454,0.51,0.504
30,4,0,0.7,1.1,0.32,0.76,0.272,0.231,0.267,0.247,0.296,0.315,0.412,0.372,0.382,0.397,0.322,0.335,0.331,0.302,0.372,0.342,0.305,0.389,0.359,0.419,0.451,0.339,0.272,0.3
31,5,0,0.3,1.0,0.74,0.77,0.445,0.496,0.485,0.436,0.457,0.477,0.707,0.703,0.679,0.69,0.592,0.578,0.599,0.597,0.562,0.603,0.599,0.743,0.799,0.765,0.721,0.542,0.522,0.531
32,6,1,0.7,0.4,0.45,0.72,0.456,0.48,0.455,0.484,0.452,0.45,0.724,0.695,0.663,0.686,0.534,0.578,0.582,0.566,0.567,0.542,0.593,0.711,0.766,0.735,0.766,0.491,0.504,0.507
33,7,1,0.3,0.5,0.3,0.58,0.44,0.455,0.457,0.468,0.458,0.454,0.656,0.673,0.694,0.652,0.563,0.563,0.539,0.56,0.537,0.573,0.572,0.754,0.718,0.711,0.755,0.529,0.508,0.502
34,1,0,2.1,1.9,0.4,0.63,0.29,0.265,0.22,0.302,0.206,0.265,0.376,0.373,0.383,0.417,0.303,0.325,0.304,0.299,0.343,0.343,0.298,0.375,0.392,0.418,0.421,0.265,0.294,0.268
35,2,0,-0.4,0.8,0.48,0.62,0.286,0.291,0.29,0.299,0.274,0.292,0.436,0.449,0.425,0.427,0.351,0.343,0.337,0.311,0.368,0.315,0.366,0.461,0.431,0.428,0.442,0.288,0.313,0.301
36,3,0,-0.1,1.2,0.18,0.62,0.478,0.454,0.429,0.461,0.416,0.458,0.662,0.695,0.671,0.667,0.546,0.55,0.516,0.554,0.571,0.564,0.525,0.727,0.752,0.709,0.748,0.524,0.498,0.486
37,4,0,2.1,1.2,0.32,0.7,0.416,0.447,0.446,0.409,0.417,0.411,0.625,0.595,0.617,0.648,0.521,0.531,0.528,0.524,0.552,0.527,0.549,0.69,0.706,0.712,0.655,0.495,0.474,0.473
38,5,0,4.4,0.1,0.49,0.58,0.277,0.269,0.259,0.221,0.267,0.26,0.387,0.382,0.418,0.409,0.342,0.329,0.321,0.353,0.395,0.331,0.302,0.447,0.446,0.446,0.42,0.289,0.316,0.342
39,6,1,0.6,0.1,0.6,0.75,0.438,0.47,0.47,0.434,0.464,0.505,0.74,0.708,0.703,0.676,0.621,0.595,0.588,0.575,0.573,0.567,0.607,0.737,0.74,0.754,0.764,0.528,0.519,0.529
40,7,1,2.9,0.4,0.31,0.56,0.279,0.339,0.318,0.289,0.308,0.292,0.471,0.457,0.419,0.446,0.34,0.377,0.369,0.375,0.35,0.364,0.403,0.483,0.507,0.487,0.487,0.319,0.364,0.359
41,1,0,2.0,0.7,0.15,0.59,0.465,0.471,0.496,0.505,0.486,0.468,0.733,0.732,0.696,0.654,0.561,0.566,0.581,0.611,0.608,0.582,0.56,0.762,0.772,0.787,0.764,0.524,0.545,0.518
42,2,0,-0.5,1.1,0.37,0.78,0.342,0.312,0.324,0.353,0.315,0.317,0.515,0.489,0.481,0.502,0.402,0.435,0.43,0.458,0.377,0.417,0.375,0.507,0.522,0.523,0.513,0.371,0.394,0.365
43,3,0,2.7,0.6,0.54,0.68,0.36,0.359,0.32,0.299,0.361,0.331,0.501,0.501,0.477,0.495,0.469,0.409,0.402,0.47,0.423,0.402,0.398,0.535,0.57,0.519,0.53,0.379,0.365,0.373
44,4,0,-1.3,1.2,0.97,0.65,0.256,0.238,0.226,0.32,0.253,0.266,0.428,0.394,0.412,0.386,0.33,0.363,0.37,0.356,0.336,0.338,0.337,0.454,0.439,0.429,0.442,0.309,0.292,0.3
45,5,0,3.2,0.2,0.38,0.72,0.425,0.441,0.394,0.451,0.457,0.429,0.64,0.653,0.648,0.625,0.517,0.59,0.526,0.524,0.556,0.543,0.551,0.688,0.68,0.695,0.714,0.43,0.482,0.469
46,6,1,4.4,2.7,0.33,0.62,0.43,0.443,0.432,0.444,0.421,0.426,0.648,0.653,0.639,0.611,0.529,0.58,0.561,0.554,0.537,0.569,0.543,0.707,0.711,0.726,0.704,0.445,0.486,0.5
47,7,1,5.0,0.4,0.63,0.56,0.236,0.271,0.287,0.286,0.268,0.26,0.389,0.385,0.416,0.444,0.347,0.333,0.353,0.364,0.353,0.341,0.302,0.441,0.445,0.426,0.453,0.305,0.304,0.261
48,1,0,3.2,0.8,0.36,0.68,0.415,0.442,0.405,0.367,0.386,0.403,0.581,0.565,0.554,0.606,0.471,0.487,0.483,0.485,0.489,0.527,0.516,0.619,0.666,0.636,0.638,0.427,0.462,0.467
49,2,0,5.6,1.5,0.43,0.7,0.291,0.306,0.299,0.3,0.255,0.301,0.454,0.399,0.445,0.433,0.363,0.385,0.411,0.387,0.374,0.38,0.381,0.486,0.487,0.478,0.497,0.337,0.307,0.323
50,3,0,2.5,0.0,0.27,0.75,0.434,0.457,0.454,0.449,0.442,0.476,0.658,0.649,0.643,0.675,0.54,0.567,0.587,0.566,0.542,0.539,0.565,0.682,0.741,0.742,0.701,0.51,0.488,0.483
51,4,0,2.6,0.0,0.19,0.73,0.341,0.273,0.309,0.319,0.332,0.351,0.46,0.505,0.486,0.485,0.413,0.411,0.427,0.417,0.411,0.405,0.394,0.587,0.551,0.544,0.52,0.35,0.361,0.348
52,5,0,0.1,0.1,0.13,0.8,0.36,0.327,0.335,0.381,0.363,0.347,0.493,0.502,0.552,0.51,0.452,0.405,0.426,0.448,0.458,0.438,0.443,0.581,0.578,0.554,0.574,0.439,0.431,0.368
53,6,1,2.8,0.1,0.23,0.83,0.327,0.333,0.311,0.319,0.303,0.34,0.477,0.49,0.492,0.491,0.376,0.395,0.396,0.385,0.393,0.407,0.373,0.513,0.559,0.522,0.541,0.355,0.344,0.382
54,7,1,6.4,0.7,0.76,0.6,0.276,0.25,0.269,0.309,0.279,0.24,0.392,0.398,0.389,0.391,0.31,0.287,0.299,0.353,0.321,0.29,0.323,0.401,0.419,0.411,0.402,0.265,0.264,0.31
55,1,0,3.6,0.1,0.62,0.68,0.471,0.471,0.492,0.456,0.435,0.42,0.705,0.677,0.691,0.642,0.56,0.58,0.584,0.559,0.593,0.582,0.594,0.77,0.74,0.748,0.736,0.474,0.487,0.533
56,2,0,6.5,0.5,0.52,0.48,0.356,0.347,0.309,0.365,0.321,0.35,0.467,0.508,0.526,0.503,0.401,0.426,0.4,0.425,0.41,0.405,0.42,0.542,0.508,0.575,0.519,0.38,0.377,0.36
57,3,0,3.9,0.1,0.75,0.79,0.402,0.364,0.398,0.374,0.37,0.411,0.576,0.551,0.574,0.572,0.475,0.453,0.529,0.47,0.512,0.457,0.459,0.615,0.609,0.646,0.615,0.428,0.435,0.439
58,4,0,5.5,2.8,0.33,0.46,0.366,0.409,0.385,0.387,0.328,0.359,0.597,0.565,0.536,0.582,0.497,0.481,0.484,0.491,0.5,0.523,0.483,0.632,0.658,0.603,0.603,0.427,0.45,0.438
59,5,0,7.3,0.6,0.45,0.73,0.413,0.448,0.422,0.459,0.444,0.439,0.668,0.648,0.693,0.657,0.576,0.549,0.556,0.552,0.595,0.544,0.564,0.694,0.71,0.728,0.723,0.513,0.518,0.521
60,6,1,1.4,2.9,0.48,0.73,0.3,0.293,0.298,0.297,0.312,0.266,0.436,0.457,0.433,0.409,0.389,0.364,0.338,0.388,0.38,0.376,0.409,0.469,0.466,0.468,0.477,0.362,0.345,0.349
61,7,1,4.1,0.1,0.25,0.59,0.378,0.332,0.33,0.335,0.376,0.396,0.568,0.604,0.537,0.578,0.461,0.467,0.486,0.483,0.466,0.51,0.478,0.611,0.599,0.613,0.607,0.406,0.389,0.394
62,1,0,5.3,0.5,0.34,0.72,0.288,0.261,0.237,0.247,0.281,0.241,0.377,0.378,0.369,0.392,0.327,0.316,0.333,0.335,0.312,0.375,0.331,0.428,0.388,0.421,0.413,0.295,0.296,0.34
63,2,0,7.0,0.7,0.45,0.64,0.371,0.387,0.373,0.33,0.346,0.33,0.531,0.541,0.533,0.541,0.414,0.429,0.412,0.448,0.467,0.448,0.496,0.564,0.548,0.577,0.604,0.435,0.409,0.407
64,3,0,8.0,0.9,0.85,0.66,0.334,0.323,0.324,0.353,0.317,0.341,0.521,0.504,0.523,0.497,0.411,0.405,0.431,0.472,0.453,0.456,0.398,0.548,0.57,0.583,0.54,0.364,0.369,0.385
65,4,0,8.0,0.2,0.26,0.69,0.436,0.39,0.425,0.387,0.398,0.396,0.57,0.622,0.609,0.594,0.525,0.521,0.558,0.496,0.54,0.53,0.489,0.669,0.673,0.7,0.688,0.475,0.457,0.483
66,5,0,3.6,0.0,0.7,0.67,0.373,0.374,0.38,0.411,0.398,0.396,0.58,0.576,0.604,0.612,0.498,0.479,0.472,0.47,0.484,0.487,0.501,0.621,0.646,0.615,0.645,0.418,0.449,0.447
67,6,1,5.6,0.7,0.37,0.51,0.254,0.278,0.287,0.285,0.278,0.255,0.434,0.406,0.407,0.398,0.347,0.316,0.359,0.381,0.355,0.328,0.347,0.448,0.432,0.458,0.451,0.282,0.304,0.325
68,7,1,9.7,0.4,0.4,0.6,0.394,0.372,0.36,0.342,0.349,0.358,0.556,0.543,0.554,0.516,0.482,0.449,0.476,0.464,0.417,0.441,0.456,0.585,0.574,0.584,0.612,0.415,0.419,0.416
69,1,0,7.7,1.5,0.18,0.7,0.427,0.414,0.408,0.437,0.416,0.435,0.681,0.609,0.632,0.676,0.522,0.545,0.518,0.539,0.561,0.491,0.53,0.71,0.702,0.718,0.686,0.485,0.48,0.491
70,2,0,5.5,0.1,0.29,0.66,0.383,0.373,0.37,0.373,0.37,0.351,0.522,0.524,0.506,0.514,0.448,0.448,0.414,0.448,0.48,0.464,0.443,0.586,0.556,0.559,0.544,0.401,0.404,0.385
71,3,0,8.3,1.0,0.64,0.56,0.405,0.378,0.381,0.401,0.421,0.423,0.575,0.61,0.581,0.587,0.524,0.517,0.47,0.507,0.48,0.476,0.535,0.662,0.63,0.691,0.69,0.474,0.471,0.442
72,4,0,6.1,0.9,0.68,0.54,0.425,0.388,0.417,0.406,0.363,0.364,0.593,0.564,0.564,0.615,0.526,0.48,0.499,0.443,0.509,0.475,0.456,0.606,0.61,0.619,0.625,0.46,0.419,0.43
73,5,0,6.3,0.2,0.66,0.73,0.337,0.355,0.337,0.356,0.359,0.367,0.514,0.504,0.534,0.516,0.427,0.39,0.416,0.441,0.394,0.414,0.458,0.561,0.576,0.583,0.547,0.376,0.398,0.377
74,6,1,6.0,0.2,0.72,0.83,0.454,0.494,0.475,0.46,0.497,0.485,0.7,0.723,0.692,0.727,0.548,0.593,0.607,0.566,0.588,0.574,0.597,0.741,0.764,0.775,0.753,0.546,0.537,0.529
75,7,1,7.1,1.8,0.51,0.68,0.46,0.448,0.434,0.455,0.442,0.459,0.674,0.685,0.669,0.661,0.57,0.575,0.582,0.587,0.574,0.567,0.549,0.758,0.722,0.758,0.725,0.519,0.552,0.497
76,1,0,10.9,0.1,0.51,0.58,0.286,0.265,0.27,0.272,0.268,0.281,0.425,0.431,0.402,0.41,0.338,0.342,0.352,0.361,0.351,0.333,0.348,0.48,0.46,0.473,0.415,0.32,0.31,0.319
77,2,0,7.2,0.1,0.08,0.75,0.493,0.479,0.464,0.497,0.464,0.455,0.71,0.627,0.735,0.728,0.594,0.559,0.563,0.582,0.609,0.564,0.535,0.765,0.759,0.723,0.737,0.53,0.512,0.533
78,3,0,6.8,0.9,0.3,0.74,0.234,0.285,0.293,0.27,0.24,0.306,0.424,0.428,0.416,0.448,0.325,0.323,0.339,0.369,0.35,0.348,0.357,0.411,0.451,0.409,0.49,0.271,0.343,0.345
79,4,0,2.5,1.7,0.68,0.68,0.333,0.346,0.287,0.316,0.348,0.32,0.497,0.541,0.505,0.492,0.41,0.399,0.404,0.392,0.43,0.368,0.387,0.569,0.549,0.542,0.495,0.413,0.364,0.348
80,5,0,4.9,0.1,0.67,0.9,0.297,0.323,0.311,0.294,0.275,0.343,0.437,0.47,0.451,0.467,0.393,0.407,0.384,0.389,0.406,0.418,0.341,0.501,0.489,0.501,0.468,0.364,0.357,0.373
81,6,1,6.5,1.0,0.57,0.78,0.391,0.404,0.443,0.384,0.43,0.393,0.57,0.594,0.576,0.551,0.502,0.533,0.462,0.506,0.492,0.524,0.512,0.656,0.644,0.667,0.602,0.442,0.435,0.441
82,7,1,10.4,0.6,0.5,0.7,0.405,0.414,0.394,0.355,0.37,0.404,0.523,0.568,0.572,0.575,0.472,0.475,0.472,0.422,0.457,0.475,0.479,0.607,0.639,0.633,0.624,0.413,0.424,0.431
83,1,0,9.9,2.4,0.39,0.47,0.278,0.272,0.23,0.264,0.249,0.235,0.4,0.345,0.387,0.375,0.342,0.323,0.336,0.312,0.318,0.308,0.337,0.44,0.438,0.448,0.439,0.294,0.293,0.272
84,2,0,5.7,0.5,0.48,0.55,0.362,0.377,0.385,0.392,0.316,0.369,0.55,0.573,0.55,0.539,0.489,0.451,0.506,0.467,0.481,0.451,0.461,0.594,0.568,0.593,0.602,0.418,0.407,0.403
85,3,0,13.2,0.4,0.51,0.58,0.371,0.377,0.34,0.339,0.326,0.359,0.549,0.506,0.538,0.542,0.44,0.432,0.426,0.455,0.434,0.449,0.448,0.608,0.56,0.511,0.56,0.365,0.388,0.403
86,4,0,9.5,1.9,0.26,0.68,0.475,0.512,0.45,0.482,0.51,0.471,0.699,0.729,0.715,0.719,0.587,0.599,0.562,0.585,0.585,0.637,0.595,0.798,0.779,0.757,0.787,0.503,0.556,0.559
87,5,0,7.2,0.4,0.56,0.8,0.363,0.383,0.398,0.407,0.411,0.41,0.589,0.55,0.592,0.532,0.445,0.502,0.523,0.509,0.536,0.49,0.493,0.657,0.666,0.646,0.654,0.439,0.419,0.423
88,6,1,8.2,1.7,0.34,0.79,0.374,0.358,0.378,0.352,0.381,0.349,0.556,0.536,0.526,0.543,0.427,0.424,0.421,0.46,0.437,0.457,0.45,0.591,0.635,0.6,0.59,0.411,0.401,0.397
89,7,1,13.9,0.5,0.85,0.73,0.265,0.306,0.281,0.331,0.267,0.278,0.418,0.413,0.412,0.458,0.333,0.365,0.425,0.353,0.331,0.387,0.362,0.471,0.504,0.485,0.477,0.321,0.345,0.342
90,1,0,7.3,0.1,0.19,0.66,0.286,0.269,0.27,0.272,0.252,0.256,0.383,0.408,0.364,0.371,0.286,0.302,0.296,0.334,0.281,0.312,0.286,0.366,0.407,0.355,0.436,0.28,0.22,0.276
91,2,0,9.6,0.7,0.54,0.71,0.346,0.343,0.362,0.352,0.382,0.345,0.555,0.513,0.552,0.544,0.472,0.458,0.432,0.425,0.447,0.437,0.456,0.592,0.56,0.562,0.64,0.38,0.438,0.397
92,3,0,8.5,4.4,0.84,0.81,0.279,0.274,0.286,0.258,0.299,0.24,0.374,0.36,0.372,0.399,0.348,0.303,0.327,0.317,0.301,0.293,0.31,0.392,0.425,0.442,0.421,0.335,0.303,0.274
93,4,0,9.3,0.0,0.41,0.6,0.27,0.281,0.3,0.284,0.297,0.283,0.447,0.427,0.43,0.406,0.341,0.335,0.344,0.341,0.363,0.332,0.348,0.449,0.513,0.448,0.455,0.299,0.315,0.327
94,5,0,8.5,0.9,0.55,0.68,0.45,0.455,0.4,0.447,0.463,0.451,0.664,0.687,0.677,0.661,0.566,0.602,0.567,0.567,0.563,0.572,0.587,0.74,0.758,0.729,0.717,0.533,0.46,0.499
95,6,1,12.3,2.1,0.67,0.62,0.394,0.448,0.454,0.43,0.391,0.448,0.616,0.617,0.647,0.64,0.499,0.529,0.549,0.511,0.536,0.528,0.526,0.675,0.713,0.697,0.706,0.5,0.473,0.488
96,7,1,13.7,0.1,0.65,0.57,0.466,0.493,0.479,0.479,0.481,0.438,0.724,0.698,0.746,0.724,0.618,0.582,0.563,0.607,0.59,0.575,0.561,0.807,0.766,0.769,0.746,0.528,0.543,0.537
97,1,0,10.2,0.5,0.57,0.67,0.311,0.317,0.313,0.329,0.325,0.315,0.475,0.486,0.516,0.499,0.427,0.408,0.421,0.376,0.412,0.417,0.404,0.468,0.524,0.516,0.54,0.373,0.374,0.394
98,2,0,10.6,0.4,0.85,0.83,0.279,0.28,0.287,0.283,0.269,0.28,0.369,0.394,0.402,0.442,0.33,0.335,0.349,0.36,0.322,0.35,0.322,0.452,0.444,0.409,0.463,0.331,0.31,0.278
99,3,0,7.9,1.4,0.72,0.73,0.337,0.383,0.371,0.38,0.327,0.321,0.542,0.554,0.59,0.541,0.45,0.433,0.451,0.479,0.481,0.458,0.469,0.646,0.597,0.595,0.595,0.41,0.45,0.404
100,4,0,15.3,3.6,0.52,0.69,0.219,0.276,0.289,0.288,0.274,0.265,0.412,0.409,0.42,0.416,0.349,0.367,0.379,0.352,0.348,0.337,0.358,0.49,0.445,0.455,0.484,0.328,0.316,0.317
101,5,0,11.9,0.4,0.44,0.63,0.412,0.451,0.483,0.436,0.47,0.445,0.703,0.692,0.72,0.644,0.557,0.56,0.533,0.539,0.565,0.588,0.566,0.749,0.702,0.686,0.716,0.488,0.513,0.493
102,6,1,10.1,0.0,0.6,0.76,0.438,0.416,0.425,0.429,0.452,0.45,0.638,0.586,0.652,0.679,0.529,0.546,0.559,0.548,0.505,0.531,0.511,0.674,0.694,0.732,0.679,0.493,0.468,0.469
103,7,1,12.2,0.7,0.55,0.84,0.277,0.281,0.296,0.271,0.27,0.28,0.393,0.401,0.398,0.393,0.333,0.385,0.345,0.335,0.397,0.329,0.333,0.433,0.495,0.398,0.435,0.355,0.281,0.34
104,1,0,12.4,0.0,0.22,0.58,0.376,0.373,0.369,0.379,0.382,0.346,0.514,0.573,0.586,0.556,0.475,0.47,0.462,0.499,0.458,0.439,0.503,0.616,0.572,0.625,0.571,0.401,0.426,0.38
105,2,0,15.5,0.7,0.35,0.73,0.413,0.399,0.432,0.418,0.416,0.402,0.621,0.693,0.629,0.63,0.551,0.49,0.502,0.519,0.559,0.5,0.545,0.652,0.695,0.69,0.656,0.489,0.489,0.518
106,3,0,14.6,3.4,0.08,0.63,0.377,0.386,0.397,0.374,0.387,0.372,0.624,0.545,0.579,0.619,0.509,0.478,0.499,0.527,0.487,0.477,0.498,0.619,0.616,0.618,0.643,0.461,0.452,0.411
107,4,0,14.1,0.3,0.42,0.77,0.406,0.356,0.338,0.329,0.343,0.346,0.525,0.536,0.571,0.564,0.454,0.45,0.423,0.45,0.488,0.459,0.46,0.58,0.599,0.576,0.626,0.367,0.4,0.435
108,5,0,13.7,1.2,0.47,0.69,0.458,0.466,0.495,0.462,0.518,0.467,0.714,0.675,0.725,0.714,0.594,0.578,0.626,0.592,0.566,0.568,0.59,0.757,0.75,0.81,0.755,0.529,0.519,0.557
109,6,1,12.5,0.2,0.03,0.88,0.261,0.258,0.293,0.24,0.249,0.28,0.346,0.373,0.356,0.379,0.367,0.285,0.293,0.335,0.353,0.298,0.314,0.397,0.42,0.385,0.404,0.27,0.255,0.268
110,7,1,8.5,0.3,0.74,0.86,0.271,0.285,0.303,0.294,0.286,0.306,0.454,0.428,0.408,0.429,0.338,0.373,0.373,0.344,0.35,0.342,0.362,0.451,0.473,0.466,0.458,0.367,0.328,0.379
111,1,0,14.5,2.3,0.44,0.65,0.459,0.493,0.486,0.505,0.487,0.481,0.734,0.69,0.7,0.717,0.625,0.595,0.604,0.639,0.564,0.602,0.597,0.791,0.778,0.785,0.764,0.535,0.525,0.568
112,2,0,13.7,2.6,0.6,0.52,0.381,0.369,0.372,0.382,0.368,0.375,0.591,0.539,0.56,0.533,0.456,0.481,0.473,0.459,0.449,0.471,0.461,0.636,0.633,0.614,0.601,0.429,0.45,0.431
113,3,0,14.7,1.8,0.7,0.74,0.443,0.45,0.44,0.431,0.439,0.468,0.652,0.636,0.647,0.656,0.545,0.545,0.533,0.512,0.54,0.56,0.512,0.722,0.67,0.715,0.719,0.496,0.513,0.485
114,4,0,8.9,1.7,0.29,0.81,0.387,0.405,0.396,0.399,0.41,0.391,0.591,0.559,0.582,0.598,0.456,0.51,0.465,0.499,0.47,0.483,0.478,0.638,0.606,0.622,0.614,0.399,0.417,0.479
115,5,0,16.7,1.8,0.75,0.54,0.397,0.437,0.376,0.391,0.405,0.444,0.651,0.645,0.611,0.601,0.493,0.482,0.499,0.512,0.508,0.499,0.537,0.689,0.7,0.646,0.688,0.468,0.491,0.469
116,6,1,12.0,0.6,0.65,0.56,0.278,0.249,0.27,0.242,0.213,0.247,0.354,0.355,0.385,0.364,0.321,0.283,0.323,0.289,0.328,0.313,0.298,0.428,0.397,0.375,0.402,0.246,0.272,0.261
117,7,1,14.4,0.0,0.9,0.92,0.458,0.473,0.46,0.468,0.445,0.471,0.699,0.693,0.678,0.708,0.624,0.51,0.6,0.582,0.6,0.617,0.579,0.77,0.733,0.758,0.765,0.53,0.524,0.543
118,1,0,14.1,0.6,0.66,0.67,0.431,0.387,0.413,0.449,0.453,0.472,0.626,0.601,0.6,0.643,0.491,0.509,0.505,0.494,0.476,0.537,0.514,0.663,0.696,0.641,0.687,0.462,0.455,0.471
119,2,0,16.9,2.6,0.45,0.72,0.368,0.352,0.35,0.341,0.326,0.386,0.527,0.498,0.509,0.508,0.395,0.44,0.424,0.449,0.406,0.444,0.511,0.566,0.559,0.571,0.572,0.394,0.373,0.393
120,3,0,12.9,0.9,0.61,0.75,0.241,0.282,0.279,0.219,0.245,0.264,0.383,0.385,0.372,0.394,0.345,0.327,0.327,0.348,0.343,0.317,0.345,0.419,0.421,0.432,0.366,0.294,0.263,0.293
121,4,0,14.5,0.4,0.18,0.53,0.328,0.278,0.279,0.328,0.306,0.319,0.48,0.428,0.5,0.439,0.421,0.379,0.386,0.353,0.353,0.383,0.383,0.475,0.453,0.49,0.492,0.338,0.33,0.304
122,5,0,14.4,0.4,0.34,0.84,0.462,0.391,0.394,0.389,0.427,0.412,0.623,0.637,0.621,0.623,0.508,0.506,0.537,0.518,0.568,0.513,0.555,0.664,0.695,0.651,0.668,0.434,0.453,0.457
123,6,1,17.3,0.3,0.32,0.75,0.399,0.388,0.412,0.413,0.392,0.37,0.607,0.586,0.576,0.577,0.477,0.48,0.481,0.486,0.456,0.49,0.495,0.681,0.643,0.613,0.599,0.463,0.436,0.437
124,7,1,16.7,0.5,0.27,0.66,0.304,0.291,0.336,0.31,0.335,0.316,0.511,0.513,0.475,0.492,0.411,0.403,0.41,0.443,0.4,0.418,0.421,0.505,0.538,0.504,0.515,0.35,0.341,0.358
125,1,0,17.5,2.0,0.53,0.67,0.344,0.341,0.355,0.367,0.361,0.369,0.522,0.54,0.551,0.538,0.442,0.428,0.445,0.478,0.453,0.46,0.417,0.57,0.555,0.563,0.556,0.398,0.374,0.377
126,2,0,13.3,3.4,0.84,0.68,0.229,0.293,0.258,0.272,0.265,0.283,0.405,0.384,0.405,0.386,0.337,0.335,0.305,0.356,0.349,0.336,0.367,0.451,0.466,0.48,0.469,0.261,0.302,0.3
127,3,0,16.5,2.0,0.36,0.77,0.384,0.359,0.352,0.341,0.376,0.349,0.531,0.54,0.545,0.56,0.444,0.449,0.464,0.458,0.457,0.436,0.446,0.581,0.572,0.572,0.591,0.414,0.41,0.416
128,4,0,14.1,0.7,0.13,0.52,0.267,0.245,0.3,0.248,0.284,0.231,0.406,0.365,0.381,0.361,0.3,0.315,0.316,0.334,0.313,0.312,0.318,0.401,0.426,0.409,0.43,0.285,0.269,0.282
129,5,0,14.1,0.9,0.84,0.93,0.293,0.293,0.288,0.306,0.305,0.317,0.476,0.49,0.491,0.483,0.36,0.365,0.375,0.381,0.398,0.397,0.388,0.528,0.539,0.511,0.491,0.356,0.37,0.366
130,6,1,16.4,0.0,0.27,0.83,0.469,0.472,0.458,0.496,0.476,0.482,0.718,0.711,0.71,0.689,0.539,0.577,0.554,0.56,0.584,0.529,0.59,0.745,0.756,0.753,0.775,0.496,0.546,0.552
131,7,1,17.3,1.1,0.46,0.66,0.261,0.281,0.268,0.259,0.297,0.271,0.431,0.407,0.418,0.418,0.368,0.393,0.352,0.347,0.353,0.324,0.374,0.446,0.438,0.425,0.474,0.33,0.246,0.305
132,1,0,16.9,0.4,0.22,0.51,0.319,0.354,0.337,0.364,0.354,0.381,0.521,0.576,0.518,0.523,0.453,0.433,0.46,0.462,0.446,0.435,0.473,0.572,0.557,0.554,0.561,0.421,0.384,0.392
133,2,0,16.3,0.0,0.73,0.82,0.406,0.411,0.379,0.37,0.37,0.385,0.636,0.573,0.583,0.609,0.503,0.455,0.523,0.501,0.527,0.489,0.483,0.638,0.668,0.645,0.648,0.462,0.42,0.425
134,3,0,20.2,0.1,0.6,0.7,0.36,0.35,0.28,0.329,0.308,0.337,0.545,0.532,0.52,0.515,0.457,0.439,0.405,0.39,0.413,0.449,0.404,0.557,0.532,0.552,0.549,0.381,0.345,0.379
135,4,0,17.3,0.7,0.24,0.69,0.32,0.267,0.256,0.305,0.31,0.265,0.39,0.397,0.383,0.395,0.315,0.323,0.338,0.372,0.336,0.355,0.316,0.412,0.426,0.446,0.437,0.332,0.292,0.318
136,5,0,17.2,0.2,0.55,0.85,0.464,0.444,0.454,0.454,0.438,0.392,0.621,0.729,0.637,0.677,0.528,0.606,0.536,0.552,0.572,0.541,0.526,0.738,0.717,0.735,0.729,0.488,0.513,0.497
137,6,1,16.4,0.6,0.71,0.92,0.21,0.251,0.235,0.231,0.216,0.236,0.375,0.34,0.389,0.4,0.312,0.262,0.309,0.295,0.326,0.276,0.312,0.413,0.402,0.362,0.377,0.276,0.267,0.286
138,7,1,18.6,0.0,0.71,0.66,0.259,0.238,0.275,0.262,0.259,0.273,0.394,0.373,0.425,0.393,0.316,0.315,0.344,0.325,0.382,0.333,0.309,0.431,0.442,0.418,0.402,0.298,0.288,0.31
139,1,0,17.6,0.8,0.1,0.7,0.413,0.381,0.359,0.394,0.373,0.379,0.582,0.57,0.572,0.591,0.493,0.483,0.445,0.486,0.449,0.497,0.481,0.656,0.642,0.596,0.636,0.444,0.44,0.433
140,2,0,22.6,0.9,0.67,0.82,0.316,0.33,0.343,0.325,0.311,0.34,0.52,0.477,0.527,0.526,0.418,0.417,0.443,0.413,0.434,0.415,0.424,0.582,0.59,0.578,0.557,0.379,0.378,0.401
141,3,0,16.2,1.8,0.38,0.66,0.256,0.267,0.302,0.239,0.296,0.281,0.436,0.404,0.426,0.419,0.364,0.374,0.349,0.392,0.349,0.363,0.345,0.45,0.462,0.447,0.461,0.31,0.315,0.3
142,4,0,20.5,0.1,0.61,0.69,0.307,0.275,0.293,0.296,0.287,0.297,0.436,0.464,0.451,0.478,0.378,0.401,0.375,0.374,0.368,0.362,0.353,0.512,0.494,0.469,0.491,0.335,0.355,0.34
143,5,0,18.7,0.4,0.23,0.95,0.415,0.435,0.475,0.446,0.421,0.426,0.611,0.646,0.675,0.656,0.559,0.542,0.517,0.572,0.522,0.573,0.574,0.714,0.736,0.767,0.733,0.481,0.48,0.494
144,6,1,20.7,0.1,0.12,0.6,0.406,0.414,0.412,0.404,0.38,0.413,0.589,0.626,0.613,0.597,0.546,0.521,0.517,0.494,0.537,0.504,0.476,0.653,0.655,0.662,0.682,0.471,0.447,0.445
145,7,1,17.3,0.7,0.3,0.76,0.289,0.232,0.256,0.257,0.295,0.279,0.367,0.365,0.392,0.392,0.323,0.33,0.364,0.365,0.348,0.317,0.316,0.446,0.454,0.416,0.45,0.236,0.307,0.297
146,1,0,19.9,1.5,0.51,0.57,0.471,0.448,0.464,0.471,0.425,0.428,0.682,0.671,0.73,0.644,0.586,0.591,0.529,0.553,0.576,0.56,0.591,0.7,0.735,0.736,0.731,0.475,0.504,0.493
147,2,0,15.9,0.0,0.36,0.59,0.498,0.47,0.454,0.477,0.472,0.459,0.713,0.688,0.668,0.717,0.623,0.584,0.555,0.582,0.601,0.584,0.602,0.754,0.742,0.75,0.776,0.535,0.507,0.53
148,3,0,17.1,0.1,0.31,0.75,0.41,0.416,0.468,0.409,0.454,0.405,0.649,0.667,0.665,0.655,0.541,0.548,0.533,0.565,0.543,0.552,0.549,0.689,0.749,0.694,0.716,0.455,0.48,0.501
149,4,0,18.3,0.2,0.07,0.85,0.243,0.233,0.227,0.253,0.232,0.234,0.38,0.429,0.379,0.371,0.347,0.313,0.275,0.313,0.318,0.308,0.307,0.414,0.389,0.402,0.382,0.258,0.271,0.264
150,5,0,17.3,2.5,0.79,0.78,0.355,0.369,0.397,0.358,0.38,0.41,0.587,0.57,0.55,0.583,0.511,0.469,0.515,0.492,0.491,0.477,0.457,0.629,0.588,0.628,0.635,0.416,0.432,0.434
151,6,1,24.2,0.1,0.83,0.58,0.397,0.375,0.401,0.398,0.396,0.367,0.601,0.588,0.611,0.598,0.545,0.513,0.504,0.489,0.501,0.509,0.535,0.66,0.688,0.667,0.619,0.452,0.408,0.432
152,7,1,17.8,3.0,0.31,0.7,0.387,0.393,0.382,0.392,0.382,0.383,0.566,0.602,0.576,0.585,0.486,0.475,0.52,0.462,0.469,0.526,0.459,0.64,0.66,0.624,0.649,0.451,0.414,0.404
153,1,0,22.4,1.3,0.91,0.78,0.406,0.402,0.399,0.437,0.416,0.415,0.594,0.595,0.626,0.651,0.525,0.507,0.51,0.529,0.523,0.554,0.51,0.667,0.704,0.671,0.652,0.433,0.488,0.448
154,2,0,17.2,0.0,0.71,0.63,0.25,0.287,0.253,0.284,0.267,0.256,0.402,0.406,0.426,0.406,0.345,0.32,0.315,0.333,0.355,0.406,0.313,0.413,0.434,0.422,0.434,0.315,0.29,0.254
155,3,0,16.4,1.2,0.69,0.78,0.495,0.493,0.469,0.457,0.461,0.477,0.704,0.715,0.734,0.73,0.591,0.611,0.581,0.584,0.581,0.591,0.616,0.79,0.771,0.825,0.775,0.52,0.515,0.572
156,4,0,20.0,2.5,0.71,0.66,0.293,0.248,0.295,0.254,0.291,0.25,0.417,0.417,0.43,0.415,0.376,0.363,0.325,0.348,0.318,0.355,0.296,0.463,0.458,0.411,0.462,0.297,0.305,0.281
157,5,0,20.0,1.6,0.6,0.84,0.399,0.392,0.408,0.365,0.387,0.391,0.606,0.608,0.586,0.543,0.542,0.474,0.505,0.463,0.506,0.514,0.512,0.601,0.655,0.65,0.628,0.448,0.441,0.441
158,6,1,23.3,3.1,0.42,0.58,0.308,0.296,0.275,0.282,0.275,0.27,0.39,0.423,0.41,0.407,0.383,0.336,0.341,0.358,0.346,0.323,0.353,0.44,0.451,0.446,0.47,0.308,0.297,0.309
159,7,1,21.7,1.9,0.35,0.76,0.311,0.344,0.34,0.305,0.349,0.322,0.488,0.482,0.498,0.503,0.424,0.406,0.42,0.479,0.424,0.41,0.397,0.505,0.56,0.564,0.539,0.366,0.369,0.365
160,1,0,20.4,4.0,0.46,0.87,0.308,0.314,0.315,0.26,0.314,0.297,0.457,0.485,0.457,0.456,0.377,0.388,0.375,0.34,0.407,0.383,0.406,0.472,0.456,0.486,0.496,0.373,0.353,0.327
161,2,0,21.2,0.4,0.8,0.62,0.42,0.456,0.427,0.446,0.403,0.441,0.673,0.675,0.681,0.687,0.536,0.576,0.53,0.545,0.571,0.569,0.562,0.746,0.691,0.727,0.676,0.492,0.485,0.512
162,3,0,19.7,0.9,0.58,0.7,0.493,0.44,0.455,0.479,0.481,0.479,0.695,0.717,0.705,0.706,0.585,0.592,0.58,0.583,0.598,0.553,0.59,0.747,0.776,0.737,0.769,0.554,0.539,0.555
163,4,0,21.0,0.5,0.6,0.56,0.317,0.263,0.293,0.285,0.293,0.315,0.445,0.4,0.436,0.438,0.367,0.351,0.382,0.354,0.406,0.348,0.371,0.49,0.457,0.513,0.459,0.31,0.327,0.334
164,5,0,17.8,0.7,0.68,0.84,0.367,0.438,0.406,0.42,0.426,0.356,0.639,0.602,0.592,0.638,0.512,0.504,0.479,0.501,0.518,0.486,0.517,0.639,0.64,0.643,0.645,0.462,0.476,0.458
165,6,1,18.1,1.0,0.62,0.64,0.301,0.247,0.271,0.296,0.274,0.302,0.437,0.398,0.43,0.439,0.308,0.361,0.331,0.31,0.337,0.347,0.337,0.477,0.477,0.459,0.44,0.317,0.327,0.304
166,7,1,17.6,0.2,0.92,0.66,0.341,0.341,0.324,0.369,0.332,0.347,0.497,0.529,0.551,0.484,0.43,0.373,0.413,0.389,0.445,0.446,0.399,0.566,0.54,0.529,0.544,0.396,0.396,0.373
167,1,0,17.2,0.2,0.74,0.61,0.284,0.287,0.281,0.282,0.292,0.249,0.474,0.446,0.434,0.422,0.366,0.358,0.347,0.351,0.356,0.359,0.345,0.486,0.453,0.496,0.422,0.312,0.309,0.322
168,2,0,20.2,0.9,0.86,0.73,0.396,0.411,0.428,0.418,0.416,0.425,0.595,0.6,0.57,0.597,0.561,0.514,0.507,0.522,0.502,0.479,0.531,0.653,0.632,0.665,0.685,0.475,0.449,0.479
169,3,0,20.9,1.8,0.44,0.68,0.435,0.417,0.427,0.431,0.387,0.402,0.604,0.635,0.642,0.603,0.503,0.515,0.508,0.545,0.48,0.522,0.546,0.671,0.654,0.653,0.699,0.46,0.448,0.476
170,4,0,21.7,0.1,0.62,0.63,0.238,0.245,0.25,0.282,0.251,0.238,0.376,0.394,0.4,0.382,0.305,0.316,0.302,0.332,0.307,0.296,0.346,0.404,0.404,0.411,0.371,0.277,0.285,0.238
171,5,0,20.9,0.3,0.68,0.69,0.451,0.416,0.426,0.423,0.4,0.458,0.61,0.6,0.61,0.626,0.556,0.574,0.494,0.514,0.529,0.519,0.522,0.707,0.712,0.664,0.686,0.493,0.477,0.483
172,6,1,21.6,0.0,0.43,0.65,0.398,0.374,0.386,0.381,0.386,0.356,0.577,0.552,0.585,0.55,0.475,0.49,0.474,0.495,0.471,0.478,0.473,0.599,0.622,0.614,0.644,0.403,0.417,0.435
173,7,1,19.8,0.4,0.87,0.65,0.28,0.295,0.314,0.348,0.301,0.301,0.494,0.441,0.454,0.445,0.397,0.397,0.343,0.352,0.38,0.373,0.394,0.476,0.48,0.504,0.497,0.329,0.317,0.355
174,1,0,24.8,2.0,0.39,0.76,0.361,0.366,0.358,0.403,0.382,0.397,0.559,0.516,0.541,0.557,0.458,0.49,0.516,0.476,0.454,0.423,0.484,0.63,0.63,0.602,0.65,0.422,0.415,0.454
175,2,0,24.5,0.2,0.46,0.59,0.265,0.28,0.275,0.265,0.262,0.29,0.423,0.413,0.392,0.4,0.31,0.331,0.332,0.341,0.319,0.352,0.322,0.428,0.461,0.425,0.431,0.328,0.314,0.303
176,3,0,20.9,0.4,0.68,0.79,0.347,0.355,0.387,0.323,0.397,0.343,0.56,0.57,0.536,0.556,0.451,0.45,0.414,0.415,0.462,0.477,0.464,0.6,0.597,0.555,0.585,0.4,0.414,0.407
177,4,0,19.8,0.0,0.57,0.73,0.361,0.349,0.361,0.398,0.376,0.371,0.604,0.569,0.558,0.568,0.467,0.5,0.481,0.487,0.48,0.455,0.461,0.634,0.611,0.647,0.615,0.417,0.425,0.452
178,5,0,20.5,1.2,0.78,0.55,0.457,0.431,0.494,0.461,0.468,0.476,0.682,0.718,0.715,0.682,0.592,0.561,0.572,0.59,0.609,0.569,0.591,0.73,0.752,0.728,0.746,0.489,0.522,0.533
179,6,1,19.1,1.3,0.35,0.68,0.23,0.277,0.275,0.269,0.266,0.268,0.388,0.394,0.411,0.385,0.318,0.341,0.349,0.32,0.343,0.361,0.338,0.424,0.4,0.431,0.422,0.297,0.316,0.301
180,7,1,20.8,0.4,0.36,0.73,0.497,0.509,0.492,0.492,0.506,0.482,0.775,0.701,0.717,0.706,0.641,0.611,0.59,0.598,0.577,0.615,0.574,0.789,0.798,0.807,0.763,0.528,0.557,0.54
181,1,0,20.2,2.1,0.33,0.71,0.332,0.365,0.343,0.33,0.314,0.325,0.482,0.503,0.502,0.467,0.396,0.406,0.402,0.418,0.407,0.412,0.436,0.525,0.531,0.544,0.534,0.37,0.349,0.353
182,2,0,23.0,1.3,0.57,0.87,0.47,0.458,0.484,0.48,0.497,0.478,0.719,0.706,0.73,0.742,0.611,0.598,0.617,0.585,0.64,0.592,0.594,0.768,0.775,0.755,0.782,0.533,0.535,0.556
183,3,0,17.1,0.4,0.53,0.84,0.273,0.308,0.287,0.293,0.286,0.284,0.443,0.406,0.407,0.466,0.343,0.378,0.359,0.324,0.378,0.333,0.342,0.457,0.473,0.502,0.49,0.33,0.338,0.323
184,4,0,19.8,0.3,0.45,0.68,0.421,0.434,0.444,0.424,0.411,0.403,0.653,0.629,0.66,0.654,0.543,0.544,0.574,0.558,0.532,0.55,0.542,0.708,0.747,0.71,0.706,0.472,0.47,0.478
185,5,0,20.3,2.6,0.69,0.86,0.313,0.329,0.309,0.352,0.347,0.343,0.49,0.516,0.495,0.505,0.414,0.398,0.39,0.423,0.385,0.393,0.416,0.552,0.544,0.512,0.522,0.398,0.377,0.378
186,6,1,22.0,1.5,0.81,0.78,0.339,0.313,0.29,0.308,0.331,0.316,0.469,0.414,0.488,0.461,0.373,0.396,0.372,0.361,0.375,0.389,0.374,0.48,0.52,0.502,0.466,0.341,0.335,0.32
187,7,1,19.3,2.7,0.23,0.68,0.32,0.341,0.316,0.299,0.329,0.345,0.478,0.502,0.496,0.476,0.367,0.413,0.421,0.451,0.429,0.4,0.395,0.514,0.528,0.525,0.518,0.356,0.365,0.375
188,1,0,15.6,0.8,0.59,0.76,0.251,0.258,0.274,0.295,0.297,0.25,0.397,0.372,0.416,0.388,0.339,0.328,0.364,0.332,0.332,0.303,0.313,0.395,0.403,0.402,0.389,0.303,0.273,0.301
189,2,0,19.9,1.6,0.32,0.68,0.457,0.447,0.479,0.51,0.464,0.462,0.718,0.668,0.703,0.724,0.581,0.577,0.607,0.595,0.579,0.582,0.621,0.754,0.733,0.726,0.746,0.558,0.512,0.55
190,3,0,23.0,0.0,0.74,0.69,0.52,0.443,0.454,0.466,0.505,0.441,0.714,0.721,0.724,0.675,0.582,0.613,0.554,0.587,0.59,0.585,0.578,0.791,0.79,0.812,0.795,0.521,0.549,0.557
191,4,0,20.7,0.2,0.64,0.82,0.471,0.477,0.472,0.467,0.456,0.454,0.708,0.736,0.717,0.702,0.549,0.596,0.58,0.616,0.583,0.592,0.604,0.764,0.753,0.735,0.764,0.551,0.524,0.575
192,5,0,15.7,0.7,0.38,0.7,0.492,0.483,0.473,0.492,0.468,0.468,0.694,0.693,0.749,0.716,0.585,0.628,0.6,0.619,0.592,0.592,0.632,0.752,0.759,0.741,0.782,0.558,0.569,0.508
193,6,1,23.0,0.6,0.54,0.6,0.363,0.34,0.366,0.353,0.375,0.329,0.53,0.558,0.513,0.505,0.466,0.413,0.411,0.437,0.396,0.453,0.449,0.607,0.571,0.601,0.582,0.411,0.425,0.412
194,7,1,19.3,0.1,0.5,0.61,0.466,0.495,0.444,0.461,0.472,0.455,0.676,0.684,0.691,0.702,0.552,0.6,0.614,0.593,0.608,0.55,0.575,0.776,0.771,0.75,0.741,0.523,0.533,0.539
195,1,0,22.0,0.1,0.8,0.68,0.31,0.359,0.316,0.339,0.37,0.353,0.532,0.524,0.553,0.534,0.455,0.452,0.451,0.449,0.459,0.421,0.497,0.544,0.58,0.591,0.6,0.401,0.378,0.371
196,2,0,17.4,0.4,0.27,0.71,0.302,0.292,0.255,0.257,0.269,0.257,0.388,0.433,0.435,0.428,0.357,0.342,0.336,0.355,0.341,0.353,0.339,0.415,0.449,0.431,0.446,0.359,0.277,0.285
197,3,0,21.0,1.6,0.66,0.5,0.401,0.386,0.448,0.417,0.398,0.43,0.599,0.619,0.629,0.657,0.521,0.521,0.488,0.513,0.545,0.517,0.528,0.666,0.661,0.65,0.675,0.465,0.449,0.471
198,4,0,16.9,1.3,0.36,0.71,0.25,0.243,0.233,0.235,0.256,0.267,0.386,0.426,0.339,0.38,0.311,0.323,0.308,0.297,0.287,0.343,0.316,0.448,0.436,0.433,0.442,0.283,0.287,0.26
199,5,0,22.3,1.2,0.21,0.8,0.359,0.341,0.311,0.317,0.334,0.353,0.479,0.524,0.516,0.489,0.412,0.455,0.431,0.418,0.389,0.409,0.425,0.554,0.498,0.531,0.569,0.353,0.368,0.379
200,6,1,20.6,0.2,0.9,0.71,0.404,0.419,0.404,0.419,0.411,0.42,0.575,0.607,0.629,0.612,0.517,0.491,0.5,0.527,0.533,0.489,0.509,0.657,0.685,0.657,0.656,0.461,0.402,0.473
201,7,1,18.9,0.8,0.55,0.89,0.464,0.48,0.454,0.399,0.458,0.443,0.677,0.697,0.645,0.704,0.552,0.57,0.573,0.542,0.557,0.573,0.577,0.755,0.716,0.744,0.747,0.461,0.527,0.518
202,1,0,25.3,0.8,0.14,0.9,0.24,0.267,0.244,0.231,0.242,0.278,0.372,0.381,0.402,0.386,0.32,0.329,0.373,0.357,0.325,0.347,0.295,0.396,0.429,0.433,0.438,0.268,0.276,0.323
203,2,0,20.4,1.8,0.57,0.65,0.4,0.369,0.405,0.396,0.405,0.406,0.594,0.576,0.576,0.608,0.481,0.493,0.483,0.498,0.48,0.508,0.491,0.652,0.641,0.645,0.647,0.445,0.453,0.45
204,3,0,20.8,1.5,0.52,0.74,0.421,0.376,0.403,0.367,0.387,0.394,0.567,0.622,0.605,0.624,0.475,0.501,0.504,0.451,0.497,0.527,0.496,0.66,0.609,0.678,0.641,0.416,0.461,0.462
205,4,0,22.0,0.3,0.3,0.77,0.357,0.36,0.367,0.355,0.337,0.37,0.556,0.541,0.514,0.51,0.446,0.465,0.491,0.466,0.439,0.457,0.444,0.57,0.596,0.589,0.594,0.398,0.43,0.375
206,5,0,18.8,0.0,0.2,0.63,0.257,0.277,0.263,0.275,0.258,0.26,0.418,0.354,0.391,0.41,0.347,0.311,0.326,0.318,0.344,0.334,0.322,0.44,0.438,0.419,0.415,0.293,0.294,0.289
207,6,1,17.4,2.4,0.81,0.62,0.32,0.346,0.364,0.325,0.325,0.347,0.503,0.493,0.486,0.46,0.429,0.413,0.385,0.415,0.407,0.395,0.377,0.514,0.507,0.524,0.565,0.406,0.355,0.421
208,7,1,19.8,0.6,0.32,0.72,0.486,0.442,0.467,0.44,0.481,0.517,0.695,0.675,0.694,0.666,0.568,0.58,0.558,0.567,0.561,0.56,0.577,0.747,0.752,0.777,0.781,0.511,0.539,0.488
209,1,0,18.3,1.4,0.16,0.77,0.397,0.361,0.386,0.393,0.338,0.372,0.557,0.569,0.564,0.558,0.472,0.522,0.449,0.449,0.442,0.475,0.48,0.626,0.619,0.66,0.629,0.42,0.429,0.39
210,2,0,20.9,0.4,0.36,0.7,0.429,0.415,0.403,0.404,0.386,0.397,0.626,0.664,0.614,0.626,0.479,0.521,0.534,0.506,0.536,0.533,0.518,0.66,0.689,0.67,0.674,0.46,0.438,0.459
211,3,0,16.6,1.4,0.62,0.84,0.454,0.457,0.475,0.46,0.493,0.502,0.722,0.722,0.678,0.68,0.613,0.564,0.578,0.602,0.58,0.604,0.622,0.802,0.805,0.791,0.783,0.555,0.496,0.501
212,4,0,18.6,0.1,0.27,0.6,0.276,0.266,0.267,0.254,0.229,0.303,0.429,0.442,0.42,0.41,0.346,0.31,0.336,0.331,0.369,0.357,0.335,0.478,0.464,0.463,0.455,0.301,0.297,0.326
213,5,0,17.0,0.8,0.2,0.67,0.441,0.469,0.473,0.445,0.479,0.455,0.734,0.749,0.693,0.731,0.588,0.598,0.582,0.607,0.613,0.61,0.584,0.769,0.823,0.749,0.768,0.531,0.497,0.516
214,6,1,18.6,0.1,0.37,0.78,0.302,0.278,0.286,0.262,0.274,0.305,0.397,0.429,0.416,0.417,0.354,0.328,0.343,0.316,0.34,0.344,0.337,0.433,0.438,0.45,0.472,0.335,0.283,0.302
215,7,1,20.4,0.0,0.64,0.82,0.216,0.253,0.236,0.232,0.272,0.269,0.358,0.417,0.372,0.349,0.301,0.333,0.313,0.339,0.349,0.314,0.323,0.432,0.394,0.412,0.388,0.257,0.28,0.266
216,1,0,17.6,0.2,0.08,0.77,0.303,0.309,0.266,0.298,0.274,0.29,0.429,0.435,0.452,0.425,0.369,0.363,0.376,0.362,0.359,0.349,0.368,0.474,0.496,0.459,0.469,0.334,0.346,0.327
217,2,0,19.1,1.8,0.68,0.7,0.43,0.45,0.466,0.462,0.471,0.459,0.702,0.685,0.704,0.699,0.601,0.572,0.602,0.587,0.571,0.575,0.567,0.754,0.747,0.708,0.745,0.528,0.528,0.503
218,3,0,18.1,0.2,0.71,0.67,0.368,0.36,0.362,0.373,0.333,0.382,0.556,0.564,0.526,0.529,0.441,0.47,0.45,0.451,0.475,0.489,0.466,0.574,0.615,0.625,0.599,0.411,0.44,0.445
219,4,0,21.7,1.1,0.41,0.67,0.3,0.314,0.25,0.303,0.274,0.323,0.444,0.4,0.428,0.416,0.356,0.334,0.356,0.341,0.36,0.35,0.369,0.482,0.444,0.436,0.457,0.348,0.286,0.328
220,5,0,17.6,2.2,0.54,0.89,0.38,0.34,0.323,0.355,0.327,0.332,0.522,0.544,0.503,0.534,0.452,0.41,0.421,0.457,0.478,0.456,0.424,0.573,0.561,0.572,0.531,0.424,0.398,0.401
221,6,1,20.9,0.7,0.93,0.65,0.337,0.314,0.295,0.341,0.321,0.299,0.461,0.484,0.458,0.473,0.407,0.387,0.376,0.395,0.395,0.392,0.384,0.494,0.513,0.531,0.537,0.347,0.357,0.351
222,7,1,17.0,1.0,0.02,0.8,0.257,0.29,0.287,0.269,0.242,0.281,0.42,0.411,0.365,0.44,0.344,0.363,0.334,0.322,0.337,0.34,0.307,0.49,0.44,0.433,0.459,0.34,0.292,0.285
223,1,0,18.5,0.4,0.75,0.88,0.325,0.3,0.313,0.298,0.318,0.338,0.423,0.419,0.42,0.446,0.365,0.332,0.34,0.369,0.357,0.35,0.387,0.484,0.503,0.49,0.464,0.299,0.34,0.334
224,2,0,17.2,0.1,0.19,0.62,0.394,0.372,0.394,0.384,0.39,0.367,0.553,0.584,0.561,0.554,0.465,0.485,0.454,0.441,0.465,0.486,0.45,0.608,0.619,0.585,0.584,0.41,0.421,0.427
225,3,0,20.1,4.2,0.26,0.5,0.412,0.421,0.383,0.364,0.387,0.442,0.611,0.633,0.598,0.656,0.542,0.479,0.569,0.517,0.502,0.509,0.52,0.658,0.653,0.665,0.685,0.471,0.45,0.439
226,4,0,19.5,2.8,0.22,0.66,0.475,0.458,0.484,0.472,0.453,0.492,0.694,0.709,0.732,0.709,0.591,0.554,0.616,0.606,0.61,0.58,0.587,0.765,0.772,0.756,0.766,0.542,0.545,0.545
227,5,0,18.8,0.0,0.65,0.51,0.446,0.426,0.432,0.413,0.425,0.409,0.62,0.614,0.628,0.634,0.513,0.527,0.531,0.525,0.52,0.529,0.5,0.674,0.696,0.658,0.666,0.452,0.483,0.498
228,6,1,17.3,1.2,0.91,0.82,0.301,0.261,0.332,0.307,0.277,0.274,0.465,0.455,0.465,0.448,0.372,0.381,0.384,0.378,0.362,0.414,0.372,0.494,0.493,0.495,0.478,0.343,0.319,0.322
229,7,1,16.9,2.0,0.72,0.79,0.277,0.235,0.243,0.262,0.247,0.23,0.387,0.375,0.383,0.366,0.29,0.333,0.287,0.3,0.309,0.303,0.308,0.41,0.411,0.414,0.384,0.255,0.273,0.257
230,1,0,17.7,1.2,0.68,0.72,0.257,0.234,0.259,0.271,0.227,0.272,0.427,0.408,0.375,0.364,0.353,0.324,0.312,0.341,0.377,0.345,0.335,0.461,0.452,0.448,0.418,0.315,0.313,0.292
231,2,0,16.4,0.5,0.13,0.77,0.399,0.409,0.39,0.415,0.424,0.398,0.618,0.618,0.603,0.605,0.528,0.533,0.492,0.5,0.534,0.517,0.498,0.663,0.656,0.663,0.677,0.459,0.445,0.493
232,3,0,18.2,1.2,0.4,0.5,0.403,0.39,0.393,0.397,0.422,0.422,0.603,0.619,0.55,0.587,0.476,0.484,0.526,0.526,0.536,0.482,0.472,0.62,0.633,0.641,0.659,0.434,0.435,0.437
233,4,0,15.7,0.7,0.53,0.55,0.342,0.321,0.374,0.316,0.389,0.382,0.54,0.54,0.572,0.559,0.465,0.458,0.455,0.456,0.477,0.469,0.439,0.621,0.568,0.594,0.573,0.417,0.397,0.381
234,5,0,17.8,0.8,0.61,0.68,0.47,0.474,0.471,0.449,0.452,0.476,0.686,0.669,0.677,0.694,0.544,0.556,0.592,0.565,0.56,0.523,0.57,0.76,0.751,0.764,0.755,0.485,0.512,0.519
235,6,1,17.0,0.1,0.76,0.63,0.387,0.382,0.36,0.397,0.351,0.388,0.562,0.584,0.553,0.569,0.457,0.504,0.474,0.46,0.47,0.445,0.493,0.593,0.633,0.627,0.632,0.407,0.429,0.454
236,7,1,17.1,2.4,0.21,0.56,0.447,0.413,0.472,0.471,0.464,0.479,0.695,0.7,0.7,0.678,0.551,0.589,0.6,0.589,0.591,0.578,0.55,0.757,0.78,0.769,0.769,0.532,0.515,0.52
237,1,0,19.7,0.8,0.5,0.74,0.276,0.252,0.263,0.271,0.267,0.248,0.408,0.437,0.375,0.376,0.332,0.326,0.334,0.318,0.298,0.342,0.364,0.435,0.413,0.45,0.415,0.269,0.341,0.305
238,2,0,11.0,3.4,0.13,0.71,0.247,0.266,0.289,0.302,0.288,0.26,0.417,0.382,0.422,0.428,0.321,0.334,0.364,0.342,0.344,0.339,0.334,0.437,0.392,0.428,0.449,0.291,0.304,0.292
239,3,0,18.5,0.1,0.94,0.6,0.454,0.434,0.468,0.481,0.456,0.461,0.691,0.68,0.71,0.67,0.571,0.592,0.581,0.584,0.587,0.57,0.603,0.724,0.744,0.772,0.752,0.502,0.545,0.528
240,4,0,15.3,0.0,0.6,0.72,0.366,0.35,0.372,0.358,0.354,0.355,0.554,0.544,0.514,0.567,0.477,0.446,0.429,0.486,0.454,0.49,0.422,0.573,0.616,0.585,0.644,0.446,0.413,0.447
241,5,0,15.4,0.3,0.54,0.87,0.254,0.25,0.257,0.279,0.245,0.22,0.389,0.384,0.382,0.365,0.344,0.301,0.331,0.356,0.352,0.28,0.306,0.406,0.386,0.394,0.381,0.24,0.299,0.28
242,6,1,15.4,0.5,0.45,0.81,0.399,0.382,0.41,0.379,0.395,0.417,0.56,0.601,0.581,0.573,0.512,0.484,0.462,0.468,0.468,0.467,0.452,0.634,0.586,0.608,0.624,0.412,0.412,0.449
243,7,1,11.3,0.7,0.25,0.69,0.387,0.421,0.374,0.358,0.353,0.396,0.575,0.577,0.578,0.603,0.481,0.522,0.534,0.484,0.504,0.477,0.512,0.647,0.625,0.63,0.629,0.453,0.44,0.442
244,1,0,10.9,2.2,0.73,0.84,0.433,0.389,0.403,0.407,0.41,0.386,0.599,0.61,0.618,0.557,0.463,0.491,0.49,0.479,0.52,0.507,0.479,0.65,0.663,0.61,0.634,0.443,0.45,0.42
245,2,0,13.2,0.4,0.71,0.7,0.435,0.468,0.468,0.475,0.455,0.433,0.663,0.643,0.662,0.686,0.582,0.571,0.549,0.527,0.566,0.552,0.573,0.761,0.722,0.767,0.723,0.502,0.528,0.521
246,3,0,17.5,0.6,0.27,0.78,0.401,0.44,0.394,0.402,0.358,0.355,0.585,0.584,0.592,0.586,0.488,0.511,0.474,0.477,0.513,0.506,0.491,0.638,0.638,0.614,0.638,0.442,0.44,0.446
247,4,0,15.6,0.9,0.29,0.7,0.434,0.426,0.433,0.413,0.461,0.427,0.633,0.683,0.653,0.64,0.513,0.526,0.544,0.538,0.557,0.512,0.5,0.681,0.704,0.688,0.714,0.467,0.501,0.501
248,5,0,15.0,0.0,0.39,0.8,0.265,0.261,0.28,0.259,0.24,0.271,0.38,0.423,0.403,0.382,0.329,0.384,0.321,0.355,0.311,0.325,0.318,0.442,0.432,0.472,0.435,0.323,0.295,0.291
249,6,1,14.1,2.0,0.42,0.99,0.33,0.334,0.316,0.313,0.312,0.305,0.461,0.409,0.475,0.46,0.394,0.395,0.403,0.378,0.397,0.404,0.365,0.522,0.523,0.514,0.509,0.364,0.353,0.351
250,7,1,14.2,0.8,0.27,0.73,0.436,0.486,0.452,0.453,0.467,0.48,0.72,0.689,0.68,0.676,0.59,0.57,0.577,0.567,0.565,0.573,0.645,0.728,0.788,0.776,0.762,0.541,0.505,0.529
251,1,0,14.1,0.7,0.29,0.86,0.249,0.293,0.27,0.31,0.285,0.307,0.434,0.437,0.436,0.435,0.396,0.367,0.318,0.335,0.356,0.38,0.369,0.454,0.464,0.474,0.5,0.302,0.298,0.346
252,2,0,15.3,0.4,0.49,0.73,0.451,0.458,0.455,0.484,0.432,0.464,0.698,0.653,0.703,0.685,0.544,0.6,0.571,0.542,0.61,0.565,0.58,0.755,0.773,0.733,0.721,0.523,0.508,0.506
253,3,0,11.9,0.1,0.46,0.86,0.245,0.21,0.267,0.222,0.263,0.266,0.343,0.373,0.38,0.335,0.317,0.317,0.284,0.298,0.292,0.289,0.258,0.397,0.406,0.366,0.378,0.241,0.294,0.29
254,4,0,16.0,1.3,0.41,0.72,0.473,0.448,0.44,0.473,0.438,0.452,0.67,0.674,0.687,0.642,0.563,0.58,0.601,0.559,0.553,0.556,0.567,0.728,0.74,0.733,0.754,0.507,0.496,0.503
255,5,0,14.9,2.2,0.62,0.74,0.325,0.354,0.361,0.383,0.325,0.325,0.518,0.564,0.536,0.596,0.469,0.431,0.459,0.467,0.437,0.432,0.4,0.569,0.549,0.568,0.564,0.413,0.401,0.384
256,6,1,12.4,0.4,0.9,0.85,0.335,0.343,0.346,0.344,0.329,0.35,0.499,0.503,0.474,0.491,0.429,0.392,0.409,0.415,0.418,0.374,0.434,0.572,0.562,0.551,0.524,0.403,0.356,0.39
257,7,1,8.1,1.8,0.44,0.68,0.373,0.336,0.374,0.324,0.372,0.359,0.528,0.522,0.525,0.502,0.451,0.453,0.421,0.461,0.427,0.419,0.473,0.55,0.57,0.563,0.56,0.361,0.364,0.375
258,1,0,12.7,0.0,0.38,0.76,0.456,0.45,0.441,0.424,0.467,0.458,0.655,0.703,0.67,0.701,0.558,0.585,0.555,0.538,0.569,0.561,0.59,0.714,0.734,0.737,0.739,0.488,0.503,0.494
259,2,0,13.3,0.0,0.54,0.68,0.432,0.453,0.467,0.462,0.466,0.445,0.636,0.659,0.667,0.658,0.566,0.539,0.561,0.566,0.534,0.584,0.533,0.729,0.738,0.714,0.704,0.53,0.49,0.523
260,3,0,10.1,0.2,0.39,0.71,0.329,0.293,0.315,0.289,0.327,0.315,0.505,0.512,0.472,0.474,0.414,0.401,0.388,0.386,0.389,0.378,0.365,0.498,0.532,0.54,0.534,0.378,0.371,0.347
261,4,0,15.2,0.4,0.53,0.67,0.235,0.261,0.287,0.266,0.263,0.279,0.397,0.416,0.425,0.404,0.334,0.358,0.328,0.355,0.331,0.299,0.334,0.41,0.432,0.44,0.446,0.293,0.262,0.31
262,5,0,13.3,5.4,0.3,0.64,0.364,0.363,0.32,0.348,0.343,0.333,0.507,0.512,0.501,0.505,0.421,0.42,0.406,0.412,0.402,0.464,0.376,0.547,0.547,0.535,0.516,0.346,0.384,0.327
263,6,1,12.1,0.9,0.46,0.74,0.438,0.468,0.44,0.429,0.44,0.449,0.678,0.642,0.715,0.688,0.581,0.586,0.542,0.561,0.563,0.552,0.554,0.734,0.736,0.749,0.748,0.538,0.527,0.502
264,7,1,10.3,0.1,0.13,0.84,0.402,0.4,0.389,0.364,0.387,0.4,0.598,0.595,0.625,0.601,0.474,0.482,0.49,0.47,0.495,0.46,0.468,0.66,0.633,0.643,0.66,0.439,0.435,0.451
265,1,0,11.0,1.0,0.04,0.51,0.267,0.269,0.265,0.247,0.279,0.268,0.406,0.371,0.394,0.431,0.338,0.313,0.349,0.328,0.336,0.338,0.29,0.482,0.44,0.435,0.408,0.332,0.291,0.276
266,2,0,13.2,1.4,0.86,0.78,0.416,0.363,0.415,0.436,0.366,0.4,0.621,0.587,0.603,0.588,0.507,0.506,0.511,0.523,0.49,0.455,0.483,0.606,0.634,0.657,0.605,0.45,0.445,0.465
267,3,0,6.8,4.1,0.3,0.73,0.307,0.307,0.335,0.306,0.319,0.339,0.484,0.492,0.494,0.487,0.447,0.418,0.412,0.406,0.425,0.386,0.4,0.52,0.51,0.557,0.522,0.385,0.377,0.344
268,4,0,9.3,2.1,0.56,0.67,0.371,0.318,0.36,0.343,0.313,0.355,0.497,0.51,0.504,0.506,0.438,0.417,0.375,0.426,0.396,0.397,0.427,0.574,0.553,0.57,0.551,0.366,0.381,0.38
269,5,0,10.5,0.4,0.39,0.75,0.466,0.449,0.477,0.477,0.456,0.437,0.645,0.687,0.676,0.646,0.562,0.576,0.573,0.563,0.542,0.57,0.569,0.74,0.727,0.723,0.772,0.515,0.514,0.545
270,6,1,8.4,0.1,0.4,0.81,0.485,0.429,0.425,0.406,0.454,0.436,0.669,0.704,0.628,0.639,0.573,0.555,0.563,0.54,0.602,0.549,0.544,0.756,0.736,0.772,0.706,0.517,0.487,0.531
271,7,1,9.4,0.7,0.19,0.6,0.314,0.301,0.308,0.361,0.284,0.351,0.475,0.5,0.437,0.487,0.405,0.454,0.406,0.394,0.406,0.384,0.363,0.506,0.52,0.509,0.511,0.335,0.406,0.347
272,1,0,9.0,1.2,0.35,0.77,0.373,0.387,0.379,0.376,0.393,0.361,0.589,0.599,0.58,0.586,0.479,0.447,0.481,0.483,0.481,0.468,0.477,0.581,0.583,0.629,0.638,0.458,0.408,0.446
273,2,0,11.7,1.9,0.68,0.68,0.283,0.226,0.259,0.222,0.266,0.235,0.373,0.357,0.367,0.367,0.326,0.338,0.311,0.302,0.308,0.326,0.36,0.458,0.408,0.441,0.414,0.275,0.301,0.314
274,3,0,10.5,0.9,0.13,0.64,0.259,0.27,0.246,0.242,0.259,0.249,0.398,0.383,0.416,0.443,0.343,0.32,0.364,0.384,0.321,0.314,0.29,0.45,0.441,0.436,0.43,0.304,0.286,0.341
275,4,0,6.3,2.8,0.37,0.54,0.453,0.446,0.449,0.439,0.447,0.428,0.664,0.666,0.678,0.659,0.554,0.57,0.551,0.535,0.554,0.567,0.541,0.703,0.734,0.715,0.694,0.508,0.484,0.504
276,5,0,10.1,0.2,0.92,0.67,0.419,0.402,0.418,0.382,0.442,0.417,0.641,0.661,0.623,0.639,0.513,0.513,0.558,0.528,0.516,0.555,0.559,0.691,0.651,0.694,0.678,0.481,0.453,0.484
277,6,1,10.3,0.6,0.45,0.75,0.31,0.306,0.312,0.297,0.318,0.278,0.459,0.448,0.428,0.457,0.392,0.4,0.371,0.388,0.387,0.396,0.356,0.514,0.485,0.502,0.519,0.35,0.377,0.337
278,7,1,12.5,1.2,0.33,0.88,0.448,0.451,0.457,0.461,0.473,0.449,0.684,0.667,0.687,0.703,0.568,0.569,0.596,0.559,0.545,0.606,0.524,0.751,0.792,0.732,0.761,0.519,0.476,0.517
279,1,0,12.1,0.8,0.45,0.72,0.245,0.275,0.26,0.256,0.265,0.242,0.403,0.342,0.349,0.366,0.322,0.356,0.309,0.282,0.373,0.289,0.304,0.368,0.432,0.395,0.423,0.295,0.274,0.301
280,2,0,10.6,0.7,0.71,0.73,0.301,0.335,0.285,0.319,0.324,0.315,0.451,0.461,0.51,0.485,0.385,0.429,0.393,0.399,0.394,0.383,0.381,0.501,0.532,0.495,0.511,0.366,0.317,0.354
281,3,0,7.9,1.1,0.49,0.58,0.353,0.362,0.342,0.343,0.338,0.345,0.521,0.524,0.527,0.526,0.446,0.422,0.409,0.44,0.441,0.395,0.442,0.537,0.538,0.538,0.518,0.364,0.389,0.368
282,4,0,8.5,1.3,0.26,0.73,0.474,0.476,0.452,0.45,0.439,0.476,0.65,0.708,0.67,0.696,0.568,0.57,0.567,0.578,0.566,0.534,0.552,0.751,0.752,0.695,0.72,0.477,0.566,0.449
283,5,0,8.7,0.8,0.59,0.64,0.379,0.388,0.379,0.422,0.355,0.347,0.586,0.59,0.625,0.605,0.468,0.447,0.483,0.494,0.417,0.48,0.48,0.621,0.622,0.604,0.623,0.438,0.435,0.419
284,6,1,11.7,0.2,0.65,0.75,0.473,0.443,0.44,0.41,0.415,0.44,0.634,0.661,0.632,0.642,0.607,0.538,0.529,0.543,0.55,0.558,0.548,0.733,0.704,0.717,0.71,0.5,0.463,0.473
285,7,1,9.1,0.0,0.26,0.76,0.409,0.39,0.421,0.388,0.395,0.375,0.622,0.579,0.592,0.573,0.497,0.518,0.526,0.531,0.514,0.507,0.519,0.701,0.665,0.645,0.633,0.493,0.468,0.433
286,1,0,7.2,0.9,0.35,0.75,0.298,0.289,0.268,0.264,0.317,0.287,0.433,0.445,0.451,0.431,0.376,0.38,0.358,0.342,0.388,0.382,0.374,0.452,0.479,0.476,0.502,0.342,0.329,0.323
287,2,0,9.1,0.0,0.71,0.75,0.34,0.366,0.384,0.353,0.376,0.337,0.543,0.559,0.541,0.537,0.474,0.469,0.48,0.486,0.468,0.442,0.483,0.612,0.558,0.545,0.591,0.404,0.434,0.393
288,3,0,8.8,0.6,0.08,0.6,0.383,0.388,0.451,0.371,0.428,0.42,0.622,0.615,0.607,0.625,0.495,0.534,0.513,0.501,0.532,0.524,0.518,0.677,0.662,0.675,0.698,0.484,0.49,0.422
289,4,0,5.4,0.5,0.81,0.61,0.418,0.393,0.409,0.401,0.394,0.419,0.584,0.633,0.619,0.625,0.522,0.494,0.499,0.571,0.52,0.538,0.516,0.663,0.666,0.663,0.651,0.452,0.421,0.481
290,5,0,8.6,0.1,0.74,0.65,0.295,0.346,0.311,0.278,0.335,0.304,0.459,0.475,0.455,0.485,0.41,0.378,0.428,0.353,0.4,0.369,0.393,0.451,0.517,0.486,0.509,0.376,0.41,0.395
291,6,1,7.0,0.2,0.65,0.7,0.287,0.304,0.337,0.33,0.339,0.329,0.445,0.496,0.49,0.481,0.391,0.402,0.391,0.376,0.398,0.398,0.415,0.505,0.519,0.529,0.513,0.344,0.346,0.363
292,7,1,7.6,0.0,0.27,0.71,0.412,0.469,0.426,0.43,0.459,0.42,0.618,0.628,0.649,0.629,0.508,0.508,0.552,0.536,0.529,0.537,0.584,0.678,0.703,0.722,0.688,0.454,0.488,0.48
293,1,0,8.3,3.1,0.8,0.8,0.409,0.343,0.339,0.362,0.335,0.339,0.567,0.541,0.521,0.567,0.459,0.486,0.467,0.46,0.481,0.444,0.478,0.554,0.593,0.561,0.604,0.438,0.411,0.405
294,2,0,2.4,0.2,0.14,0.87,0.279,0.284,0.281,0.271,0.291,0.231,0.407,0.43,0.41,0.403,0.356,0.368,0.335,0.338,0.322,0.326,0.329,0.406,0.44,0.44,0.441,0.296,0.332,0.285
295,3,0,9.1,0.6,0.42,0.63,0.379,0.381,0.355,0.351,0.392,0.358,0.515,0.516,0.536,0.523,0.462,0.449,0.421,0.439,0.465,0.393,0.424,0.551,0.574,0.572,0.533,0.358,0.381,0.392
296,4,0,7.8,1.3,0.75,0.89,0.374,0.373,0.36,0.328,0.374,0.338,0.533,0.519,0.542,0.537,0.423,0.432,0.486,0.455,0.451,0.448,0.439,0.564,0.604,0.628,0.56,0.415,0.399,0.354
297,5,0,7.1,0.7,0.67,0.74,0.436,0.46,0.503,0.464,0.472,0.478,0.687,0.7,0.719,0.678,0.616,0.624,0.595,0.584,0.576,0.582,0.583,0.793,0.767,0.77,0.8,0.56,0.508,0.535
298,6,1,4.1,0.9,0.15,0.82,0.36,0.398,0.393,0.402,0.403,0.345,0.579,0.606,0.59,0.569,0.505,0.498,0.499,0.465,0.481,0.499,0.473,0.643,0.615,0.632,0.648,0.451,0.439,0.42
299,7,1,8.4,0.2,0.72,0.77,0.333,0.372,0.416,0.35,0.37,0.358,0.556,0.543,0.534,0.563,0.468,0.46,0.448,0.469,0.458,0.459,0.463,0.612,0.571,0.622,0.605,0.41,0.411,0.403
300,1,0,6.0,2.0,0.35,0.58,0.375,0.328,0.39,0.365,0.367,0.371,0.537,0.506,0.535,0.527,0.412,0.411,0.438,0.418,0.434,0.443,0.452,0.579,0.569,0.568,0.552,0.394,0.39,0.418
301,2,0,5.9,0.7,0.46,0.7,0.415,0.404,0.451,0.399,0.46,0.414,0.613,0.617,0.662,0.643,0.519,0.533,0.54,0.512,0.498,0.505,0.5,0.675,0.655,0.647,0.667,0.476,0.433,0.472
302,3,0,6.7,2.1,0.83,0.74,0.336,0.377,0.387,0.382,0.365,0.405,0.575,0.558,0.55,0.574,0.487,0.471,0.48,0.483,0.498,0.513,0.502,0.606,0.597,0.608,0.657,0.451,0.398,0.446
303,4,0,7.4,1.6,0.49,0.71,0.29,0.32,0.316,0.309,0.328,0.304,0.502,0.476,0.44,0.46,0.362,0.39,0.401,0.377,0.396,0.369,0.43,0.493,0.512,0.527,0.528,0.355,0.343,0.357
304,5,0,6.7,1.7,0.4,0.59,0.321,0.334,0.336,0.309,0.336,0.298,0.457,0.526,0.453,0.449,0.408,0.396,0.38,0.387,0.371,0.401,0.363,0.542,0.552,0.536,0.538,0.347,0.312,0.373
305,6,1,6.4,4.6,0.6,0.69,0.315,0.326,0.342,0.354,0.356,0.333,0.529,0.477,0.511,0.531,0.439,0.41,0.446,0.409,0.472,0.458,0.434,0.575,0.594,0.544,0.551,0.379,0.341,0.36
306,7,1,0.7,0.2,0.65,0.61,0.371,0.325,0.339,0.32,0.311,0.358,0.46,0.491,0.475,0.474,0.435,0.414,0.417,0.422,0.381,0.4,0.43,0.526,0.509,0.519,0.497,0.365,0.349,0.346
307,1,0,5.4,0.3,0.45,0.81,0.348,0.315,0.296,0.332,0.359,0.328,0.468,0.459,0.485,0.492,0.382,0.372,0.355,0.406,0.378,0.385,0.414,0.532,0.527,0.511,0.526,0.354,0.359,0.329
308,2,0,5.5,0.3,0.8,0.78,0.393,0.37,0.427,0.432,0.395,0.402,0.591,0.622,0.614,0.586,0.486,0.521,0.49,0.515,0.519,0.502,0.52,0.669,0.622,0.695,0.674,0.464,0.505,0.467
309,3,0,5.0,1.1,0.66,0.69,0.369,0.336,0.384,0.376,0.355,0.38,0.527,0.539,0.556,0.559,0.44,0.487,0.476,0.434,0.471,0.421,0.409,0.577,0.588,0.55,0.588,0.4,0.435,0.389
310,4,0,7.9,0.1,0.8,0.67,0.47,0.459,0.442,0.484,0.472,0.432,0.712,0.655,0.712,0.671,0.564,0.58,0.567,0.54,0.567,0.59,0.593,0.756,0.741,0.75,0.771,0.535,0.513,0.518
311,5,0,3.8,0.2,0.57,0.56,0.46,0.489,0.471,0.472,0.498,0.441,0.694,0.705,0.658,0.695,0.533,0.578,0.57,0.543,0.561,0.55,0.591,0.743,0.73,0.738,0.755,0.524,0.502,0.5
312,6,1,6.4,0.0,0.76,0.79,0.303,0.307,0.294,0.29,0.296,0.298,0.457,0.482,0.445,0.427,0.362,0.368,0.378,0.358,0.36,0.393,0.387,0.463,0.478,0.477,0.506,0.322,0.345,0.317
313,7,1,2.1,0.6,0.74,0.57,0.43,0.414,0.443,0.408,0.387,0.375,0.634,0.657,0.59,0.624,0.508,0.547,0.514,0.523,0.508,0.528,0.505,0.672,0.642,0.727,0.699,0.492,0.456,0.505
314,1,0,2.6,0.4,0.59,0.8,0.439,0.423,0.476,0.477,0.464,0.504,0.703,0.691,0.705,0.68,0.566,0.558,0.563,0.571,0.568,0.555,0.591,0.77,0.748,0.738,0.736,0.521,0.519,0.518
315,2,0,1.9,0.1,0.36,0.8,0.382,0.313,0.361,0.326,0.352,0.313,0.554,0.498,0.549,0.508,0.436,0.438,0.413,0.426,0.428,0.436,0.433,0.584,0.588,0.582,0.596,0.412,0.426,0.349
316,3,0,2.7,0.4,0.39,0.71,0.334,0.281,0.313,0.276,0.309,0.291,0.402,0.443,0.47,0.441,0.34,0.387,0.382,0.351,0.375,0.404,0.379,0.475,0.512,0.48,0.483,0.328,0.354,0.336
317,4,0,2.4,0.1,0.44,0.78,0.411,0.492,0.468,0.432,0.418,0.457,0.663,0.651,0.663,0.639,0.509,0.55,0.531,0.521,0.542,0.494,0.506,0.718,0.718,0.703,0.725,0.467,0.475,0.49
318,5,0,3.5,0.1,0.15,0.78,0.338,0.323,0.363,0.387,0.359,0.347,0.519,0.531,0.522,0.51,0.443,0.437,0.434,0.44,0.408,0.438,0.424,0.57,0.584,0.59,0.543,0.4,0.389,0.37
319,6,1,3.8,0.0,0.57,0.63,0.315,0.336,0.278,0.357,0.344,0.322,0.443,0.485,0.488,0.455,0.392,0.336,0.403,0.339,0.388,0.421,0.391,0.458,0.499,0.512,0.513,0.354,0.377,0.36
320,7,1,4.2,1.2,0.6,0.86,0.362,0.353,0.343,0.358,0.356,0.382,0.531,0.532,0.553,0.518,0.496,0.451,0.471,0.467,0.445,0.426,0.475,0.574,0.568,0.569,0.584,0.391,0.398,0.389
321,1,0,3.0,0.1,0.47,0.79,0.395,0.368,0.357,0.37,0.366,0.36,0.537,0.529,0.55,0.57,0.44,0.449,0.477,0.435,0.441,0.447,0.436,0.599,0.58,0.577,0.58,0.394,0.388,0.413
322,2,0,5.3,0.1,0.21,0.74,0.272,0.267,0.268,0.269,0.28,0.278,0.422,0.413,0.416,0.405,0.367,0.356,0.328,0.355,0.356,0.331,0.347,0.443,0.456,0.475,0.454,0.321,0.304,0.317
323,3,0,2.8,0.0,0.52,0.77,0.436,0.442,0.428,0.431,0.464,0.44,0.684,0.689,0.673,0.65,0.551,0.567,0.528,0.548,0.573,0.553,0.56,0.706,0.723,0.725,0.698,0.532,0.509,0.489
324,4,0,-0.9,0.0,0.35,0.65,0.447,0.479,0.439,0.454,0.45,0.448,0.669,0.683,0.642,0.641,0.587,0.566,0.54,0.523,0.544,0.587,0.542,0.699,0.718,0.718,0.741,0.484,0.487,0.506
325,5,0,1.5,0.4,0.75,0.72,0.389,0.434,0.393,0.405,0.432,0.402,0.604,0.604,0.614,0.599,0.513,0.508,0.516,0.492,0.514,0.509,0.561,0.673,0.695,0.704,0.677,0.459,0.457,0.459
326,6,1,0.0,0.0,0.93,0.55,0.245,0.273,0.226,0.245,0.25,0.249,0.375,0.426,0.39,0.378,0.313,0.329,0.31,0.28,0.322,0.285,0.35,0.429,0.356,0.454,0.403,0.296,0.293,0.291
327,7,1,-2.3,4.6,0.9,0.76,0.259,0.255,0.261,0.253,0.254,0.246,0.368,0.347,0.343,0.374,0.32,0.315,0.323,0.286,0.281,0.3,0.299,0.405,0.387,0.449,0.412,0.264,0.246,0.285
328,1,0,-1.7,1.6,0.74,0.68,0.365,0.373,0.361,0.368,0.36,0.342,0.554,0.526,0.537,0.554,0.44,0.478,0.468,0.433,0.446,0.424,0.453,0.594,0.578,0.534,0.547,0.397,0.419,0.429
329,2,0,4.0,1.0,0.15,0.68,0.396,0.37,0.381,0.366,0.39,0.369,0.566,0.558,0.55,0.554,0.484,0.505,0.486,0.47,0.479,0.444,0.469,0.656,0.627,0.605,0.584,0.39,0.422,0.426
330,3,0,5.5,0.4,0.62,0.69,0.391,0.401,0.366,0.396,0.413,0.409,0.586,0.599,0.585,0.596,0.488,0.488,0.472,0.482,0.469,0.5,0.498,0.64,0.647,0.644,0.628,0.425,0.451,0.461
331,4,0,4.3,0.6,0.33,0.59,0.376,0.416,0.399,0.431,0.42,0.387,0.635,0.59,0.597,0.576,0.507,0.509,0.472,0.515,0.509,0.47,0.515,0.669,0.671,0.639,0.655,0.435,0.433,0.48
332,5,0,4.2,1.2,0.42,0.51,0.339,0.352,0.373,0.403,0.388,0.351,0.554,0.522,0.533,0.521,0.426,0.438,0.439,0.476,0.429,0.455,0.411,0.588,0.554,0.594,0.585,0.391,0.382,0.389
333,6,1,0.7,0.5,0.75,0.5,0.406,0.464,0.443,0.46,0.474,0.488,0.707,0.668,0.69,0.664,0.546,0.573,0.561,0.584,0.557,0.586,0.532,0.723,0.718,0.743,0.732,0.513,0.483,0.518
334,7,1,-1.4,0.7,0.52,0.79,0.355,0.326,0.37,0.32,0.349,0.322,0.506,0.511,0.498,0.492,0.417,0.428,0.431,0.395,0.362,0.39,0.427,0.535,0.542,0.531,0.544,0.385,0.353,0.384
335,1,0,1.5,0.6,0.56,0.64,0.42,0.45,0.464,0.456,0.487,0.445,0.659,0.702,0.695,0.674,0.559,0.537,0.582,0.553,0.553,0.593,0.563,0.722,0.781,0.751,0.753,0.494,0.519,0.47
336,2,0,3.1,0.6,0.46,0.63,0.385,0.364,0.361,0.333,0.365,0.335,0.532,0.486,0.53,0.532,0.462,0.484,0.449,0.436,0.423,0.448,0.448,0.571,0.598,0.563,0.571,0.417,0.389,0.408
337,3,0,0.4,0.7,0.49,0.6,0.447,0.462,0.45,0.456,0.449,0.451,0.667,0.693,0.701,0.686,0.556,0.533,0.557,0.558,0.584,0.59,0.55,0.739,0.738,0.712,0.74,0.52,0.498,0.487
338,4,0,2.5,0.4,0.45,0.63,0.463,0.459,0.463,0.434,0.469,0.48,0.696,0.712,0.696,0.679,0.571,0.613,0.602,0.601,0.572,0.586,0.583,0.722,0.751,0.728,0.754,0.511,0.511,0.512
339,5,0,-1.1,0.7,0.46,0.8,0.33,0.334,0.381,0.375,0.348,0.329,0.505,0.542,0.522,0.526,0.446,0.424,0.451,0.414,0.402,0.45,0.457,0.565,0.572,0.569,0.563,0.392,0.382,0.384
340,6,1,-0.7,0.3,0.73,0.71,0.406,0.42,0.419,0.455,0.415,0.454,0.653,0.628,0.677,0.673,0.509,0.517,0.574,0.536,0.508,0.512,0.559,0.67,0.711,0.686,0.671,0.49,0.475,0.5
341,7,1,0.6,0.0,0.3,0.8,0.43,0.403,0.41,0.397,0.387,0.411,0.609,0.609,0.645,0.615,0.515,0.489,0.523,0.492,0.51,0.506,0.535,0.665,0.655,0.69,0.658,0.43,0.448,0.494
342,1,0,-2.5,0.0,0.76,0.47,0.453,0.453,0.488,0.43,0.454,0.493,0.691,0.701,0.717,0.701,0.585,0.605,0.581,0.576,0.557,0.565,0.566,0.735,0.749,0.733,0.737,0.527,0.512,0.538
343,2,0,-0.9,1.3,0.17,0.83,0.483,0.484,0.51,0.485,0.497,0.476,0.738,0.728,0.71,0.732,0.61,0.611,0.596,0.582,0.617,0.604,0.594,0.741,0.775,0.814,0.775,0.544,0.505,0.521
344,3,0,4.1,0.3,0.98,0.57,0.226,0.25,0.261,0.269,0.24,0.227,0.389,0.346,0.351,0.358,0.276,0.271,0.319,0.297,0.305,0.291,0.285,0.392,0.414,0.385,0.376,0.289,0.233,0.274
345,4,0,3.2,0.6,0.22,0.64,0.348,0.372,0.332,0.351,0.316,0.32,0.519,0.483,0.499,0.502,0.401,0.43,0.403,0.401,0.415,0.461,0.399,0.555,0.541,0.549,0.586,0.39,0.367,0.373
346,5,0,1.2,0.9,0.63,0.64,0.407,0.369,0.363,0.321,0.401,0.418,0.555,0.574,0.597,0.586,0.482,0.472,0.449,0.519,0.475,0.483,0.473,0.626,0.599,0.634,0.662,0.424,0.469,0.437
347,6,1,4.2,0.4,0.86,0.71,0.243,0.247,0.268,0.248,0.229,0.243,0.381,0.387,0.321,0.37,0.296,0.274,0.309,0.284,0.297,0.304,0.265,0.398,0.38,0.403,0.384,0.288,0.299,0.271
348,7,1,-0.5,0.5,0.61,0.62,0.388,0.381,0.373,0.356,0.351,0.377,0.544,0.544,0.539,0.568,0.449,0.448,0.501,0.472,0.486,0.485,0.473,0.59,0.613,0.596,0.614,0.413,0.437,0.401
349,1,0,4.0,2.8,0.74,0.58,0.271,0.311,0.322,0.308,0.283,0.305,0.44,0.445,0.432,0.448,0.386,0.418,0.409,0.407,0.369,0.398,0.369,0.53,0.5,0.528,0.491,0.361,0.323,0.331
350,2,0,-1.8,0.3,0.24,0.62,0.414,0.398,0.399,0.414,0.43,0.408,0.593,0.592,0.637,0.604,0.528,0.477,0.502,0.515,0.511,0.512,0.513,0.683,0.692,0.669,0.621,0.442,0.492,0.438
351,3,0,3.0,0.5,0.5,0.72,0.475,0.431,0.45,0.437,0.454,0.456,0.682,0.685,0.64,0.685,0.559,0.563,0.533,0.553,0.581,0.551,0.557,0.711,0.735,0.725,0.717,0.511,0.5,0.499
352,4,0,0.0,0.5,0.43,0.87,0.355,0.353,0.361,0.323,0.317,0.317,0.514,0.538,0.492,0.505,0.411,0.42,0.451,0.427,0.421,0.408,0.44,0.56,0.541,0.528,0.564,0.407,0.412,0.367
353,5,0,2.3,0.8,0.22,0.76,0.449,0.45,0.449,0.427,0.437,0.434,0.64,0.686,0.695,0.65,0.57,0.551,0.547,0.505,0.552,0.548,0.559,0.72,0.733,0.711,0.73,0.519,0.483,0.464
354,6,1,0.4,1.8,0.34,0.64,0.244,0.25,0.235,0.235,0.242,0.247,0.365,0.352,0.349,0.376,0.303,0.297,0.317,0.293,0.263,0.333,0.312,0.41,0.361,0.384,0.398,0.25,0.286,0.277
355,7,1,-2.0,0.8,0.13,0.58,0.255,0.274,0.217,0.248,0.246,0.275,0.383,0.411,0.372,0.372,0.277,0.305,0.317,0.316,0.31,0.306,0.322,0.412,0.417,0.36,0.389,0.285,0.283,0.26
356,1,0,-0.2,1.4,0.39,0.75,0.328,0.319,0.335,0.349,0.305,0.341,0.472,0.465,0.473,0.473,0.386,0.398,0.43,0.403,0.397,0.415,0.416,0.547,0.509,0.545,0.547,0.366,0.374,0.368
357,2,0,1.5,1.0,0.82,0.64,0.27,0.272,0.291,0.301,0.272,0.289,0.41,0.434,0.412,0.393,0.344,0.338,0.352,0.362,0.355,0.371,0.358,0.455,0.465,0.469,0.465,0.327,0.336,0.346
358,3,0,-1.2,2.4,0.56,0.69,0.405,0.416,0.414,0.376,0.38,0.423,0.615,0.606,0.586,0.613,0.498,0.513,0.504,0.497,0.573,0.491,0.493,0.63,0.679,0.661,0.67,0.449,0.449,0.449
359,4,0,-0.5,0.2,0.26,0.77,0.294,0.284,0.298,0.314,0.33,0.312,0.45,0.487,0.464,0.446,0.379,0.413,0.37,0.402,0.372,0.428,0.38,0.524,0.514,0.513,0.515,0.371,0.359,0.374
360,5,0,-0.5,0.0,0.22,0.63,0.411,0.351,0.357,0.353,0.398,0.384,0.545,0.524,0.57,0.602,0.465,0.449,0.479,0.458,0.427,0.473,0.457,0.604,0.628,0.619,0.634,0.454,0.415,0.421
361,6,1,0.5,0.1,0.55,0.64,0.359,0.305,0.348,0.317,0.338,0.319,0.471,0.504,0.487,0.484,0.445,0.417,0.374,0.434,0.425,0.435,0.386,0.548,0.519,0.54,0.537,0.375,0.377,0.411
362,7,1,-0.8,2.2,0.37,0.6,0.374,0.303,0.311,0.306,0.321,0.322,0.462,0.466,0.48,0.479,0.392,0.367,0.426,0.361,0.368,0.357,0.386,0.515,0.504,0.504,0.513,0.351,0.361,0.3
363,1,0,3.7,0.4,0.59,0.57,0.364,0.341,0.375,0.352,0.345,0.351,0.52,0.539,0.596,0.566,0.442,0.414,0.424,0.475,0.493,0.451,0.457,0.594,0.618,0.596,0.57,0.461,0.375,0.439
364,2,0,0.9,7.0,0.51,0.54,0.447,0.435,0.488,0.455,0.44,0.445,0.69,0.668,0.631,0.688,0.588,0.57,0.558,0.559,0.551,0.57,0.536,0.747,0.728,0.746,0.741,0.509,0.49,0.498
365,3,0,-0.3,0.4,0.15,0.56,0.324,0.33,0.314,0.385,0.304,0.336,0.509,0.513,0.528,0.526,0.4,0.364,0.429,0.444,0.423,0.417,0.393,0.52,0.565,0.555,0.521,0.379,0.346,0.38
366,4,0,2.8,1.1,0.21,0.68,0.256,0.259,0.288,0.256,0.278,0.25,0.394,0.386,0.372,0.412,0.368,0.335,0.371,0.353,0.332,0.31,0.314,0.445,0.441,0.456,0.446,0.288,0.299,0.306
1,5,0,-1.6,0.0,0.54,0.76,0.368,0.348,0.372,0.351,0.328,0.343,0.558,0.539,0.502,0.544,0.478,0.448,0.455,0.473,0.455,0.447,0.429,0.534,0.563,0.607,0.605,0.392,0.372,0.42
2,6,1,2.1,0.6,0.74,0.65,0.253,0.316,0.285,0.264,0.278,0.272,0.431,0.432,0.433,0.479,0.364,0.367,0.38,0.353,0.369,0.327,0.359,0.489,0.46,0.424,0.503,0.298,0.32,0.305
3,7,1,0.9,0.9,0.27,0.79,0.482,0.457,0.481,0.478,0.414,0.458,0.681,0.716,0.732,0.69,0.585,0.594,0.587,0.619,0.583,0.557,0.589,0.764,0.757,0.785,0.767,0.571,0.544,0.546
4,1,0,-0.7,0.8,0.31,0.67,0.379,0.411,0.398,0.405,0.384,0.392,0.571,0.58,0.58,0.513,0.458,0.534,0.516,0.508,0.481,0.493,0.522,0.63,0.661,0.652,0.662,0.467,0.441,0.5
5,2,0,-3.4,0.6,0.37,0.76,0.398,0.41,0.393,0.381,0.372,0.406,0.63,0.607,0.612,0.602,0.537,0.501,0.449,0.487,0.475,0.468,0.478,0.667,0.669,0.665,0.675,0.478,0.471,0.431
6,3,0,-2.1,1.3,0.77,0.61,0.399,0.387,0.337,0.382,0.387,0.42,0.595,0.553,0.609,0.552,0.481,0.443,0.459,0.472,0.505,0.475,0.498,0.617,0.635,0.607,0.632,0.455,0.423,0.409
7,4,0,-1.8,1.4,0.22,0.65,0.3,0.314,0.352,0.347,0.297,0.361,0.522,0.509,0.492,0.495,0.421,0.427,0.408,0.427,0.444,0.436,0.457,0.53,0.525,0.566,0.577,0.415,0.401,0.41
8,5,0,-2.1,0.8,0.6,0.52,0.465,0.438,0.461,0.461,0.437,0.423,0.655,0.667,0.707,0.713,0.616,0.596,0.582,0.563,0.542,0.546,0.557,0.748,0.727,0.769,0.744,0.504,0.478,0.534
9,6,1,2.1,2.0,0.45,0.58,0.472,0.446,0.447,0.468,0.449,0.461,0.682,0.699,0.688,0.645,0.557,0.563,0.532,0.553,0.556,0.598,0.574,0.744,0.74,0.76,0.723,0.513,0.464,0.523
10,7,1,-2.3,0.5,0.31,0.83,0.329,0.297,0.28,0.344,0.253,0.284,0.461,0.465,0.447,0.448,0.361,0.402,0.36,0.398,0.344,0.374,0.36,0.499,0.505,0.493,0.516,0.31,0.322,0.324
11,1,0,-1.2,0.4,0.55,0.79,0.457,0.436,0.461,0.434,0.424,0.442,0.683,0.696,0.66,0.638,0.56,0.552,0.558,0.567,0.539,0.548,0.523,0.697,0.741,0.727,0.721,0.5,0.481,0.493
12,2,0,-0.2,0.0,0.55,0.72,0.312,0.304,0.273,0.298,0.288,0.297,0.448,0.459,0.46,0.431,0.355,0.371,0.411,0.378,0.356,0.334,0.337,0.472,0.495,0.503,0.459,0.363,0.325,0.372
13,3,0,-0.8,0.8,0.85,0.71,0.309,0.322,0.299,0.318,0.324,0.279,0.433,0.464,0.468,0.439,0.409,0.374,0.407,0.415,0.411,0.415,0.384,0.533,0.535,0.481,0.503,0.338,0.369,0.311
14,4,0,-2.3,0.5,0.23,0.61,0.387,0.407,0.406,0.424,0.414,0.386,0.612,0.618,0.659,0.588,0.461,0.51,0.548,0.497,0.505,0.535,0.511,0.691,0.619,0.678,0.657,0.436,0.475,0.46
15,5,0,2.7,0.5,0.33,0.6,0.267,0.257,0.277,0.271,0.277,0.277,0.442,0.429,0.434,0.428,0.362,0.328,0.353,0.329,0.366,0.332,0.378,0.462,0.469,0.466,0.433,0.295,0.289,0.282
16,6,1,-1.3,0.6,0.45,0.58,0.44,0.396,0.427,0.409,0.392,0.421,0.638,0.631,0.621,0.626,0.51,0.493,0.535,0.539,0.495,0.484,0.524,0.659,0.664,0.686,0.677,0.431,0.435,0.484
17,7,1,-1.0,0.4,0.6,0.59,0.298,0.256,0.266,0.257,0.286,0.259,0.385,0.404,0.425,0.426,0.333,0.355,0.337,0.364,0.342,0.34,0.35,0.434,0.42,0.442,0.428,0.292,0.316,0.285
18,1,0,2.5,0.9,0.89,0.62,0.497,0.451,0.442,0.462,0.45,0.459,0.638,0.664,0.703,0.675,0.568,0.577,0.538,0.538,0.522,0.534,0.515,0.727,0.712,0.724,0.738,0.509,0.476,0.513
19,2,0,3.3,0.7,0.16,0.82,0.353,0.399,0.399,0.43,0.383,0.377,0.558,0.563,0.617,0.576,0.487,0.5,0.534,0.464,0.498,0.514,0.481,0.633,0.619,0.627,0.666,0.476,0.46,0.46
20,3,0,-0.3,2.1,0.58,0.6,0.283,0.29,0.255,0.287,0.32,0.266,0.407,0.405,0.444,0.419,0.317,0.375,0.364,0.364,0.301,0.335,0.334,0.464,0.465,0.451,0.486,0.304,0.311,0.299
21,4,0,2.0,1.2,0.47,0.75,0.366,0.403,0.395,0.387,0.384,0.41,0.589,0.579,0.536,0.55,0.467,0.483,0.477,0.504,0.449,0.505,0.491,0.621,0.625,0.615,0.654,0.457,0.459,0.467
22,5,0,2.3,1.1,0.48,0.76,0.308,0.281,0.265,0.31,0.288,0.308,0.429,0.438,0.41,0.441,0.327,0.344,0.347,0.389,0.36,0.365,0.349,0.44,0.5,0.455,0.472,0.319,0.298,0.347
23,6,1,-0.3,1.5,0.55,0.66,0.284,0.244,0.264,0.265,0.286,0.301,0.415,0.397,0.396,0.423,0.315,0.326,0.303,0.329,0.359,0.341,0.316,0.451,0.454,0.474,0.424,0.294,0.321,0.301
24,7,1,2.3,0.5,0.41,0.82,0.282,0.27,0.271,0.255,0.26,0.246,0.372,0.385,0.368,0.397,0.295,0.317,0.36,0.332,0.339,0.368,0.316,0.392,0.43,0.396,0.459,0.275,0.284,0.263
25,1,0,0.5,1.4,0.63,0.76,0.323,0.273,0.315,0.337,0.36,0.325,0.475,0.46,0.468,0.469,0.397,0.438,0.389,0.39,0.416,0.426,0.401,0.534,0.519,0.533,0.508,0.357,0.325,0.368
26,2,0,-0.3,0.4,0.4,0.63,0.321,0.331,0.264,0.294,0.31,0.29,0.491,0.476,0.47,0.494,0.396,0.426,0.41,0.362,0.405,0.377,0.382,0.501,0.524,0.511,0.522,0.333,0.343,0.277
27,3,0,3.7,0.2,0.42,0.57,0.371,0.417,0.406,0.388,0.391,0.364,0.551,0.582,0.58,0.617,0.471,0.5,0.482,0.46,0.472,0.509,0.489,0.628,0.642,0.654,0.631,0.437,0.431,0.411
28,4,0,1.5,0.1,0.38,0.53,0.436,0.455,0.471,0.429,0.472,0.433,0.659,0.698,0.672,0.678,0.524,0.583,0.558,0.563,0.52,0.552,0.537,0.739,0.73,0.715,0.742,0.488,0.529,0.503
29,5,0,1.1,0.3,0.28,0.73,0.271,0.241,0.239,0.244,0.227,0.243,0.358,0.346,0.359,0.391,0.297,0.313,0.315,0.309,0.343,0.286,0.308,0.417,0.392,0.395,0.388,0.271,0.277,0.285
30,6,1,5.0,1.8,0.29,0.84,0.315,0.267,0.281,0.272,0.279,0.23,0.402,0.393,0.411,0.404,0.33,0.329,0.327,0.34,0.345,0.343,0.343,0.443,0.449,0.454,0.443,0.306,0.306,0.3
31,7,1,2.2,0.5,0.45,0.64,0.356,0.358,0.379,0.372,0.376,0.391,0.556,0.587,0.55,0.537,0.481,0.454,0.494,0.437,0.472,0.454,0.463,0.582,0.629,0.62,0.574,0.408,0.411,0.398
32,1,0,2.7,0.0,0.57,0.73,0.327,0.328,0.323,0.315,0.32,0.314,0.476,0.494,0.45,0.515,0.379,0.386,0.383,0.365,0.384,0.4,0.412,0.558,0.531,0.509,0.512,0.357,0.356,0.372
33,2,0,2.8,1.0,0.32,0.76,0.368,0.342,0.366,0.359,0.359,0.366,0.513,0.515,0.527,0.498,0.405,0.461,0.434,0.46,0.442,0.449,0.423,0.601,0.591,0.558,0.54,0.425,0.389,0.38
34,3,0,1.6,0.2,0.69,0.66,0.454,0.428,0.404,0.408,0.396,0.389,0.648,0.618,0.614,0.611,0.483,0.47,0.495,0.508,0.474,0.483,0.53,0.649,0.71,0.721,0.651,0.465,0.456,0.442
35,4,0,2.7,1.3,0.41,0.54,0.414,0.425,0.421,0.453,0.46,0.463,0.65,0.641,0.642,0.636,0.508,0.515,0.553,0.544,0.531,0.531,0.524,0.704,0.712,0.688,0.706,0.489,0.504,0.489
36,5,0,-1.3,0.1,0.32,0.83,0.342,0.346,0.332,0.335,0.354,0.398,0.498,0.533,0.525,0.533,0.464,0.471,0.421,0.436,0.452,0.456,0.418,0.553,0.545,0.543,0.614,0.409,0.381,0.357
37,6,1,1.9,0.2,0.69,0.73,0.363,0.344,0.315,0.354,0.341,0.347,0.527,0.52,0.537,0.53,0.463,0.422,0.425,0.412,0.447,0.407,0.419,0.572,0.554,0.582,0.579,0.401,0.45,0.401
38,7,1,2.2,0.6,0.5,0.67,0.44,0.456,0.451,0.448,0.418,0.462,0.667,0.675,0.668,0.665,0.57,0.535,0.586,0.57,0.543,0.524,0.533,0.716,0.728,0.702,0.726,0.496,0.49,0.463
39,1,0,4.7,0.5,0.3,0.75,0.334,0.401,0.4,0.363,0.348,0.336,0.575,0.525,0.552,0.532,0.482,0.456,0.477,0.458,0.446,0.454,0.471,0.619,0.598,0.567,0.604,0.413,0.43,0.434
40,2,0,4.8,0.7,0.08,0.62,0.41,0.403,0.444,0.416,0.422,0.403,0.641,0.62,0.612,0.647,0.508,0.531,0.485,0.518,0.512,0.519,0.529,0.661,0.708,0.671,0.67,0.445,0.487,0.473
41,3,0,2.0,0.9,0.52,0.73,0.371,0.363,0.352,0.359,0.368,0.406,0.613,0.608,0.579,0.554,0.468,0.446,0.485,0.476,0.483,0.481,0.431,0.628,0.634,0.627,0.643,0.412,0.42,0.443
42,4,0,1.3,0.5,0.58,0.7,0.306,0.286,0.327,0.275,0.317,0.308,0.459,0.49,0.475,0.468,0.389,0.357,0.361,0.384,0.378,0.414,0.395,0.52,0.497,0.492,0.495,0.31,0.348,0.315
43,5,0,1.5,1.5,0.43,0.56,0.261,0.272,0.233,0.255,0.224,0.227,0.374,0.385,0.378,0.397,0.305,0.325,0.296,0.313,0.294,0.283,0.293,0.423,0.423,0.416,0.4,0.244,0.247,0.302
44,6,1,-2.3,0.4,0.55,0.97,0.435,0.481,0.439,0.445,0.438,0.461,0.639,0.66,0.652,0.71,0.527,0.507,0.537,0.54,0.512,0.552,0.533,0.697,0.733,0.717,0.725,0.493,0.499,0.471
45,7,1,2.5,0.4,0.48,0.79,0.413,0.396,0.34,0.38,0.374,0.36,0.563,0.577,0.555,0.528,0.459,0.44,0.47,0.443,0.464,0.459,0.469,0.563,0.627,0.61,0.598,0.435,0.394,0.413
46,1,0,0.3,0.5,0.19,0.63,0.445,0.459,0.423,0.452,0.409,0.437,0.645,0.703,0.694,0.678,0.544,0.551,0.574,0.566,0.583,0.577,0.574,0.707,0.728,0.752,0.725,0.49,0.496,0.499
47,2,0,0.3,5.1,0.4,0.67,0.29,0.264,0.28,0.268,0.309,0.26,0.406,0.399,0.39,0.392,0.335,0.327,0.357,0.321,0.346,0.352,0.329,0.437,0.431,0.462,0.43,0.347,0.316,0.321
48,3,0,5.9,0.2,0.33,0.71,0.421,0.433,0.425,0.445,0.412,0.457,0.632,0.682,0.679,0.663,0.563,0.562,0.564,0.542,0.54,0.561,0.534,0.705,0.718,0.747,0.715,0.48,0.504,0.472
49,4,0,1.8,0.6,0.56,0.65,0.27,0.284,0.278,0.24,0.261,0.254,0.391,0.413,0.436,0.394,0.319,0.365,0.341,0.312,0.336,0.334,0.346,0.41,0.439,0.399,0.426,0.287,0.294,0.284
50,5,0,2.9,0.3,0.77,0.66,0.249,0.246,0.247,0.231,0.264,0.227,0.363,0.364,0.35,0.353,0.279,0.342,0.297,0.298,0.322,0.314,0.32,0.413,0.399,0.387,0.416,0.274,0.315,0.266
51,6,1,-2.2,0.9,0.55,0.71,0.338,0.315,0.295,0.357,0.368,0.339,0.497,0.501,0.498,0.489,0.396,0.428,0.437,0.421,0.397,0.418,0.372,0.545,0.529,0.543,0.541,0.386,0.406,0.388
52,7,1,5.8,0.7,0.16,0.56,0.38,0.441,0.43,0.439,0.458,0.39,0.629,0.641,0.661,0.617,0.549,0.518,0.528,0.546,0.545,0.503,0.503,0.675,0.683,0.716,0.708,0.455,0.471,0.473
53,1,0,4.4,0.7,0.64,0.72,0.389,0.409,0.375,0.422,0.414,0.422,0.617,0.609,0.571,0.617,0.527,0.515,0.478,0.507,0.512,0.571,0.512,0.656,0.647,0.674,0.66,0.455,0.417,0.468
54,2,0,1.9,0.9,0.06,0.59,0.386,0.384,0.366,0.396,0.378,0.343,0.548,0.559,0.537,0.571,0.494,0.48,0.492,0.492,0.481,0.461,0.514,0.623,0.637,0.602,0.629,0.433,0.425,0.422
55,3,0,8.4,2.2,0.5,0.57,0.286,0.256,0.246,0.288,0.304,0.218,0.334,0.378,0.382,0.388,0.324,0.328,0.354,0.331,0.317,0.303,0.281,0.4,0.423,0.4,0.411,0.269,0.291,0.27
56,4,0,3.8,0.9,0.25,0.57,0.278,0.285,0.283,0.287,0.253,0.31,0.425,0.428,0.437,0.428,0.391,0.349,0.307,0.314,0.381,0.363,0.314,0.443,0.485,0.462,0.476,0.317,0.329,0.335
57,5,0,-1.2,0.1,0.86,0.78,0.402,0.399,0.379,0.429,0.398,0.373,0.614,0.599,0.625,0.618,0.511,0.554,0.488,0.527,0.527,0.51,0.505,0.703,0.666,0.638,0.675,0.468,0.437,0.48
58,6,1,5.1,1.6,0.12,0.64,0.307,0.285,0.318,0.268,0.309,0.307,0.424,0.431,0.458,0.47,0.35,0.34,0.387,0.367,0.358,0.359,0.326,0.487,0.466,0.475,0.499,0.341,0.347,0.342
59,7,1,7.0,1.3,0.35,0.77,0.298,0.269,0.265,0.264,0.291,0.237,0.4,0.371,0.421,0.374,0.306,0.335,0.311,0.303,0.291,0.31,0.296,0.407,0.417,0.39,0.407,0.283,0.278,0.257
60,1,0,3.6,1.0,0.21,0.72,0.393,0.404,0.385,0.365,0.398,0.374,0.567,0.588,0.561,0.57,0.448,0.448,0.48,0.495,0.463,0.487,0.464,0.635,0.623,0.637,0.611,0.405,0.421,0.422
61,2,0,5.4,0.3,0.13,0.81,0.427,0.449,0.419,0.432,0.438,0.461,0.663,0.63,0.692,0.661,0.569,0.552,0.536,0.574,0.538,0.56,0.569,0.708,0.714,0.738,0.709,0.522,0.461,0.483
62,3,0,3.6,1.7,0.79,0.71,0.34,0.363,0.302,0.307,0.293,0.338,0.517,0.456,0.478,0.486,0.386,0.363,0.383,0.383,0.387,0.385,0.394,0.52,0.508,0.524,0.488,0.346,0.357,0.384
63,4,0,7.9,0.1,0.08,0.87,0.477,0.538,0.467,0.456,0.478,0.473,0.69,0.702,0.669,0.689,0.568,0.618,0.575,0.643,0.566,0.591,0.571,0.797,0.764,0.767,0.762,0.578,0.537,0.542
64,5,0,5.1,0.3,0.37,0.56,0.341,0.331,0.355,0.343,0.345,0.33,0.529,0.509,0.504,0.552,0.431,0.448,0.425,0.481,0.422,0.413,0.445,0.557,0.55,0.534,0.578,0.379,0.399,0.381
65,6,1,4.8,0.2,0.63,0.58,0.219,0.219,0.215,0.258,0.252,0.223,0.372,0.37,0.365,0.375,0.293,0.323,0.309,0.328,0.322,0.309,0.298,0.402,0.421,0.398,0.37,0.333,0.291,0.315
66,7,1,7.3,0.0,0.24,0.8,0.341,0.321,0.338,0.354,0.345,0.345,0.474,0.461,0.515,0.527,0.418,0.41,0.411,0.418,0.412,0.388,0.425,0.521,0.532,0.561,0.527,0.431,0.375,0.389
67,1,0,4.7,0.7,0.81,0.81,0.396,0.379,0.402,0.416,0.397,0.374,0.59,0.609,0.583,0.602,0.507,0.52,0.471,0.503,0.493,0.472,0.502,0.665,0.681,0.631,0.68,0.465,0.442,0.46
68,2,0,6.1,5.2,0.73,0.83,0.237,0.236,0.24,0.292,0.245,0.281,0.399,0.408,0.394,0.386,0.307,0.311,0.347,0.319,0.329,0.358,0.368,0.393,0.449,0.398,0.425,0.32,0.3,0.301
69,3,0,9.4,2.8,0.81,0.78,0.243,0.324,0.25,0.297,0.237,0.296,0.404,0.391,0.401,0.383,0.349,0.302,0.364,0.364,0.303,0.302,0.337,0.432,0.415,0.446,0.453,0.276,0.32,0.291
70,4,0,6.4,2.3,0.47,0.77,0.23,0.245,0.257,0.256,0.247,0.25,0.384,0.388,0.383,0.404,0.311,0.337,0.324,0.351,0.302,0.333,0.29,0.426,0.386,0.397,0.41,0.264,0.308,0.267
71,5,0,9.3,0.0,0.34,0.75,0.324,0.299,0.312,0.314,0.316,0.314,0.505,0.485,0.492,0.527,0.418,0.383,0.389,0.396,0.472,0.391,0.412,0.54,0.549,0.545,0.545,0.355,0.36,0.376
72,6,1,5.9,2.9,0.5,0.81,0.261,0.286,0.319,0.332,0.283,0.292,0.364,0.413,0.418,0.413,0.387,0.342,0.339,0.357,0.342,0.342,0.353,0.461,0.467,0.482,0.458,0.323,0.276,0.348
73,7,1,6.4,3.3,0.48,0.6,0.395,0.397,0.423,0.45,0.412,0.396,0.586,0.624,0.615,0.623,0.487,0.536,0.538,0.536,0.488,0.554,0.483,0.643,0.646,0.672,0.685,0.493,0.439,0.464
74,1,0,12.4,0.7,0.16,0.77,0.461,0.491,0.454,0.483,0.461,0.48,0.716,0.667,0.708,0.684,0.595,0.583,0.585,0.553,0.577,0.596,0.575,0.794,0.784,0.739,0.743,0.517,0.535,0.513
75,2,0,5.3,0.8,0.9,0.64,0.474,0.48,0.48,0.481,0.433,0.492,0.682,0.69,0.727,0.734,0.582,0.565,0.6,0.596,0.539,0.592,0.627,0.774,0.767,0.794,0.741,0.522,0.525,0.536
76,3,0,9.7,0.1,0.73,0.64,0.415,0.438,0.388,0.38,0.364,0.384,0.546,0.593,0.57,0.559,0.471,0.455,0.461,0.51,0.472,0.517,0.483,0.615,0.637,0.59,0.607,0.457,0.438,0.448
77,4,0,5.4,0.3,0.52,0.81,0.419,0.435,0.42,0.442,0.387,0.395,0.639,0.613,0.638,0.609,0.52,0.485,0.496,0.521,0.525,0.514,0.53,0.642,0.672,0.703,0.72,0.47,0.503,0.468
78,5,0,9.8,0.4,0.63,0.75,0.344,0.336,0.343,0.303,0.336,0.289,0.457,0.47,0.469,0.482,0.403,0.423,0.423,0.407,0.42,0.443,0.368,0.504,0.51,0.577,0.573,0.379,0.341,0.387
79,6,1,7.9,0.6,0.82,0.44,0.487,0.479,0.48,0.507,0.511,0.489,0.702,0.702,0.681,0.689,0.573,0.598,0.589,0.543,0.561,0.568,0.599,0.768,0.756,0.749,0.744,0.548,0.571,0.49
80,7,1,7.0,0.2,0.44,0.63,0.424,0.467,0.477,0.468,0.431,0.451,0.687,0.678,0.681,0.677,0.585,0.596,0.564,0.54,0.59,0.599,0.586,0.736,0.743,0.722,0.721,0.502,0.484,0.508
81,1,0,5.3,0.3,0.25,0.57,0.319,0.327,0.326,0.332,0.313,0.328,0.484,0.524,0.499,0.504,0.414,0.395,0.392,0.394,0.394,0.418,0.371,0.536,0.532,0.566,0.556,0.369,0.374,0.39
82,2,0,7.2,0.2,0.45,0.59,0.313,0.352,0.248,0.299,0.314,0.261,0.441,0.424,0.48,0.443,0.394,0.39,0.369,0.4,0.379,0.393,0.392,0.433,0.503,0.501,0.486,0.314,0.367,0.351
83,3,0,9.7,0.2,0.31,0.65,0.468,0.426,0.443,0.426,0.436,0.46,0.709,0.727,0.672,0.662,0.551,0.553,0.584,0.544,0.577,0.595,0.573,0.739,0.737,0.718,0.739,0.485,0.522,0.48
84,4,0,6.0,0.0,0.94,0.69,0.386,0.366,0.397,0.377,0.36,0.399,0.592,0.568,0.602,0.574,0.5,0.467,0.504,0.479,0.496,0.501,0.516,0.627,0.641,0.619,0.599,0.467,0.424,0.441
85,5,0,5.0,2.7,0.72,0.69,0.488,0.499,0.501,0.501,0.469,0.473,0.729,0.725,0.725,0.7,0.59,0.566,0.566,0.59,0.572,0.565,0.58,0.773,0.739,0.781,0.757,0.563,0.531,0.534
86,6,1,8.6,1.0,0.7,0.56,0.305,0.327,0.312,0.318,0.314,0.269,0.454,0.473,0.469,0.488,0.392,0.374,0.39,0.389,0.364,0.466,0.385,0.472,0.486,0.501,0.491,0.358,0.342,0.346
87,7,1,6.3,0.2,0.74,0.67,0.225,0.253,0.216,0.257,0.228,0.215,0.35,0.37,0.362,0.381,0.288,0.294,0.271,0.283,0.32,0.33,0.27,0.38,0.394,0.403,0.408,0.27,0.261,0.261
88,1,0,6.5,0.2,0.31,0.73,0.418,0.436,0.422,0.4,0.396,0.416,0.617,0.634,0.618,0.602,0.512,0.468,0.545,0.529,0.501,0.528,0.525,0.675,0.672,0.658,0.652,0.444,0.465,0.434
89,2,0,10.9,0.6,0.15,0.55,0.333,0.344,0.317,0.34,0.327,0.315,0.525,0.519,0.511,0.469,0.418,0.403,0.419,0.392,0.402,0.407,0.415,0.563,0.506,0.525,0.513,0.414,0.363,0.424
90,3,0,9.1,2.8,0.76,0.74,0.43,0.351,0.372,0.401,0.41,0.401,0.598,0.566,0.609,0.555,0.5,0.468,0.486,0.493,0.464,0.46,0.517,0.638,0.639,0.643,0.622,0.421,0.428,0.42
91,4,0,12.8,1.1,0.4,0.8,0.301,0.267,0.239,0.295,0.291,0.24,0.383,0.415,0.38,0.356,0.324,0.359,0.348,0.307,0.326,0.334,0.314,0.401,0.426,0.432,0.427,0.256,0.322,0.305
92,5,0,7.2,0.5,0.71,0.64,0.282,0.29,0.277,0.24,0.269,0.282,0.385,0.431,0.401,0.433,0.35,0.372,0.322,0.357,0.311,0.346,0.355,0.45,0.461,0.449,0.448,0.297,0.323,0.329
93,6,1,8.2,1.1,0.63,0.84,0.411,0.439,0.435,0.442,0.434,0.399,0.657,0.664,0.644,0.66,0.513,0.513,0.542,0.53,0.511,0.529,0.535,0.689,0.703,0.711,0.707,0.467,0.493,0.506
94,7,1,10.2,2.2,0.71,0.78,0.367,0.362,0.345,0.329,0.345,0.377,0.515,0.534,0.583,0.563,0.465,0.424,0.429,0.429,0.443,0.467,0.411,0.596,0.59,0.6,0.565,0.395,0.424,0.375
95,1,0,12.3,0.2,0.14,0.7,0.457,0.47,0.463,0.437,0.507,0.448,0.702,0.683,0.68,0.719,0.569,0.584,0.548,0.593,0.595,0.58,0.612,0.746,0.735,0.773,0.759,0.495,0.52,0.516
96,2,0,9.8,1.0,0.27,0.67,0.276,0.205,0.232,0.244,0.252,0.263,0.392,0.353,0.383,0.343,0.334,0.261,0.297,0.294,0.293,0.285,0.296,0.411,0.409,0.394,0.396,0.281,0.279,0.296
97,3,0,11.4,0.2,0.17,0.67,0.394,0.4,0.384,0.416,0.405,0.391,0.619,0.592,0.632,0.585,0.501,0.484,0.543,0.51,0.539,0.544,0.493,0.656,0.655,0.677,0.643,0.479,0.45,0.469
98,4,0,12.0,0.7,0.6,0.49,0.357,0.377,0.368,0.375,0.365,0.385,0.557,0.558,0.541,0.532,0.45,0.453,0.463,0.469,0.463,0.455,0.435,0.596,0.618,0.618,0.591,0.4,0.414,0.427
99,5,0,14.7,2.5,0.66,0.6,0.486,0.517,0.473,0.487,0.453,0.463,0.754,0.737,0.7,0.726,0.614,0.59,0.652,0.603,0.547,0.596,0.567,0.78,0.808,0.768,0.785,0.552,0.578,0.536
100,6,1,11.5,0.5,0.06,0.74,0.365,0.323,0.369,0.34,0.373,0.355,0.545,0.521,0.527,0.55,0.475,0.453,0.457,0.462,0.433,0.457,0.412,0.587,0.554,0.594,0.586,0.444,0.409,0.398
101,7,1,13.0,0.1,0.95,0.6,0.321,0.308,0.339,0.324,0.332,0.321,0.527,0.501,0.482,0.49,0.407,0.371,0.37,0.417,0.422,0.358,0.408,0.544,0.56,0.51,0.506,0.393,0.363,0.325
102,1,0,12.4,0.4,0.37,0.91,0.258,0.259,0.253,0.26,0.251,0.229,0.345,0.36,0.371,0.393,0.314,0.325,0.307,0.301,0.299,0.324,0.291,0.376,0.414,0.397,0.386,0.309,0.292,0.282
103,2,0,12.6,0.1,0.22,0.76,0.386,0.411,0.424,0.395,0.4,0.424,0.61,0.633,0.646,0.643,0.504,0.512,0.52,0.521,0.523,0.481,0.491,0.672,0.652,0.649,0.663,0.457,0.472,0.494
104,3,0,14.0,0.3,0.16,0.71,0.328,0.325,0.333,0.296,0.322,0.333,0.489,0.472,0.465,0.465,0.414,0.419,0.387,0.39,0.422,0.451,0.409,0.489,0.488,0.536,0.495,0.333,0.35,0.366
105,4,0,8.8,1.9,0.95,0.77,0.306,0.335,0.305,0.329,0.305,0.334,0.475,0.453,0.451,0.474,0.394,0.423,0.399,0.411,0.4,0.409,0.34,0.508,0.517,0.52,0.517,0.352,0.338,0.356
106,5,0,12.6,1.0,0.7,0.79,0.327,0.273,0.304,0.292,0.32,0.297,0.43,0.451,0.473,0.459,0.393,0.371,0.403,0.378,0.429,0.35,0.397,0.459,0.482,0.5,0.496,0.335,0.335,0.35
107,6,1,12.8,0.1,0.53,0.81,0.389,0.401,0.392,0.371,0.397,0.413,0.583,0.613,0.587,0.594,0.484,0.491,0.477,0.51,0.504,0.463,0.466,0.638,0.635,0.651,0.672,0.428,0.442,0.459
108,7,1,11.1,0.6,0.59,0.63,0.265,0.248,0.249,0.285,0.248,0.28,0.386,0.4,0.357,0.408,0.337,0.328,0.325,0.303,0.368,0.338,0.331,0.438,0.468,0.444,0.441,0.269,0.303,0.328
109,1,0,13.6,0.5,0.37,0.83,0.349,0.336,0.353,0.342,0.331,0.311,0.469,0.526,0.5,0.499,0.428,0.426,0.376,0.422,0.446,0.391,0.396,0.546,0.535,0.496,0.498,0.354,0.381,0.36
110,2,0,11.2,0.1,0.74,0.77,0.282,0.305,0.26,0.255,0.32,0.314,0.43,0.461,0.469,0.419,0.372,0.389,0.387,0.358,0.39,0.353,0.369,0.436,0.478,0.462,0.497,0.337,0.345,0.343
111,3,0,11.0,0.4,0.36,0.74,0.452,0.458,0.426,0.435,0.436,0.467,0.69,0.648,0.649,0.674,0.51,0.554,0.521,0.574,0.54,0.525,0.529,0.736,0.711,0.755,0.72,0.533,0.471,0.547
112,4,0,14.0,0.2,0.8,0.65,0.471,0.477,0.472,0.45,0.439,0.489,0.753,0.67,0.706,0.722,0.586,0.621,0.591,0.572,0.569,0.556,0.572,0.78,0.781,0.792,0.757,0.531,0.538,0.568
113,5,0,15.4,0.3,0.74,0.76,0.305,0.292,0.279,0.301,0.265,0.291,0.396,0.4,0.435,0.441,0.377,0.343,0.348,0.357,0.345,0.354,0.349,0.487,0.453,0.463,0.451,0.335,0.315,0.314
114,6,1,16.9,1.3,0.68,0.76,0.435,0.421,0.448,0.417,0.418,0.416,0.634,0.663,0.603,0.662,0.495,0.542,0.551,0.56,0.495,0.532,0.488,0.738,0.709,0.69,0.676,0.509,0.487,0.471
115,7,1,12.9,0.2,0.06,0.65,0.332,0.299,0.33,0.311,0.342,0.344,0.518,0.473,0.518,0.501,0.436,0.467,0.399,0.427,0.424,0.432,0.398,0.567,0.55,0.573,0.565,0.403,0.403,0.385
116,1,0,14.8,0.4,0.73,0.57,0.45,0.435,0.401,0.421,0.424,0.436,0.64,0.672,0.62,0.663,0.583,0.597,0.555,0.552,0.612,0.568,0.531,0.724,0.699,0.736,0.706,0.506,0.477,0.484
117,2,0,17.1,0.9,0.75,0.67,0.298,0.337,0.288,0.318,0.293,0.275,0.461,0.502,0.482,0.464,0.396,0.402,0.414,0.381,0.416,0.411,0.386,0.498,0.525,0.522,0.488,0.416,0.344,0.368
118,3,0,15.3,0.5,0.37,0.56,0.341,0.309,0.298,0.3,0.336,0.292,0.531,0.49,0.509,0.517,0.393,0.416,0.381,0.429,0.388,0.441,0.441,0.522,0.558,0.543,0.541,0.371,0.386,0.346
119,4,0,14.5,2.0,0.4,0.68,0.405,0.406,0.402,0.384,0.346,0.361,0.584,0.604,0.578,0.607,0.507,0.475,0.477,0.494,0.485,0.523,0.473,0.631,0.634,0.623,0.605,0.416,0.405,0.413
120,5,0,13.3,1.2,0.18,0.73,0.346,0.342,0.35,0.359,0.353,0.304,0.49,0.497,0.515,0.48,0.414,0.406,0.43,0.425,0.424,0.397,0.429,0.533,0.523,0.553,0.533,0.385,0.375,0.412
121,6,1,15.0,0.3,0.46,0.78,0.363,0.299,0.366,0.379,0.359,0.342,0.513,0.504,0.535,0.552,0.436,0.419,0.467,0.47,0.426,0.455,0.418,0.576,0.602,0.598,0.545,0.434,0.403,0.402
122,7,1,14.7,2.1,0.54,0.59,0.48,0.498,0.464,0.447,0.464,0.472,0.697,0.711,0.67,0.693,0.603,0.576,0.578,0.59,0.581,0.551,0.573,0.742,0.775,0.726,0.786,0.491,0.548,0.55
123,1,0,15.6,0.3,0.3,0.67,0.436,0.433,0.408,0.457,0.441,0.412,0.635,0.623,0.63,0.629,0.51,0.531,0.549,0.521,0.55,0.53,0.496,0.701,0.698,0.684,0.66,0.49,0.433,0.468
124,2,0,17.6,0.4,0.59,0.63,0.399,0.351,0.366,0.367,0.377,0.378,0.591,0.514,0.551,0.572,0.444,0.482,0.445,0.48,0.463,0.468,0.459,0.585,0.613,0.635,0.606,0.375,0.432,0.449
125,3,0,16.1,1.1,0.41,0.82,0.338,0.393,0.396,0.368,0.385,0.373,0.535,0.548,0.559,0.529,0.439,0.468,0.456,0.466,0.426,0.425,0.452,0.573,0.584,0.62,0.559,0.379,0.384,0.385
126,4,0,16.2,0.1,0.18,0.68,0.443,0.484,0.473,0.454,0.463,0.428,0.676,0.715,0.662,0.688,0.59,0.576,0.584,0.566,0.567,0.567,0.568,0.745,0.753,0.76,0.746,0.519,0.519,0.512
127,5,0,17.5,0.2,0.73,0.73,0.442,0.429,0.439,0.433,0.44,0.464,0.643,0.633,0.648,0.676,0.56,0.573,0.576,0.531,0.555,0.537,0.544,0.674,0.763,0.707,0.73,0.484,0.513,0.477
128,6,1,17.2,0.1,0.01,0.47,0.459,0.42,0.44,0.411,0.444,0.453,0.667,0.609,0.632,0.646,0.539,0.551,0.542,0.563,0.524,0.527,0.535,0.682,0.693,0.671,0.694,0.49,0.472,0.499
129,7,1,20.4,0.2,0.68,0.65,0.277,0.339,0.291,0.283,0.324,0.265,0.423,0.465,0.454,0.456,0.382,0.363,0.378,0.386,0.375,0.365,0.39,0.503,0.496,0.511,0.504,0.37,0.327,0.344
130,1,0,19.8,2.6,0.22,0.61,0.437,0.432,0.448,0.432,0.411,0.403,0.626,0.663,0.609,0.637,0.543,0.53,0.519,0.516,0.528,0.536,0.496,0.691,0.66,0.666,0.677,0.473,0.485,0.476
131,2,0,14.0,1.0,0.64,0.71,0.357,0.35,0.345,0.358,0.366,0.343,0.551,0.52,0.516,0.527,0.456,0.441,0.466,0.446,0.465,0.474,0.451,0.538,0.585,0.596,0.583,0.39,0.387,0.41
132,3,0,19.5,1.6,0.1,0.63,0.41,0.448,0.404,0.433,0.46,0.45,0.641,0.685,0.669,0.658,0.525,0.562,0.552,0.574,0.532,0.547,0.577,0.691,0.725,0.739,0.705,0.471,0.501,0.507
133,4,0,17.3,0.0,0.45,0.94,0.313,0.313,0.294,0.322,0.288,0.271,0.464,0.436,0.456,0.466,0.401,0.391,0.374,0.422,0.373,0.382,0.368,0.493,0.522,0.503,0.541,0.366,0.325,0.325
134,5,0,13.0,0.3,0.48,0.86,0.366,0.41,0.379,0.401,0.356,0.389,0.577,0.593,0.611,0.564,0.458,0.485,0.494,0.488,0.468,0.468,0.463,0.616,0.624,0.645,0.643,0.42,0.448,0.448
135,6,1,18.8,0.2,0.75,0.8,0.276,0.276,0.279,0.278,0.244,0.306,0.404,0.5,0.423,0.43,0.37,0.368,0.346,0.357,0.303,0.349,0.365,0.495,0.48,0.473,0.48,0.367,0.304,0.328
136,7,1,17.5,1.1,0.54,0.59,0.346,0.369,0.396,0.35,0.375,0.359,0.586,0.572,0.582,0.559,0.461,0.475,0.476,0.466,0.486,0.483,0.484,0.606,0.625,0.612,0.6,0.411,0.416,0.455
137,1,0,17.8,8.8,0.84,0.72,0.283,0.357,0.309,0.338,0.321,0.309,0.446,0.463,0.49,0.445,0.389,0.396,0.348,0.402,0.397,0.409,0.384,0.509,0.495,0.525,0.496,0.352,0.373,0.36
138,2,0,18.5,0.2,0.22,0.73,0.483,0.466,0.501,0.482,0.439,0.48,0.676,0.691,0.715,0.649,0.598,0.56,0.582,0.577,0.597,0.568,0.583,0.752,0.782,0.746,0.761,0.539,0.526,0.511
139,3,0,16.5,0.1,0.51,0.65,0.388,0.327,0.377,0.365,0.34,0.319,0.475,0.491,0.504,0.478,0.406,0.432,0.429,0.472,0.421,0.43,0.439,0.574,0.558,0.531,0.545,0.407,0.365,0.379
140,4,0,13.7,0.6,0.59,0.73,0.385,0.381,0.352,0.38,0.331,0.35,0.532,0.522,0.533,0.548,0.43,0.457,0.466,0.455,0.449,0.411,0.447,0.574,0.549,0.521,0.59,0.379,0.391,0.43
141,5,0,16.7,0.7,0.78,0.71,0.443,0.456,0.443,0.429,0.434,0.451,0.611,0.683,0.685,0.654,0.57,0.558,0.564,0.566,0.552,0.535,0.583,0.727,0.739,0.732,0.701,0.481,0.544,0.501
142,6,1,18.5,1.3,0.29,0.68,0.333,0.393,0.345,0.343,0.359,0.337,0.524,0.522,0.504,0.53,0.401,0.426,0.444,0.388,0.427,0.414,0.427,0.544,0.552,0.57,0.569,0.399,0.382,0.414
143,7,1,16.7,2.9,0.18,0.73,0.285,0.243,0.277,0.272,0.31,0.218,0.412,0.359,0.388,0.405,0.318,0.319,0.316,0.332,0.338,0.337,0.306,0.434,0.415,0.407,0.424,0.324,0.296,0.29
144,1,0,18.9,1.1,0.49,0.68,0.449,0.43,0.451,0.445,0.446,0.436,0.663,0.684,0.709,0.666,0.598,0.588,0.601,0.588,0.591,0.564,0.594,0.759,0.755,0.737,0.75,0.524,0.567,0.517
145,2,0,17.1,1.5,0.73,0.77,0.291,0.315,0.292,0.305,0.31,0.286,0.448,0.449,0.389,0.422,0.363,0.323,0.347,0.343,0.355,0.329,0.36,0.413,0.375,0.438,0.45,0.314,0.291,0.318
146,3,0,19.4,1.8,0.6,0.83,0.444,0.431,0.427,0.422,0.434,0.417,0.643,0.674,0.661,0.667,0.532,0.517,0.538,0.545,0.524,0.578,0.555,0.7,0.726,0.693,0.692,0.494,0.503,0.476
147,4,0,15.8,1.1,0.22,0.61,0.383,0.37,0.375,0.346,0.379,0.38,0.567,0.523,0.543,0.563,0.444,0.487,0.473,0.42,0.471,0.471,0.462,0.602,0.609,0.624,0.593,0.38,0.375,0.389
148,5,0,18.4,0.3,0.18,0.67,0.362,0.332,0.377,0.352,0.342,0.338,0.518,0.558,0.544,0.56,0.42,0.402,0.446,0.435,0.458,0.41,0.439,0.558,0.602,0.589,0.583,0.373,0.399,0.425
149,6,1,16.4,0.8,0.68,0.71,0.247,0.258,0.235,0.24,0.286,0.282,0.395,0.408,0.349,0.397,0.335,0.283,0.324,0.332,0.339,0.298,0.358,0.4,0.441,0.416,0.429,0.273,0.279,0.32
150,7,1,19.3,0.8,0.32,0.72,0.404,0.416,0.421,0.424,0.445,0.448,0.625,0.677,0.645,0.671,0.543,0.536,0.534,0.551,0.566,0.568,0.586,0.696,0.712,0.687,0.734,0.505,0.528,0.469
151,1,0,17.5,0.7,0.51,0.71,0.346,0.326,0.342,0.348,0.312,0.325,0.499,0.456,0.507,0.499,0.392,0.39,0.43,0.45,0.433,0.419,0.393,0.553,0.541,0.551,0.502,0.376,0.359,0.387
152,2,0,21.2,0.7,0.68,0.74,0.292,0.288,0.279,0.304,0.278,0.269,0.433,0.434,0.381,0.412,0.349,0.335,0.357,0.375,0.32,0.313,0.348,0.471,0.464,0.475,0.466,0.331,0.262,0.295
153,3,0,17.6,0.2,0.44,0.92,0.237,0.267,0.256,0.211,0.211,0.254,0.366,0.38,0.404,0.405,0.363,0.344,0.309,0.333,0.33,0.327,0.355,0.432,0.416,0.407,0.439,0.272,0.284,0.248
154,4,0,17.9,0.7,0.72,0.42,0.33,0.352,0.322,0.337,0.308,0.336,0.495,0.507,0.494,0.507,0.385,0.376,0.398,0.402,0.412,0.393,0.407,0.557,0.513,0.537,0.526,0.372,0.387,0.372
155,5,0,13.1,0.4,0.18,0.8,0.276,0.231,0.283,0.219,0.266,0.245,0.361,0.384,0.385,0.389,0.301,0.313,0.314,0.318,0.313,0.275,0.299,0.357,0.424,0.411,0.404,0.263,0.271,0.234
156,6,1,20.0,1.1,0.49,0.72,0.369,0.368,0.375,0.406,0.392,0.36,0.564,0.551,0.557,0.574,0.493,0.478,0.497,0.484,0.47,0.475,0.48,0.609,0.625,0.637,0.574,0.427,0.42,0.431
157,7,1,19.8,1.3,0.64,0.55,0.426,0.384,0.404,0.425,0.419,0.381,0.564,0.622,0.553,0.617,0.469,0.493,0.525,0.483,0.514,0.478,0.502,0.65,0.616,0.697,0.653,0.421,0.436,0.486
158,1,0,22.2,2.4,0.66,0.78,0.339,0.337,0.322,0.302,0.344,0.324,0.513,0.512,0.512,0.497,0.419,0.436,0.426,0.383,0.421,0.419,0.444,0.529,0.551,0.538,0.515,0.376,0.395,0.389
159,2,0,20.7,0.1,0.57,0.79,0.258,0.272,0.279,0.245,0.238,0.192,0.401,0.412,0.391,0.389,0.372,0.327,0.342,0.35,0.316,0.32,0.295,0.415,0.425,0.479,0.356,0.282,0.295,0.318
160,3,0,17.5,1.2,0.58,0.8,0.221,0.293,0.225,0.228,0.249,0.256,0.374,0.348,0.351,0.338,0.302,0.305,0.29,0.293,0.341,0.317,0.299,0.404,0.428,0.393,0.422,0.291,0.274,0.286
161,4,0,19.0,0.9,0.51,0.78,0.342,0.389,0.423,0.4,0.404,0.362,0.545,0.546,0.574,0.554,0.464,0.502,0.496,0.474,0.474,0.465,0.474,0.62,0.624,0.616,0.615,0.469,0.458,0.416
162,5,0,18.5,1.2,0.36,0.64,0.437,0.464,0.462,0.479,0.467,0.495,0.746,0.734,0.711,0.677,0.579,0.578,0.596,0.58,0.597,0.581,0.599,0.797,0.783,0.755,0.768,0.548,0.547,0.521
163,6,1,17.1,1.7,0.5,0.56,0.211,0.242,0.23,0.255,0.277,0.262,0.374,0.379,0.37,0.367,0.323,0.298,0.323,0.342,0.282,0.315,0.291,0.396,0.374,0.383,0.429,0.272,0.267,0.22
164,7,1,19.4,2.5,0.78,0.69,0.45,0.436,0.477,0.496,0.498,0.46,0.753,0.703,0.686,0.718,0.596,0.596,0.597,0.591,0.622,0.598,0.593,0.803,0.74,0.736,0.756,0.509,0.53,0.539
165,1,0,22.8,3.1,0.57,0.7,0.4,0.424,0.41,0.446,0.391,0.418,0.649,0.636,0.62,0.613,0.527,0.511,0.536,0.513,0.514,0.5,0.512,0.659,0.642,0.668,0.695,0.478,0.457,0.46
166,2,0,19.7,0.7,0.64,0.8,0.415,0.388,0.422,0.401,0.452,0.402,0.622,0.619,0.65,0.632,0.5,0.529,0.525,0.572,0.515,0.516,0.525,0.67,0.707,0.701,0.693,0.452,0.439,0.458
167,3,0,17.0,1.8,0.06,0.62,0.37,0.411,0.34,0.377,0.37,0.375,0.562,0.613,0.54,0.548,0.459,0.445,0.492,0.426,0.49,0.475,0.484,0.615,0.608,0.623,0.591,0.407,0.445,0.413
168,4,0,24.2,1.1,0.85,0.69,0.285,0.288,0.309,0.254,0.299,0.281,0.424,0.427,0.431,0.418,0.34,0.381,0.357,0.33,0.335,0.357,0.339,0.466,0.494,0.438,0.43,0.254,0.29,0.301
169,5,0,19.1,0.4,0.51,0.66,0.344,0.365,0.298,0.316,0.361,0.357,0.496,0.486,0.496,0.458,0.409,0.429,0.416,0.405,0.437,0.451,0.419,0.554,0.538,0.56,0.551,0.379,0.371,0.372
170,6,1,20.1,0.3,0.45,0.68,0.254,0.236,0.251,0.256,0.238,0.255,0.381,0.422,0.366,0.368,0.315,0.35,0.292,0.333,0.291,0.316,0.29,0.411,0.393,0.44,0.431,0.233,0.277,0.283
171,7,1,20.0,0.1,0.63,0.86,0.372,0.302,0.312,0.333,0.336,0.332,0.524,0.516,0.5,0.499,0.399,0.426,0.439,0.41,0.437,0.465,0.441,0.553,0.538,0.536,0.567,0.407,0.382,0.399
172,1,0,19.2,0.0,0.7,0.68,0.255,0.233,0.269,0.259,0.264,0.245,0.399,0.406,0.41,0.406,0.311,0.278,0.319,0.366,0.303,0.308,0.306,0.404,0.448,0.421,0.434,0.311,0.325,0.306
173,2,0,15.8,0.6,0.8,0.67,0.375,0.34,0.399,0.381,0.395,0.387,0.578,0.538,0.593,0.571,0.477,0.462,0.459,0.463,0.475,0.47,0.458,0.626,0.645,0.617,0.634,0.394,0.399,0.43
174,3,0,17.4,0.9,0.4,0.64,0.264,0.25,0.242,0.233,0.23,0.273,0.365,0.424,0.346,0.367,0.341,0.279,0.296,0.34,0.331,0.345,0.306,0.447,0.427,0.419,0.41,0.278,0.31,0.297
175,4,0,17.2,0.8,0.39,0.87,0.452,0.468,0.425,0.419,0.446,0.459,0.657,0.701,0.737,0.658,0.55,0.543,0.557,0.538,0.571,0.574,0.545,0.756,0.753,0.728,0.747,0.494,0.473,0.5
176,5,0,19.9,0.0,0.31,0.65,0.487,0.453,0.463,0.456,0.419,0.415,0.637,0.718,0.657,0.662,0.598,0.569,0.578,0.589,0.543,0.565,0.582,0.732,0.732,0.767,0.701,0.522,0.504,0.515
177,6,1,23.8,0.7,0.12,0.75,0.453,0.468,0.498,0.511,0.473,0.486,0.711,0.708,0.683,0.726,0.573,0.562,0.54,0.595,0.576,0.572,0.589,0.722,0.723,0.77,0.796,0.542,0.506,0.531
178,7,1,18.7,1.6,0.19,0.66,0.345,0.344,0.351,0.33,0.331,0.325,0.53,0.511,0.495,0.507,0.429,0.418,0.407,0.419,0.41,0.402,0.434,0.546,0.554,0.537,0.553,0.362,0.349,0.4
179,1,0,20.3,0.9,0.12,0.59,0.29,0.308,0.292,0.294,0.269,0.274,0.408,0.409,0.438,0.431,0.279,0.329,0.354,0.363,0.359,0.39,0.382,0.447,0.439,0.47,0.486,0.316,0.316,0.327
180,2,0,20.6,0.2,0.24,0.67,0.353,0.311,0.319,0.354,0.34,0.339,0.499,0.492,0.486,0.525,0.445,0.453,0.435,0.444,0.449,0.479,0.425,0.526,0.545,0.569,0.566,0.391,0.359,0.349
181,3,0,16.9,1.5,0.14,0.64,0.482,0.451,0.441,0.448,0.477,0.483,0.689,0.674,0.711,0.656,0.586,0.633,0.596,0.556,0.577,0.608,0.582,0.73,0.744,0.749,0.717,0.55,0.522,0.543
182,4,0,20.9,3.2,0.65,0.65,0.438,0.447,0.443,0.472,0.513,0.482,0.728,0.69,0.708,0.669,0.618,0.602,0.587,0.614,0.591,0.586,0.578,0.752,0.791,0.753,0.762,0.511,0.525,0.515
183,5,0,22.0,0.8,0.6,0.6,0.317,0.318,0.336,0.262,0.3,0.35,0.452,0.493,0.446,0.47,0.42,0.363,0.396,0.356,0.377,0.423,0.401,0.505,0.517,0.489,0.487,0.347,0.361,0.347
184,6,1,21.8,2.0,0.45,0.91,0.475,0.432,0.454,0.444,0.439,0.445,0.642,0.666,0.661,0.655,0.562,0.568,0.52,0.548,0.578,0.547,0.57,0.726,0.744,0.734,0.692,0.498,0.512,0.531
185,7,1,23.4,1.8,0.43,0.85,0.369,0.323,0.316,0.334,0.341,0.314,0.466,0.51,0.508,0.517,0.458,0.444,0.455,0.425,0.44,0.39,0.41,0.549,0.55,0.571,0.561,0.38,0.373,0.358
186,1,0,19.8,0.5,0.38,0.61,0.278,0.263,0.222,0.262,0.223,0.242,0.335,0.385,0.358,0.337,0.285,0.282,0.309,0.324,0.31,0.321,0.313,0.37,0.383,0.389,0.401,0.237,0.251,0.271
187,2,0,20.5,0.6,0.31,0.65,0.417,0.387,0.396,0.403,0.4,0.404,0.619,0.582,0.586,0.592,0.508,0.501,0.489,0.528,0.457,0.514,0.549,0.645,0.658,0.652,0.692,0.424,0.422,0.477
188,3,0,20.6,0.4,0.31,0.48,0.453,0.448,0.439,0.457,0.473,0.45,0.718,0.693,0.692,0.681,0.587,0.596,0.556,0.607,0.596,0.562,0.6,0.752,0.76,0.752,0.767,0.535,0.511,0.537
189,4,0,22.4,0.1,0.8,0.63,0.47,0.468,0.491,0.433,0.481,0.45,0.704,0.702,0.694,0.734,0.605,0.631,0.619,0.605,0.629,0.581,0.604,0.713,0.757,0.753,0.755,0.55,0.561,0.546
190,5,0,20.2,1.3,0.43,0.71,0.477,0.493,0.454,0.47,0.479,0.46,0.692,0.689,0.707,0.705,0.619,0.596,0.591,0.555,0.593,0.553,0.597,0.785,0.734,0.762,0.791,0.526,0.494,0.512
191,6,1,21.3,0.5,0.15,0.85,0.264,0.259,0.284,0.228,0.242,0.25,0.395,0.421,0.414,0.398,0.353,0.362,0.334,0.323,0.323,0.328,0.312,0.42,0.441,0.39,0.455,0.298,0.278,0.285
192,7,1,21.5,1.6,0.32,0.63,0.229,0.236,0.231,0.263,0.265,0.218,0.364,0.39,0.351,0.349,0.302,0.323,0.282,0.287,0.284,0.296,0.256,0.417,0.395,0.386,0.407,0.248,0.311,0.284
193,1,0,20.8,0.3,0.43,0.87,0.381,0.381,0.367,0.401,0.369,0.383,0.555,0.573,0.559,0.535,0.465,0.486,0.487,0.437,0.457,0.474,0.469,0.595,0.627,0.64,0.632,0.424,0.419,0.473
194,2,0,20.7,0.3,0.25,0.76,0.366,0.385,0.37,0.348,0.373,0.381,0.555,0.572,0.558,0.535,0.488,0.448,0.465,0.438,0.391,0.417,0.491,0.579,0.588,0.578,0.595,0.404,0.417,0.422
195,3,0,19.7,0.1,0.6,0.77,0.416,0.431,0.45,0.408,0.407,0.409,0.631,0.628,0.611,0.623,0.516,0.53,0.546,0.525,0.526,0.519,0.48,0.675,0.712,0.66,0.664,0.475,0.444,0.483
196,4,0,17.3,0.1,0.46,0.67,0.41,0.435,0.38,0.381,0.406,0.408,0.637,0.594,0.636,0.589,0.495,0.521,0.493,0.482,0.472,0.468,0.519,0.671,0.666,0.673,0.653,0.485,0.464,0.459
197,5,0,21.9,1.5,0.49,0.55,0.449,0.474,0.444,0.436,0.454,0.413,0.703,0.703,0.695,0.665,0.585,0.606,0.58,0.564,0.544,0.569,0.599,0.739,0.702,0.726,0.75,0.528,0.502,0.533
198,6,1,16.5,1.3,0.02,0.61,0.332,0.306,0.333,0.352,0.298,0.311,0.477,0.474,0.493,0.514,0.394,0.431,0.43,0.416,0.413,0.42,0.388,0.512,0.52,0.539,0.536,0.361,0.381,0.383
199,7,1,21.7,0.1,0.71,0.68,0.263,0.264,0.258,0.223,0.323,0.251,0.395,0.39,0.39,0.408,0.353,0.316,0.345,0.321,0.344,0.333,0.334,0.428,0.427,0.41,0.462,0.275,0.288,0.311
200,1,0,15.7,0.6,0.43,0.6,0.413,0.407,0.393,0.429,0.426,0.39,0.605,0.621,0.617,0.629,0.535,0.518,0.502,0.494,0.478,0.507,0.472,0.638,0.666,0.666,0.681,0.474,0.444,0.473
201,2,0,16.8,1.0,0.62,0.75,0.252,0.262,0.281,0.283,0.267,0.286,0.395,0.394,0.446,0.413,0.358,0.32,0.325,0.348,0.323,0.4,0.375,0.462,0.453,0.444,0.477,0.308,0.314,0.309
202,3,0,22.8,0.1,0.28,0.69,0.417,0.408,0.419,0.419,0.357,0.397,0.587,0.571,0.586,0.601,0.473,0.487,0.493,0.506,0.48,0.483,0.478,0.625,0.63,0.613,0.667,0.461,0.432,0.434
203,4,0,19.6,0.8,0.67,0.69,0.356,0.389,0.433,0.403,0.404,0.417,0.599,0.553,0.595,0.586,0.504,0.486,0.485,0.482,0.491,0.52,0.496,0.614,0.645,0.643,0.664,0.441,0.428,0.408
204,5,0,15.1,0.7,0.73,0.69,0.496,0.479,0.51,0.5,0.501,0.472,0.706,0.728,0.727,0.731,0.582,0.609,0.59,0.588,0.59,0.61,0.555,0.755,0.793,0.761,0.78,0.518,0.519,0.544
205,6,1,18.0,2.2,0.68,0.64,0.433,0.459,0.467,0.491,0.438,0.431,0.707,0.673,0.68,0.699,0.582,0.585,0.557,0.553,0.57,0.57,0.584,0.782,0.761,0.735,0.774,0.548,0.5,0.547
206,7,1,18.5,1.7,0.47,0.69,0.395,0.369,0.35,0.367,0.368,0.363,0.54,0.553,0.555,0.514,0.464,0.464,0.468,0.448,0.461,0.489,0.432,0.607,0.578,0.611,0.604,0.398,0.406,0.389
207,1,0,16.3,2.2,0.75,0.55,0.276,0.317,0.298,0.349,0.326,0.33,0.493,0.456,0.457,0.483,0.348,0.377,0.386,0.394,0.374,0.418,0.404,0.502,0.473,0.519,0.494,0.325,0.337,0.322
208,2,0,17.8,0.3,0.62,0.7,0.245,0.234,0.255,0.262,0.239,0.242,0.365,0.389,0.351,0.388,0.288,0.344,0.299,0.308,0.331,0.326,0.313,0.4,0.397,0.435,0.373,0.27,0.258,0.251
209,3,0,19.1,0.5,0.4,0.68,0.282,0.309,0.306,0.299,0.298,0.293,0.451,0.448,0.397,0.473,0.378,0.37,0.381,0.36,0.347,0.366,0.372,0.486,0.455,0.466,0.478,0.334,0.348,0.312
210,4,0,19.6,2.8,0.26,0.7,0.391,0.391,0.389,0.378,0.397,0.418,0.591,0.604,0.579,0.6,0.505,0.48,0.489,0.448,0.481,0.505,0.457,0.655,0.637,0.609,0.624,0.457,0.49,0.432
211,5,0,17.5,2.2,0.27,0.8,0.249,0.261,0.289,0.237,0.241,0.285,0.411,0.362,0.369,0.373,0.338,0.282,0.345,0.334,0.355,0.325,0.296,0.389,0.432,0.408,0.442,0.32,0.311,0.298
212,6,1,16.0,0.1,0.51,0.76,0.477,0.5,0.495,0.467,0.424,0.508,0.753,0.714,0.739,0.725,0.624,0.622,0.599,0.62,0.632,0.609,0.607,0.775,0.769,0.765,0.767,0.53,0.564,0.557
213,7,1,20.3,0.0,0.54,0.73,0.416,0.399,0.404,0.415,0.419,0.426,0.625,0.584,0.63,0.605,0.54,0.479,0.476,0.506,0.532,0.53,0.541,0.702,0.678,0.68,0.716,0.519,0.46,0.462
214,1,0,18.3,1.5,0.35,0.56,0.259,0.255,0.302,0.272,0.296,0.274,0.406,0.391,0.393,0.412,0.321,0.316,0.321,0.344,0.359,0.318,0.343,0.447,0.439,0.398,0.418,0.324,0.333,0.293
215,2,0,21.3,3.6,0.58,0.71,0.37,0.4,0.404,0.384,0.386,0.386,0.567,0.574,0.586,0.595,0.472,0.493,0.503,0.473,0.523,0.474,0.513,0.653,0.626,0.663,0.644,0.427,0.431,0.436
216,3,0,19.4,0.1,0.58,0.76,0.358,0.391,0.402,0.4,0.398,0.398,0.618,0.585,0.628,0.619,0.512,0.479,0.487,0.443,0.495,0.512,0.518,0.626,0.647,0.652,0.649,0.448,0.451,0.457
217,4,0,16.8,0.7,0.74,0.65,0.425,0.421,0.418,0.492,0.477,0.464,0.665,0.655,0.623,0.665,0.532,0.556,0.539,0.545,0.525,0.545,0.57,0.73,0.702,0.73,0.702,0.493,0.545,0.499
218,5,0,20.2,1.8,0.5,0.6,0.276,0.281,0.266,0.302,0.3,0.27,0.419,0.444,0.448,0.445,0.373,0.378,0.403,0.335,0.356,0.355,0.358,0.469,0.46,0.483,0.465,0.34,0.319,0.333
219,6,1,17.0,1.4,0.52,0.68,0.419,0.382,0.39,0.369,0.372,0.389,0.616,0.594,0.604,0.591,0.493,0.451,0.504,0.47,0.499,0.476,0.485,0.643,0.646,0.636,0.615,0.39,0.45,0.436
220,7,1,20.4,0.8,0.73,0.67,0.281,0.285,0.299,0.265,0.314,0.272,0.454,0.404,0.389,0.388,0.338,0.391,0.301,0.367,0.367,0.35,0.366,0.45,0.484,0.43,0.446,0.318,0.294,0.316
221,1,0,18.0,0.4,0.13,0.8,0.484,0.437,0.465,0.423,0.422,0.466,0.653,0.69,0.689,0.736,0.565,0.558,0.571,0.581,0.57,0.587,0.593,0.755,0.745,0.741,0.745,0.54,0.541,0.521
222,2,0,20.5,2.3,0.41,0.92,0.313,0.385,0.383,0.342,0.338,0.338,0.509,0.51,0.546,0.582,0.445,0.444,0.423,0.466,0.476,0.454,0.445,0.61,0.573,0.6,0.563,0.422,0.411,0.434
223,3,0,18.2,0.4,0.43,0.55,0.256,0.275,0.23,0.278,0.278,0.257,0.403,0.417,0.386,0.419,0.342,0.317,0.362,0.351,0.325,0.307,0.4,0.403,0.444,0.426,0.448,0.315,0.292,0.304
224,4,0,21.8,0.1,0.64,0.59,0.265,0.284,0.29,0.27,0.331,0.299,0.417,0.472,0.434,0.432,0.374,0.368,0.356,0.387,0.386,0.365,0.336,0.489,0.471,0.502,0.493,0.332,0.368,0.322
225,5,0,20.2,0.6,0.72,0.8,0.43,0.431,0.386,0.386,0.426,0.408,0.612,0.615,0.646,0.62,0.54,0.498,0.534,0.545,0.551,0.541,0.523,0.702,0.683,0.707,0.678,0.478,0.465,0.4
226,6,1,19.0,1.7,0.38,0.61,0.352,0.349,0.321,0.335,0.326,0.347,0.514,0.486,0.458,0.456,0.399,0.444,0.453,0.445,0.371,0.367,0.402,0.541,0.575,0.504,0.528,0.371,0.347,0.369
227,7,1,16.2,0.9,0.31,0.68,0.392,0.417,0.433,0.394,0.42,0.403,0.628,0.538,0.599,0.607,0.496,0.503,0.489,0.497,0.477,0.5,0.511,0.654,0.662,0.656,0.648,0.448,0.474,0.432
228,1,0,19.7,1.3,0.47,0.65,0.381,0.41,0.372,0.384,0.364,0.386,0.574,0.563,0.561,0.573,0.466,0.495,0.482,0.471,0.45,0.515,0.458,0.596,0.625,0.597,0.59,0.422,0.414,0.41
229,2,0,17.6,0.4,0.66,0.84,0.492,0.462,0.466,0.486,0.477,0.476,0.676,0.666,0.75,0.663,0.602,0.553,0.559,0.633,0.59,0.604,0.596,0.748,0.776,0.755,0.752,0.522,0.499,0.524
230,3,0,15.3,0.1,0.73,0.72,0.454,0.459,0.477,0.381,0.426,0.438,0.664,0.665,0.681,0.689,0.548,0.536,0.545,0.542,0.554,0.512,0.505,0.727,0.696,0.712,0.732,0.486,0.515,0.526
231,4,0,14.1,2.9,0.33,0.73,0.276,0.251,0.228,0.248,0.255,0.246,0.413,0.38,0.414,0.35,0.34,0.335,0.323,0.332,0.307,0.363,0.324,0.392,0.484,0.445,0.44,0.281,0.281,0.325
232,5,0,14.7,0.4,0.65,0.5,0.28,0.309,0.298,0.362,0.318,0.339,0.459,0.477,0.48,0.466,0.41,0.37,0.388,0.408,0.359,0.381,0.403,0.53,0.512,0.498,0.464,0.356,0.364,0.328
233,6,1,12.1,1.6,0.69,0.75,0.353,0.317,0.341,0.331,0.353,0.361,0.486,0.503,0.515,0.504,0.41,0.416,0.42,0.431,0.396,0.43,0.408,0.533,0.541,0.563,0.537,0.328,0.333,0.366
234,7,1,17.6,2.0,0.77,0.58,0.336,0.337,0.387,0.323,0.339,0.353,0.507,0.494,0.464,0.501,0.417,0.403,0.425,0.425,0.424,0.429,0.423,0.549,0.519,0.559,0.572,0.359,0.375,0.349
235,1,0,13.2,0.9,0.39,0.44,0.493,0.486,0.485,0.506,0.456,0.508,0.737,0.715,0.697,0.707,0.533,0.592,0.582,0.622,0.607,0.592,0.607,0.801,0.768,0.801,0.765,0.538,0.532,0.562
236,2,0,19.5,3.3,0.49,0.6,0.266,0.264,0.26,0.292,0.29,0.28,0.426,0.439,0.421,0.429,0.322,0.352,0.312,0.323,0.312,0.326,0.339,0.443,0.472,0.449,0.449,0.276,0.321,0.316
237,3,0,16.4,0.1,0.78,0.84,0.432,0.441,0.412,0.397,0.435,0.399,0.63,0.658,0.627,0.651,0.497,0.509,0.476,0.512,0.513,0.536,0.516,0.707,0.69,0.695,0.674,0.495,0.472,0.477
238,4,0,17.0,0.0,0.49,0.76,0.353,0.329,0.316,0.334,0.322,0.332,0.5,0.528,0.498,0.508,0.393,0.386,0.419,0.457,0.416,0.437,0.456,0.569,0.538,0.522,0.542,0.372,0.353,0.354
239,5,0,16.6,1.3,0.22,0.73,0.31,0.251,0.27,0.274,0.285,0.264,0.424,0.434,0.401,0.384,0.314,0.348,0.357,0.401,0.369,0.401,0.365,0.462,0.473,0.448,0.476,0.295,0.322,0.325
240,6,1,18.9,0.5,0.24,0.68,0.397,0.402,0.407,0.382,0.394,0.417,0.564,0.612,0.584,0.589,0.474,0.472,0.483,0.509,0.491,0.472,0.472,0.626,0.706,0.644,0.626,0.441,0.431,0.435
241,7,1,12.1,0.2,0.36,0.71,0.33,0.292,0.308,0.283,0.328,0.284,0.439,0.44,0.477,0.435,0.388,0.37,0.37,0.378,0.399,0.383,0.369,0.493,0.443,0.493,0.514,0.326,0.325,0.333
242,1,0,17.1,2.4,0.21,0.75,0.276,0.276,0.3,0.272,0.253,0.264,0.438,0.404,0.405,0.431,0.361,0.348,0.343,0.353,0.341,0.347,0.353,0.413,0.437,0.488,0.479,0.328,0.287,0.294
243,2,0,15.3,4.0,0.67,0.77,0.41,0.378,0.401,0.419,0.438,0.392,0.588,0.629,0.598,0.635,0.507,0.506,0.547,0.52,0.495,0.497,0.502,0.711,0.677,0.683,0.661,0.488,0.438,0.477
244,3,0,17.0,2.1,0.61,0.79,0.277,0.251,0.262,0.238,0.265,0.277,0.355,0.42,0.396,0.415,0.314,0.351,0.332,0.341,0.33,0.295,0.341,0.44,0.435,0.42,0.43,0.318,0.298,0.304
245,4,0,15.0,0.7,0.09,0.49,0.299,0.304,0.266,0.28,0.266,0.31,0.443,0.423,0.423,0.457,0.363,0.367,0.361,0.363,0.379,0.4,0.369,0.474,0.497,0.471,0.517,0.297,0.336,0.39
246,5,0,13.4,1.0,0.75,0.48,0.459,0.446,0.48,0.401,0.466,0.442,0.707,0.679,0.686,0.659,0.565,0.576,0.574,0.583,0.59,0.555,0.559,0.761,0.734,0.733,0.732,0.518,0.558,0.538
247,6,1,17.5,0.1,0.26,0.49,0.277,0.261,0.254,0.283,0.28,0.293,0.439,0.443,0.404,0.447,0.332,0.354,0.376,0.364,0.348,0.349,0.345,0.471,0.462,0.493,0.441,0.317,0.337,0.35
248,7,1,12.2,4.0,0.28,0.69,0.375,0.384,0.373,0.384,0.38,0.395,0.609,0.589,0.622,0.611,0.494,0.51,0.526,0.523,0.476,0.495,0.467,0.603,0.614,0.61,0.6,0.429,0.453,0.465
249,1,0,9.1,1.2,0.77,0.62,0.361,0.358,0.361,0.331,0.371,0.309,0.542,0.501,0.545,0.511,0.407,0.424,0.452,0.429,0.416,0.439,0.428,0.555,0.592,0.526,0.587,0.381,0.412,0.409
250,2,0,13.5,1.1,0.98,0.7,0.319,0.323,0.284,0.341,0.319,0.324,0.501,0.471,0.5,0.491,0.39,0.391,0.408,0.396,0.388,0.387,0.423,0.514,0.546,0.512,0.523,0.368,0.384,0.372
251,3,0,13.3,0.5,0.78,0.53,0.4,0.406,0.375,0.397,0.413,0.409,0.576,0.634,0.612,0.594,0.516,0.517,0.522,0.539,0.496,0.498,0.49,0.669,0.633,0.643,0.651,0.479,0.488,0.451
252,4,0,11.8,0.4,0.11,0.67,0.32,0.331,0.353,0.33,0.365,0.317,0.515,0.501,0.493,0.501,0.442,0.399,0.395,0.412,0.374,0.422,0.455,0.537,0.564,0.549,0.52,0.383,0.363,0.349
253,5,0,10.9,0.6,0.16,0.55,0.345,0.351,0.367,0.338,0.343,0.326,0.475,0.552,0.515,0.499,0.475,0.438,0.463,0.407,0.474,0.44,0.44,0.601,0.559,0.587,0.537,0.372,0.392,0.425
254,6,1,12.9,0.8,0.39,0.85,0.382,0.38,0.388,0.395,0.361,0.367,0.556,0.572,0.561,0.547,0.448,0.463,0.484,0.435,0.48,0.474,0.464,0.627,0.635,0.62,0.613,0.427,0.441,0.466
255,7,1,13.3,3.6,0.78,0.58,0.391,0.382,0.404,0.411,0.39,0.427,0.653,0.646,0.629,0.663,0.53,0.521,0.511,0.502,0.511,0.532,0.545,0.7,0.684,0.669,0.686,0.448,0.509,0.464
256,1,0,14.5,0.6,0.52,0.74,0.507,0.442,0.488,0.485,0.473,0.446,0.746,0.692,0.719,0.711,0.597,0.602,0.575,0.572,0.608,0.591,0.599,0.768,0.764,0.735,0.777,0.522,0.568,0.519
257,2,0,11.7,4.5,0.15,0.7,0.315,0.336,0.324,0.314,0.33,0.323,0.478,0.495,0.464,0.476,0.405,0.391,0.406,0.41,0.414,0.411,0.41,0.524,0.526,0.547,0.535,0.342,0.354,0.358
258,3,0,14.4,1.8,0.69,0.76,0.243,0.221,0.253,0.243,0.23,0.243,0.376,0.372,0.373,0.392,0.306,0.317,0.262,0.297,0.31,0.329,0.314,0.409,0.355,0.427,0.407,0.28,0.271,0.295
259,4,0,10.3,0.1,0.2,0.63,0.382,0.353,0.339,0.384,0.378,0.369,0.571,0.563,0.538,0.572,0.51,0.462,0.476,0.461,0.433,0.469,0.501,0.623,0.621,0.639,0.602,0.421,0.439,0.413
260,5,0,14.1,0.0,0.19,0.88,0.298,0.32,0.355,0.289,0.319,0.349,0.486,0.512,0.501,0.513,0.397,0.416,0.419,0.421,0.417,0.41,0.421,0.522,0.521,0.554,0.537,0.347,0.376,0.364
261,6,1,13.7,0.2,0.57,0.8,0.436,0.434,0.404,0.399,0.425,0.404,0.636,0.655,0.633,0.624,0.542,0.575,0.544,0.5,0.536,0.546,0.53,0.691,0.709,0.697,0.737,0.45,0.482,0.501
262,7,1,10.2,0.5,0.37,0.72,0.284,0.315,0.251,0.217,0.256,0.239,0.378,0.392,0.367,0.404,0.304,0.348,0.31,0.374,0.307,0.314,0.317,0.403,0.418,0.4,0.413,0.256,0.256,0.276
263,1,0,13.1,2.1,0.4,0.74,0.286,0.258,0.253,0.297,0.231,0.218,0.385,0.379,0.389,0.42,0.327,0.333,0.354,0.325,0.341,0.354,0.296,0.39,0.413,0.387,0.419,0.319,0.282,0.31
264,2,0,11.4,1.5,0.68,0.76,0.268,0.27,0.308,0.34,0.301,0.292,0.478,0.481,0.502,0.479,0.377,0.41,0.441,0.356,0.342,0.401,0.404,0.526,0.523,0.506,0.522,0.344,0.35,0.353
265,3,0,10.7,0.2,0.78,0.78,0.321,0.332,0.34,0.358,0.319,0.334,0.518,0.537,0.528,0.504,0.452,0.409,0.421,0.448,0.461,0.434,0.444,0.558,0.552,0.542,0.543,0.383,0.414,0.39
266,4,0,7.9,0.5,0.56,0.67,0.275,0.3,0.299,0.295,0.297,0.281,0.411,0.43,0.438,0.446,0.364,0.383,0.382,0.342,0.364,0.35,0.352,0.45,0.429,0.474,0.462,0.323,0.313,0.345
267,5,0,10.4,2.8,0.66,0.64,0.371,0.366,0.381,0.381,0.403,0.361,0.581,0.567,0.555,0.595,0.492,0.482,0.478,0.46,0.498,0.492,0.474,0.606,0.6,0.641,0.629,0.406,0.428,0.426
268,6,1,11.7,2.6,0.56,0.84,0.435,0.467,0.439,0.453,0.475,0.45,0.651,0.656,0.67,0.629,0.544,0.51,0.591,0.578,0.525,0.544,0.517,0.759,0.726,0.712,0.73,0.509,0.489,0.494
269,7,1,12.8,0.2,0.59,0.9,0.465,0.451,0.445,0.438,0.418,0.408,0.628,0.669,0.647,0.681,0.558,0.513,0.553,0.556,0.539,0.501,0.546,0.694,0.685,0.699,0.704,0.507,0.446,0.501
270,1,0,10.5,0.1,0.55,0.9,0.361,0.354,0.375,0.412,0.379,0.367,0.55,0.578,0.536,0.575,0.46,0.461,0.472,0.476,0.515,0.47,0.497,0.633,0.641,0.625,0.612,0.42,0.439,0.45
271,2,0,8.2,3.2,0.83,0.51,0.286,0.256,0.274,0.278,0.287,0.28,0.401,0.414,0.406,0.401,0.339,0.371,0.314,0.327,0.369,0.363,0.335,0.445,0.454,0.422,0.479,0.318,0.296,0.285
272,3,0,10.1,0.2,0.18,0.64,0.352,0.387,0.375,0.404,0.374,0.369,0.553,0.577,0.577,0.488,0.439,0.445,0.507,0.468,0.441,0.455,0.499,0.624,0.641,0.604,0.631,0.453,0.404,0.408
273,4,0,9.3,0.4,0.45,0.88,0.467,0.482,0.434,0.476,0.444,0.432,0.637,0.665,0.666,0.631,0.57,0.581,0.54,0.56,0.591,0.573,0.574,0.742,0.731,0.732,0.735,0.562,0.502,0.51
274,5,0,8.1,0.0,0.21,0.64,0.464,0.438,0.468,0.458,0.438,0.479,0.697,0.638,0.692,0.688,0.568,0.586,0.582,0.556,0.58,0.584,0.526,0.744,0.73,0.749,0.764,0.506,0.53,0.548
275,6,1,11.7,1.9,0.36,0.58,0.286,0.311,0.254,0.28,0.259,0.302,0.395,0.439,0.396,0.42,0.347,0.359,0.383,0.317,0.342,0.337,0.374,0.458,0.428,0.468,0.433,0.309,0.281,0.275
276,7,1,8.2,0.3,0.71,0.8,0.317,0.326,0.287,0.309,0.285,0.297,0.455,0.459,0.443,0.47,0.357,0.369,0.365,0.412,0.391,0.369,0.367,0.478,0.469,0.504,0.495,0.338,0.352,0.33
277,1,0,9.9,0.1,0.75,0.64,0.332,0.316,0.291,0.288,0.282,0.294,0.467,0.483,0.487,0.447,0.348,0.404,0.345,0.368,0.34,0.356,0.373,0.497,0.46,0.471,0.488,0.289,0.323,0.321
278,2,0,10.2,1.6,0.82,0.79,0.215,0.24,0.219,0.252,0.263,0.255,0.38,0.376,0.369,0.407,0.344,0.286,0.306,0.306,0.321,0.304,0.315,0.407,0.41,0.418,0.431,0.303,0.263,0.276
279,3,0,11.9,1.4,0.6,0.6,0.486,0.442,0.417,0.433,0.418,0.391,0.638,0.652,0.606,0.59,0.557,0.503,0.559,0.549,0.55,0.521,0.512,0.618,0.674,0.685,0.659,0.473,0.489,0.456
280,4,0,10.4,0.1,0.11,0.78,0.309,0.307,0.275,0.314,0.294,0.31,0.456,0.465,0.481,0.455,0.36,0.431,0.355,0.363,0.375,0.361,0.372,0.49,0.421,0.483,0.47,0.328,0.31,0.295
281,5,0,5.6,2.0,0.44,0.6,0.324,0.296,0.309,0.341,0.345,0.327,0.482,0.495,0.479,0.446,0.382,0.415,0.443,0.42,0.459,0.382,0.407,0.562,0.53,0.537,0.517,0.405,0.362,0.349
282,6,1,8.9,1.3,0.42,0.59,0.286,0.325,0.333,0.303,0.343,0.306,0.497,0.455,0.456,0.497,0.404,0.382,0.398,0.395,0.393,0.397,0.414,0.528,0.511,0.496,0.51,0.365,0.349,0.369
283,7,1,7.1,1.5,0.19,0.74,0.307,0.312,0.281,0.299,0.335,0.329,0.487,0.479,0.489,0.436,0.41,0.379,0.404,0.367,0.36,0.415,0.356,0.532,0.486,0.46,0.55,0.348,0.38,0.36
284,1,0,8.6,0.5,0.49,0.64,0.45,0.452,0.431,0.431,0.489,0.476,0.665,0.699,0.66,0.677,0.51,0.585,0.551,0.595,0.558,0.529,0.571,0.713,0.751,0.703,0.734,0.534,0.521,0.559
285,2,0,8.2,3.5,0.86,0.61,0.297,0.283,0.287,0.276,0.293,0.305,0.427,0.476,0.424,0.462,0.419,0.375,0.405,0.378,0.387,0.347,0.372,0.495,0.463,0.518,0.514,0.372,0.331,0.346
286,3,0,8.6,0.6,0.72,0.63,0.411,0.372,0.385,0.391,0.403,0.412,0.572,0.6,0.62,0.612,0.483,0.473,0.501,0.485,0.498,0.478,0.511,0.638,0.649,0.651,0.604,0.458,0.429,0.414
287,4,0,4.8,1.9,0.09,0.65,0.396,0.407,0.398,0.429,0.429,0.406,0.637,0.651,0.617,0.631,0.536,0.536,0.486,0.525,0.495,0.516,0.505,0.659,0.67,0.653,0.661,0.472,0.46,0.477
288,5,0,3.9,0.3,0.49,0.75,0.456,0.428,0.421,0.449,0.434,0.408,0.65,0.664,0.66,0.662,0.574,0.554,0.588,0.55,0.518,0.574,0.596,0.712,0.75,0.705,0.721,0.494,0.457,0.483
289,6,1,7.7,0.3,0.21,0.69,0.285,0.306,0.33,0.333,0.261,0.294,0.492,0.455,0.461,0.433,0.379,0.405,0.373,0.348,0.37,0.388,0.366,0.48,0.519,0.492,0.454,0.384,0.333,0.32
290,7,1,10.6,1.0,0.07,0.65,0.384,0.367,0.379,0.413,0.381,0.411,0.556,0.62,0.583,0.542,0.499,0.471,0.47,0.465,0.49,0.482,0.494,0.627,0.621,0.632,0.68,0.422,0.46,0.479
291,1,0,5.2,0.3,0.36,0.73,0.279,0.291,0.288,0.26,0.267,0.248,0.365,0.393,0.404,0.376,0.348,0.326,0.319,0.321,0.317,0.34,0.337,0.425,0.39,0.455,0.433,0.279,0.307,0.321
292,2,0,7.2,0.4,0.55,0.77,0.447,0.479,0.462,0.418,0.449,0.466,0.66,0.723,0.68,0.703,0.536,0.554,0.613,0.56,0.586,0.565,0.559,0.763,0.736,0.743,0.732,0.526,0.511,0.512
293,3,0,4.7,0.1,0.4,0.71,0.297,0.281,0.292,0.318,0.312,0.345,0.432,0.453,0.405,0.454,0.383,0.347,0.338,0.374,0.406,0.364,0.362,0.475,0.468,0.465,0.464,0.337,0.302,0.333
294,4,0,6.6,0.9,0.35,0.69,0.374,0.344,0.329,0.386,0.409,0.367,0.565,0.574,0.556,0.577,0.482,0.463,0.489,0.488,0.481,0.446,0.479,0.609,0.621,0.629,0.618,0.456,0.469,0.4
295,5,0,5.7,0.5,0.7,0.85,0.387,0.41,0.356,0.355,0.377,0.385,0.575,0.606,0.585,0.589,0.468,0.442,0.509,0.489,0.523,0.475,0.483,0.645,0.624,0.656,0.653,0.434,0.467,0.428
296,6,1,6.3,0.5,0.87,0.75,0.279,0.281,0.257,0.3,0.277,0.279,0.405,0.409,0.435,0.422,0.378,0.367,0.337,0.341,0.335,0.342,0.374,0.488,0.489,0.477,0.42,0.321,0.309,0.334
297,7,1,3.9,6.7,0.12,0.71,0.359,0.377,0.381,0.396,0.366,0.377,0.572,0.593,0.575,0.567,0.483,0.466,0.454,0.42,0.476,0.459,0.427,0.613,0.626,0.609,0.63,0.431,0.411,0.403
298,1,0,3.4,0.6,0.71,0.62,0.336,0.348,0.354,0.309,0.365,0.352,0.525,0.486,0.507,0.542,0.422,0.438,0.431,0.426,0.418,0.424,0.44,0.557,0.591,0.575,0.562,0.368,0.414,0.39
299,2,0,5.1,0.2,0.72,0.56,0.286,0.312,0.307,0.304,0.345,0.306,0.458,0.474,0.44,0.471,0.387,0.349,0.398,0.377,0.39,0.401,0.377,0.49,0.483,0.474,0.502,0.347,0.364,0.352
300,3,0,5.5,0.1,0.79,0.7,0.354,0.345,0.405,0.406,0.359,0.392,0.539,0.534,0.511,0.56,0.485,0.454,0.432,0.435,0.447,0.449,0.453,0.604,0.63,0.568,0.602,0.382,0.416,0.426
301,4,0,5.7,2.3,0.49,0.61,0.34,0.357,0.336,0.349,0.344,0.314,0.521,0.532,0.535,0.564,0.419,0.42,0.437,0.469,0.466,0.433,0.421,0.55,0.56,0.552,0.578,0.364,0.416,0.387
302,5,0,4.3,0.0,0.82,0.73,0.285,0.256,0.298,0.279,0.217,0.274,0.375,0.392,0.366,0.393,0.342,0.333,0.346,0.324,0.356,0.357,0.33,0.425,0.432,0.42,0.444,0.297,0.291,0.286
303,6,1,6.3,0.3,0.5,0.68,0.351,0.403,0.389,0.39,0.397,0.365,0.599,0.574,0.597,0.567,0.458,0.509,0.473,0.491,0.498,0.477,0.476,0.644,0.614,0.63,0.61,0.454,0.458,0.441
304,7,1,9.1,0.4,0.58,0.47,0.364,0.341,0.325,0.326,0.34,0.316,0.531,0.487,0.491,0.545,0.437,0.45,0.429,0.428,0.42,0.407,0.406,0.558,0.551,0.519,0.536,0.363,0.37,0.37
305,1,0,6.7,1.1,0.46,0.88,0.381,0.406,0.381,0.385,0.378,0.359,0.563,0.549,0.593,0.572,0.48,0.499,0.473,0.498,0.467,0.467,0.494,0.638,0.639,0.625,0.648,0.421,0.428,0.404
306,2,0,3.8,0.1,0.2,0.72,0.298,0.296,0.303,0.274,0.287,0.307,0.447,0.439,0.404,0.412,0.348,0.363,0.371,0.377,0.371,0.374,0.372,0.465,0.469,0.455,0.486,0.355,0.29,0.299
307,3,0,7.4,1.0,0.55,0.65,0.237,0.251,0.227,0.251,0.254,0.256,0.387,0.385,0.404,0.364,0.32,0.339,0.311,0.34,0.279,0.311,0.299,0.398,0.42,0.414,0.397,0.27,0.276,0.249
308,4,0,1.4,3.3,0.5,0.75,0.427,0.433,0.458,0.477,0.431,0.472,0.673,0.646,0.684,0.72,0.58,0.597,0.547,0.596,0.586,0.61,0.592,0.738,0.751,0.719,0.719,0.513,0.502,0.542
309,5,0,4.7,0.6,0.28,0.65,0.241,0.266,0.24,0.277,0.241,0.246,0.362,0.313,0.395,0.32,0.303,0.319,0.325,0.349,0.301,0.295,0.322,0.37,0.373,0.408,0.413,0.264,0.302,0.269
310,6,1,7.4,0.4,0.75,0.51,0.282,0.323,0.299,0.304,0.295,0.314,0.466,0.456,0.44,0.428,0.365,0.376,0.362,0.383,0.395,0.335,0.351,0.455,0.476,0.46,0.463,0.313,0.322,0.317
311,7,1,3.5,0.1,0.24,0.81,0.434,0.454,0.455,0.473,0.437,0.46,0.634,0.678,0.684,0.637,0.548,0.577,0.563,0.574,0.554,0.535,0.552,0.728,0.741,0.731,0.738,0.553,0.477,0.494
312,1,0,0.5,1.3,0.13,0.73,0.283,0.288,0.278,0.297,0.306,0.309,0.406,0.465,0.457,0.437,0.351,0.387,0.338,0.343,0.391,0.369,0.369,0.466,0.453,0.43,0.45,0.34,0.309,0.305
313,2,0,1.5,0.8,0.79,0.78,0.389,0.402,0.427,0.427,0.404,0.404,0.58,0.605,0.593,0.649,0.505,0.512,0.473,0.541,0.5,0.53,0.521,0.674,0.638,0.668,0.648,0.489,0.443,0.47
314,3,0,2.7,1.0,0.71,0.69,0.393,0.431,0.415,0.432,0.422,0.406,0.641,0.608,0.643,0.622,0.528,0.509,0.529,0.489,0.557,0.506,0.527,0.673,0.676,0.652,0.649,0.48,0.476,0.498
315,4,0,0.8,0.1,0.44,0.64,0.348,0.352,0.361,0.341,0.361,0.365,0.524,0.553,0.539,0.516,0.431,0.456,0.46,0.421,0.469,0.444,0.441,0.563,0.603,0.591,0.588,0.387,0.411,0.39
316,5,0,-0.7,0.2,0.58,0.6,0.372,0.353,0.352,0.357,0.357,0.351,0.546,0.538,0.593,0.581,0.437,0.489,0.458,0.468,0.477,0.463,0.439,0.588,0.594,0.607,0.629,0.401,0.403,0.43
317,6,1,0.4,0.1,0.23,0.77,0.297,0.31,0.308,0.287,0.309,0.322,0.436,0.452,0.478,0.481,0.383,0.398,0.372,0.377,0.373,0.382,0.401,0.53,0.518,0.518,0.533,0.358,0.362,0.37
318,7,1,1.3,0.4,0.87,0.79,0.331,0.321,0.296,0.277,0.283,0.327,0.416,0.441,0.396,0.494,0.343,0.402,0.389,0.353,0.374,0.345,0.379,0.505,0.486,0.478,0.466,0.326,0.341,0.343
319,1,0,4.2,1.2,0.78,0.73,0.346,0.335,0.378,0.323,0.342,0.359,0.528,0.539,0.541,0.532,0.489,0.443,0.466,0.468,0.45,0.467,0.429,0.57,0.604,0.577,0.562,0.419,0.402,0.439
320,2,0,2.9,0.2,0.54,0.8,0.27,0.265,0.341,0.293,0.311,0.327,0.447,0.476,0.444,0.438,0.363,0.393,0.36,0.393,0.344,0.371,0.396,0.488,0.481,0.481,0.505,0.338,0.282,0.319
321,3,0,3.7,1.5,0.62,0.68,0.256,0.295,0.314,0.283,0.291,0.32,0.376,0.428,0.377,0.396,0.303,0.333,0.338,0.344,0.322,0.297,0.347,0.472,0.449,0.465,0.408,0.301,0.29,0.304
322,4,0,2.9,2.3,0.27,0.59,0.329,0.352,0.361,0.357,0.342,0.355,0.517,0.498,0.538,0.503,0.418,0.438,0.412,0.448,0.439,0.427,0.455,0.551,0.592,0.534,0.575,0.372,0.394,0.392
323,5,0,2.6,1.3,0.86,0.59,0.42,0.41,0.416,0.406,0.425,0.431,0.623,0.593,0.619,0.59,0.504,0.515,0.529,0.497,0.506,0.516,0.49,0.655,0.686,0.638,0.673,0.51,0.452,0.47
324,6,1,2.8,0.1,0.56,0.69,0.333,0.355,0.291,0.326,0.371,0.339,0.476,0.501,0.462,0.494,0.401,0.438,0.389,0.396,0.384,0.373,0.412,0.549,0.559,0.54,0.547,0.378,0.369,0.36
325,7,1,2.3,0.2,0.49,0.83,0.437,0.474,0.481,0.422,0.447,0.446,0.715,0.674,0.676,0.703,0.545,0.588,0.604,0.581,0.576,0.6,0.623,0.742,0.755,0.738,0.76,0.526,0.527,0.516
326,1,0,3.4,0.3,0.63,0.71,0.504,0.458,0.505,0.474,0.477,0.47,0.697,0.685,0.708,0.727,0.601,0.616,0.592,0.562,0.6,0.606,0.596,0.746,0.808,0.785,0.803,0.568,0.545,0.545
327,2,0,3.8,0.1,0.82,0.77,0.305,0.31,0.33,0.291,0.34,0.335,0.476,0.506,0.459,0.448,0.382,0.371,0.432,0.421,0.405,0.373,0.408,0.475,0.463,0.48,0.519,0.341,0.328,0.378
328,3,0,4.4,1.0,0.86,0.52,0.394,0.394,0.368,0.382,0.377,0.381,0.555,0.52,0.576,0.597,0.459,0.498,0.46,0.481,0.481,0.46,0.469,0.573,0.575,0.575,0.615,0.426,0.457,0.417
329,4,0,-2.0,0.1,0.44,0.75,0.446,0.422,0.463,0.445,0.444,0.433,0.704,0.713,0.687,0.699,0.565,0.549,0.57,0.583,0.596,0.574,0.566,0.737,0.74,0.714,0.711,0.484,0.507,0.5
330,5,0,-0.7,0.0,0.43,0.81,0.363,0.369,0.361,0.378,0.346,0.347,0.543,0.556,0.531,0.545,0.478,0.466,0.448,0.476,0.48,0.436,0.428,0.622,0.571,0.552,0.614,0.411,0.408,0.44
331,6,1,1.9,0.2,0.34,0.77,0.384,0.381,0.403,0.389,0.437,0.367,0.571,0.58,0.574,0.596,0.508,0.486,0.455,0.508,0.483,0.484,0.474,0.648,0.649,0.643,0.634,0.38,0.477,0.426
332,7,1,5.4,1.3,0.63,0.78,0.422,0.423,0.426,0.401,0.393,0.413,0.582,0.629,0.611,0.631,0.521,0.511,0.54,0.527,0.495,0.514,0.492,0.641,0.632,0.664,0.685,0.489,0.461,0.462
333,1,0,4.5,0.1,0.91,0.72,0.226,0.243,0.24,0.219,0.209,0.241,0.362,0.34,0.387,0.384,0.252,0.335,0.305,0.246,0.31,0.271,0.323,0.375,0.425,0.39,0.399,0.257,0.293,0.296
334,2,0,1.1,0.3,0.65,0.74,0.286,0.305,0.274,0.306,0.284,0.27,0.422,0.431,0.41,0.42,0.384,0.371,0.365,0.308,0.397,0.351,0.395,0.493,0.471,0.462,0.449,0.329,0.341,0.302
335,3,0,-1.3,0.1,0.64,0.69,0.224,0.233,0.256,0.256,0.271,0.242,0.348,0.4,0.341,0.375,0.317,0.297,0.303,0.312,0.306,0.325,0.319,0.393,0.381,0.392,0.414,0.282,0.307,0.301
336,4,0,1.0,0.2,0.72,0.79,0.261,0.269,0.256,0.268,0.237,0.236,0.373,0.389,0.401,0.364,0.319,0.305,0.321,0.325,0.305,0.313,0.337,0.433,0.422,0.393,0.453,0.307,0.28,0.293
337,5,0,-2.1,2.5,0.67,0.74,0.489,0.458,0.511,0.479,0.5,0.504,0.719,0.75,0.756,0.708,0.57,0.62,0.605,0.608,0.565,0.567,0.602,0.775,0.775,0.783,0.783,0.572,0.548,0.528
338,6,1,0.7,1.8,0.23,0.79,0.436,0.467,0.505,0.508,0.46,0.474,0.698,0.688,0.738,0.704,0.557,0.569,0.613,0.609,0.613,0.592,0.609,0.767,0.811,0.801,0.808,0.553,0.55,0.515
339,7,1,4.3,1.9,0.2,0.78,0.313,0.325,0.308,0.309,0.306,0.294,0.409,0.459,0.455,0.405,0.386,0.367,0.393,0.378,0.365,0.392,0.404,0.496,0.526,0.489,0.471,0.31,0.317,0.31
340,1,0,1.2,1.9,0.52,0.76,0.321,0.336,0.334,0.349,0.334,0.339,0.485,0.488,0.463,0.504,0.423,0.424,0.422,0.405,0.442,0.411,0.406,0.546,0.508,0.546,0.547,0.381,0.363,0.368
341,2,0,-0.4,6.4,0.22,0.76,0.293,0.349,0.305,0.34,0.36,0.33,0.489,0.481,0.537,0.523,0.42,0.407,0.425,0.397,0.418,0.453,0.397,0.539,0.571,0.55,0.563,0.391,0.389,0.392
342,3,0,-0.3,1.3,0.24,0.72,0.368,0.356,0.411,0.374,0.338,0.373,0.583,0.535,0.563,0.557,0.458,0.441,0.437,0.465,0.48,0.437,0.449,0.643,0.639,0.608,0.643,0.397,0.413,0.432
343,4,0,1.4,0.1,0.05,0.72,0.268,0.303,0.313,0.331,0.27,0.303,0.443,0.483,0.451,0.435,0.332,0.353,0.331,0.391,0.374,0.32,0.37,0.51,0.446,0.483,0.453,0.309,0.314,0.316
344,5,0,-1.8,0.0,0.7,0.55,0.317,0.273,0.279,0.292,0.307,0.283,0.446,0.444,0.442,0.418,0.347,0.362,0.37,0.36,0.375,0.37,0.341,0.446,0.468,0.445,0.489,0.334,0.293,0.339
345,6,1,-1.4,0.6,0.68,0.66,0.417,0.433,0.408,0.412,0.405,0.411,0.623,0.605,0.585,0.609,0.512,0.499,0.484,0.493,0.495,0.522,0.485,0.696,0.686,0.656,0.631,0.431,0.456,0.423
346,7,1,0.4,0.1,0.85,0.83,0.35,0.375,0.429,0.392,0.384,0.403,0.584,0.594,0.574,0.607,0.477,0.499,0.466,0.487,0.488,0.473,0.507,0.618,0.616,0.572,0.64,0.451,0.451,0.449
347,1,0,-0.2,0.1,0.46,0.72,0.465,0.435,0.397,0.407,0.402,0.425,0.645,0.611,0.571,0.609,0.523,0.511,0.483,0.516,0.503,0.526,0.49,0.65,0.655,0.639,0.66,0.453,0.463,0.456
348,2,0,-2.8,0.6,0.81,0.6,0.325,0.301,0.305,0.282,0.283,0.269,0.391,0.451,0.45,0.46,0.346,0.389,0.362,0.33,0.338,0.313,0.374,0.457,0.483,0.465,0.424,0.294,0.321,0.319
349,3,0,1.2,0.6,0.56,0.78,0.362,0.396,0.396,0.356,0.373,0.39,0.551,0.561,0.563,0.596,0.498,0.46,0.451,0.476,0.499,0.515,0.502,0.611,0.586,0.619,0.623,0.445,0.416,0.452
350,4,0,1.9,0.0,0.3,0.75,0.296,0.347,0.297,0.341,0.312,0.325,0.524,0.455,0.484,0.466,0.399,0.357,0.4,0.404,0.405,0.41,0.378,0.54,0.533,0.514,0.528,0.361,0.343,0.389
351,5,0,0.2,1.0,0.65,0.63,0.365,0.399,0.359,0.385,0.404,0.386,0.563,0.584,0.574,0.58,0.503,0.47,0.473,0.492,0.492,0.476,0.473,0.635,0.652,0.665,0.636,0.44,0.454,0.42
352,6,1,0.7,1.1,0.78,0.7,0.405,0.39,0.407,0.413,0.37,0.405,0.619,0.584,0.59,0.608,0.522,0.493,0.503,0.529,0.515,0.499,0.518,0.653,0.632,0.608,0.633,0.494,0.482,0.468
353,7,1,-0.9,0.7,0.19,0.74,0.338,0.313,0.36,0.332,0.349,0.319,0.526,0.526,0.497,0.516,0.426,0.416,0.447,0.447,0.455,0.407,0.414,0.552,0.566,0.585,0.578,0.411,0.348,0.345
354,1,0,0.0,1.1,0.2,0.54,0.302,0.293,0.246,0.247,0.304,0.294,0.429,0.419,0.433,0.387,0.341,0.349,0.359,0.32,0.37,0.376,0.325,0.417,0.452,0.444,0.453,0.302,0.309,0.315
355,2,0,2.4,0.0,0.57,0.61,0.412,0.396,0.42,0.397,0.394,0.406,0.605,0.662,0.633,0.641,0.523,0.519,0.484,0.502,0.487,0.474,0.519,0.675,0.7,0.685,0.681,0.471,0.484,0.475
356,3,0,1.1,2.2,0.54,0.82,0.324,0.319,0.323,0.324,0.296,0.27,0.474,0.474,0.426,0.451,0.389,0.4,0.376,0.396,0.377,0.386,0.404,0.52,0.463,0.48,0.521,0.316,0.361,0.283
357,4,0,4.0,0.7,0.19,0.69,0.383,0.398,0.365,0.393,0.397,0.382,0.545,0.574,0.56,0.561,0.511,0.458,0.477,0.475,0.495,0.474,0.478,0.627,0.635,0.616,0.575,0.451,0.412,0.415
358,5,0,0.1,0.5,0.57,0.56,0.218,0.241,0.303,0.216,0.23,0.259,0.369,0.381,0.373,0.38,0.303,0.298,0.296,0.308,0.3,0.324,0.299,0.407,0.369,0.409,0.394,0.262,0.261,0.309
359,6,1,-2.3,1.6,0.79,0.88,0.433,0.415,0.399,0.439,0.424,0.442,0.673,0.665,0.643,0.632,0.544,0.521,0.507,0.535,0.536,0.579,0.555,0.709,0.682,0.675,0.684,0.486,0.457,0.508
360,7,1,-1.8,1.1,0.49,0.76,0.372,0.36,0.374,0.347,0.382,0.354,0.583,0.601,0.563,0.554,0.489,0.479,0.461,0.47,0.532,0.463,0.473,0.626,0.626,0.632,0.593,0.438,0.421,0.439
361,1,0,-2.8,3.6,0.59,0.81,0.4,0.373,0.387,0.384,0.367,0.389,0.561,0.616,0.582,0.566,0.5,0.538,0.443,0.508,0.459,0.479,0.506,0.676,0.658,0.632,0.646,0.451,0.409,0.479
362,2,0,-0.9,1.0,0.84,0.59,0.407,0.447,0.455,0.417,0.425,0.396,0.629,0.638,0.596,0.597,0.508,0.546,0.52,0.497,0.535,0.518,0.532,0.696,0.696,0.718,0.664,0.443,0.525,0.475
363,3,0,-2.7,0.4,0.55,0.72,0.328,0.304,0.289,0.302,0.283,0.293,0.452,0.448,0.428,0.421,0.361,0.386,0.355,0.363,0.412,0.356,0.429,0.475,0.496,0.487,0.463,0.369,0.345,0.317
364,4,0,0.5,0.8,0.22,0.66,0.425,0.376,0.426,0.435,0.403,0.394,0.616,0.629,0.615,0.594,0.495,0.474,0.519,0.539,0.488,0.506,0.513,0.639,0.651,0.629,0.68,0.468,0.45,0.444
365,5,0,2.6,0.2,0.71,0.61,0.287,0.306,0.249,0.229,0.262,0.251,0.388,0.395,0.425,0.367,0.318,0.336,0.339,0.309,0.328,0.328,0.329,0.391,0.419,0.419,0.43,0.312,0.266,0.307
1,6,1,2.9,0.4,0.29,0.54,0.337,0.366,0.354,0.357,0.373,0.345,0.542,0.535,0.547,0.537,0.44,0.43,0.442,0.464,0.459,0.455,0.401,0.583,0.529,0.599,0.577,0.42,0.377,0.382
2,7,1,-0.8,0.5,0.65,0.58,0.402,0.407,0.395,0.395,0.408,0.409,0.643,0.613,0.598,0.587,0.514,0.502,0.515,0.516,0.487,0.533,0.485,0.681,0.712,0.648,0.686,0.469,0.459,0.458
3,1,0,2.3,0.4,0.55,0.74,0.261,0.29,0.207,0.203,0.259,0.282,0.344,0.359,0.376,0.404,0.309,0.33,0.337,0.331,0.332,0.315,0.339,0.412,0.417,0.426,0.399,0.3,0.335,0.301
4,2,0,2.2,1.7,0.59,0.63,0.399,0.412,0.431,0.443,0.434,0.447,0.631,0.602,0.634,0.657,0.546,0.535,0.518,0.559,0.549,0.515,0.509,0.669,0.711,0.66,0.726,0.442,0.447,0.446
5,3,0,3.1,0.2,0.87,0.64,0.444,0.381,0.439,0.427,0.417,0.43,0.662,0.62,0.641,0.651,0.512,0.506,0.533,0.534,0.546,0.538,0.518,0.702,0.718,0.693,0.665,0.451,0.5,0.456
6,4,0,0.9,1.9,0.33,0.51,0.355,0.406,0.392,0.357,0.429,0.359,0.517,0.545,0.555,0.528,0.457,0.448,0.454,0.433,0.438,0.461,0.457,0.581,0.578,0.562,0.569,0.413,0.387,0.409
7,5,0,2.9,0.3,0.31,0.67,0.276,0.299,0.323,0.281,0.307,0.326,0.439,0.434,0.459,0.437,0.407,0.359,0.407,0.422,0.384,0.387,0.347,0.5,0.491,0.526,0.502,0.335,0.39,0.323
8,6,1,-2.2,0.2,0.29,0.65,0.294,0.307,0.277,0.291,0.288,0.286,0.435,0.447,0.429,0.401,0.376,0.348,0.351,0.336,0.324,0.381,0.36,0.519,0.497,0.461,0.486,0.325,0.335,0.333
9,7,1,-3.6,0.0,0.95,0.6,0.35,0.314,0.303,0.3,0.324,0.298,0.486,0.484,0.484,0.496,0.377,0.388,0.375,0.439,0.393,0.364,0.412,0.526,0.522,0.538,0.537,0.342,0.351,0.356
10,1,0,-1.9,1.6,0.72,0.75,0.469,0.438,0.463,0.47,0.477,0.467,0.676,0.686,0.678,0.691,0.587,0.562,0.557,0.6,0.589,0.611,0.594,0.75,0.734,0.772,0.75,0.544,0.496,0.505
11,2,0,-1.1,0.5,0.28,0.58,0.274,0.277,0.267,0.292,0.294,0.298,0.43,0.415,0.459,0.443,0.392,0.359,0.379,0.369,0.349,0.372,0.364,0.458,0.515,0.436,0.469,0.27,0.374,0.318
12,3,0,0.3,0.4,0.72,0.59,0.384,0.346,0.362,0.393,0.407,0.387,0.544,0.59,0.554,0.585,0.502,0.478,0.478,0.465,0.455,0.45,0.491,0.585,0.628,0.634,0.613,0.441,0.394,0.418
13,4,0,3.5,1.4,0.29,0.77,0.381,0.428,0.401,0.436,0.417,0.432,0.651,0.637,0.656,0.613,0.55,0.562,0.531,0.536,0.543,0.553,0.537,0.692,0.664,0.683,0.676,0.453,0.463,0.467
14,5,0,4.2,0.5,0.58,0.77,0.359,0.403,0.335,0.377,0.406,0.385,0.58,0.615,0.563,0.554,0.467,0.485,0.491,0.47,0.481,0.463,0.506,0.627,0.654,0.634,0.619,0.424,0.48,0.42
15,6,1,2.8,0.3,0.08,0.69,0.277,0.279,0.256,0.291,0.288,0.28,0.38,0.394,0.375,0.413,0.342,0.325,0.342,0.337,0.373,0.319,0.377,0.438,0.442,0.463,0.436,0.284,0.337,0.315
16,7,1,0.1,0.5,0.42,0.72,0.328,0.285,0.291,0.267,0.271,0.285,0.417,0.44,0.41,0.433,0.35,0.355,0.369,0.368,0.352,0.366,0.378,0.48,0.465,0.461,0.448,0.363,0.324,0.336
17,1,0,0.7,0.3,0.3,0.67,0.438,0.429,0.45,0.447,0.428,0.434,0.664,0.67,0.65,0.674,0.507,0.538,0.521,0.512,0.538,0.537,0.576,0.679,0.693,0.722,0.725,0.49,0.494,0.496
18,2,0,0.4,0.9,0.39,0.71,0.26,0.247,0.277,0.274,0.24,0.235,0.343,0.37,0.369,0.382,0.356,0.321,0.322,0.298,0.324,0.289,0.336,0.381,0.4,0.367,0.368,0.277,0.325,0.246
19,3,0,3.0,1.4,0.39,0.59,0.35,0.363,0.35,0.409,0.376,0.332,0.538,0.544,0.548,0.586,0.495,0.474,0.473,0.488,0.456,0.475,0.448,0.562,0.589,0.62,0.594,0.416,0.455,0.465
20,4,0,1.5,0.2,0.87,0.68,0.352,0.343,0.315,0.364,0.351,0.372,0.507,0.523,0.571,0.497,0.438,0.437,0.458,0.423,0.458,0.429,0.452,0.522,0.549,0.557,0.55,0.425,0.406,0.389
21,5,0,0.6,0.1,0.65,0.65,0.353,0.342,0.378,0.312,0.317,0.334,0.501,0.507,0.499,0.523,0.42,0.413,0.438,0.402,0.425,0.443,0.438,0.543,0.579,0.53,0.574,0.4,0.374,0.386
22,6,1,3.4,0.5,0.4,0.57,0.277,0.229,0.268,0.25,0.266,0.251,0.39,0.358,0.39,0.388,0.314,0.33,0.363,0.358,0.306,0.33,0.307,0.46,0.423,0.462,0.414,0.286,0.288,0.306
23,7,1,1.2,0.0,0.62,0.55,0.417,0.436,0.398,0.427,0.423,0.434,0.626,0.655,0.65,0.641,0.467,0.529,0.522,0.508,0.527,0.518,0.57,0.715,0.713,0.704,0.698,0.484,0.465,0.502
24,1,0,0.5,1.2,0.88,0.59,0.369,0.372,0.366,0.381,0.404,0.407,0.566,0.597,0.581,0.565,0.457,0.49,0.453,0.452,0.47,0.47,0.443,0.638,0.618,0.62,0.588,0.407,0.392,0.402
25,2,0,2.2,1.2,0.2,0.66,0.46,0.462,0.457,0.487,0.502,0.464,0.686,0.721,0.692,0.697,0.604,0.606,0.559,0.579,0.584,0.556,0.613,0.73,0.753,0.77,0.765,0.521,0.543,0.514
26,3,0,6.3,1.1,0.02,0.66,0.344,0.337,0.343,0.347,0.347,0.337,0.513,0.504,0.522,0.528,0.486,0.419,0.388,0.407,0.432,0.424,0.431,0.571,0.56,0.541,0.606,0.407,0.378,0.373
27,4,0,0.9,0.1,0.76,0.84,0.383,0.365,0.419,0.379,0.388,0.347,0.524,0.523,0.566,0.546,0.485,0.438,0.453,0.461,0.43,0.441,0.465,0.601,0.598,0.602,0.597,0.405,0.42,0.408
28,5,0,5.1,1.0,0.36,0.76,0.468,0.469,0.482,0.482,0.431,0.429,0.666,0.685,0.684,0.685,0.555,0.563,0.571,0.581,0.552,0.581,0.574,0.727,0.729,0.77,0.728,0.507,0.5,0.525
29,6,1,-1.0,1.3,0.32,0.66,0.246,0.246,0.233,0.248,0.249,0.274,0.364,0.374,0.376,0.356,0.282,0.273,0.312,0.323,0.319,0.308,0.302,0.382,0.39,0.392,0.363,0.266,0.264,0.269
30,7,1,-1.6,0.7,0.47,0.7,0.401,0.384,0.39,0.378,0.396,0.382,0.574,0.544,0.581,0.61,0.457,0.496,0.461,0.46,0.533,0.497,0.462,0.609,0.65,0.611,0.595,0.444,0.438,0.428
31,1,0,-2.7,0.9,0.4,0.64,0.318,0.34,0.296,0.278,0.265,0.316,0.476,0.495,0.49,0.45,0.43,0.386,0.387,0.37,0.39,0.38,0.4,0.504,0.507,0.5,0.521,0.352,0.352,0.344
32,2,0,-1.2,0.1,0.89,0.76,0.295,0.32,0.317,0.326,0.329,0.347,0.44,0.472,0.465,0.475,0.359,0.393,0.406,0.385,0.376,0.387,0.384,0.515,0.521,0.521,0.488,0.39,0.38,0.345
33,3,0,0.7,1.1,0.77,0.68,0.446,0.489,0.459,0.463,0.475,0.447,0.654,0.685,0.708,0.713,0.572,0.608,0.58,0.574,0.56,0.575,0.596,0.713,0.743,0.712,0.714,0.498,0.539,0.501
34,4,0,1.8,0.9,0.35,0.77,0.338,0.401,0.404,0.37,0.328,0.365,0.555,0.553,0.546,0.562,0.45,0.448,0.493,0.442,0.448,0.441,0.461,0.57,0.588,0.593,0.574,0.386,0.385,0.417
35,5,0,-3.8,1.9,0.36,0.72,0.251,0.223,0.261,0.247,0.233,0.251,0.408,0.333,0.375,0.374,0.318,0.309,0.319,0.287,0.279,0.29,0.317,0.418,0.384,0.399,0.383,0.282,0.27,0.26
36,6,1,4.4,0.6,0.1,0.66,0.458,0.429,0.437,0.421,0.426,0.448,0.652,0.666,0.662,0.672,0.559,0.561,0.561,0.535,0.57,0.527,0.49,0.699,0.723,0.655,0.718,0.492,0.493,0.467
37,7,1,4.1,0.7,0.84,0.92,0.252,0.216,0.233,0.215,0.269,0.231,0.369,0.393,0.341,0.38,0.29,0.33,0.282,0.294,0.31,0.33,0.253,0.437,0.378,0.393,0.387,0.249,0.276,0.288
38,1,0,1.2,0.1,0.39,0.75,0.356,0.422,0.347,0.395,0.34,0.367,0.605,0.575,0.585,0.607,0.487,0.462,0.418,0.47,0.51,0.472,0.464,0.616,0.606,0.598,0.593,0.401,0.42,0.426
39,2,0,3.8,0.1,0.65,0.94,0.353,0.436,0.367,0.387,0.399,0.424,0.597,0.588,0.579,0.58,0.489,0.489,0.48,0.483,0.456,0.476,0.484,0.608,0.645,0.643,0.594,0.441,0.426,0.405
40,3,0,3.9,1.4,0.59,0.63,0.309,0.327,0.338,0.35,0.321,0.299,0.51,0.516,0.49,0.496,0.412,0.404,0.417,0.425,0.44,0.433,0.427,0.576,0.548,0.55,0.575,0.353,0.352,0.391
41,4,0,1.8,0.8,0.43,0.67,0.481,0.502,0.421,0.426,0.458,0.479,0.661,0.656,0.643,0.658,0.56,0.561,0.549,0.569,0.549,0.551,0.528,0.695,0.709,0.711,0.72,0.503,0.486,0.464
42,5,0,3.5,0.5,0.64,0.65,0.372,0.399,0.42,0.39,0.411,0.439,0.64,0.618,0.556,0.583,0.542,0.488,0.535,0.512,0.539,0.522,0.506,0.699,0.673,0.658,0.655,0.446,0.457,0.462
43,6,1,2.4,0.1,0.83,0.76,0.318,0.276,0.288,0.249,0.327,0.339,0.44,0.429,0.433,0.445,0.384,0.364,0.372,0.381,0.382,0.374,0.377,0.484,0.454,0.519,0.454,0.33,0.31,0.354
44,7,1,1.8,0.3,0.96,0.66,0.443,0.378,0.394,0.406,0.418,0.402,0.573,0.585,0.616,0.631,0.5,0.514,0.516,0.498,0.539,0.52,0.475,0.651,0.637,0.666,0.633,0.446,0.464,0.473
45,1,0,5.1,0.1,0.07,0.76,0.354,0.37,0.359,0.389,0.318,0.38,0.532,0.549,0.529,0.534,0.416,0.468,0.454,0.402,0.436,0.423,0.456,0.536,0.568,0.571,0.556,0.384,0.377,0.428
46,2,0,2.4,0.6,0.53,0.83,0.301,0.311,0.288,0.314,0.289,0.323,0.472,0.493,0.484,0.472,0.371,0.386,0.405,0.407,0.387,0.408,0.352,0.468,0.467,0.521,0.514,0.359,0.322,0.329
47,3,0,1.5,1.5,0.09,0.76,0.326,0.297,0.276,0.313,0.358,0.389,0.51,0.476,0.482,0.527,0.427,0.442,0.427,0.381,0.44,0.416,0.43,0.567,0.561,0.551,0.544,0.372,0.36,0.397
48,4,0,3.4,0.7,0.44,0.65,0.384,0.331,0.379,0.361,0.382,0.366,0.58,0.552,0.578,0.559,0.458,0.456,0.47,0.445,0.492,0.435,0.454,0.606,0.609,0.622,0.575,0.456,0.403,0.428
49,5,0,2.3,0.9,0.35,0.56,0.335,0.365,0.336,0.339,0.33,0.303,0.517,0.5,0.546,0.545,0.427,0.448,0.443,0.439,0.44,0.482,0.398,0.514,0.586,0.542,0.558,0.382,0.393,0.355
50,6,1,2.0,0.8,0.51,0.74,0.432,0.402,0.431,0.452,0.441,0.416,0.675,0.648,0.679,0.629,0.524,0.569,0.534,0.553,0.561,0.545,0.576,0.69,0.705,0.72,0.727,0.484,0.49,0.466
51,7,1,7.0,0.4,0.8,0.54,0.26,0.264,0.234,0.25,0.25,0.27,0.39,0.361,0.384,0.356,0.3,0.295,0.296,0.327,0.327,0.304,0.299,0.378,0.385,0.395,0.422,0.319,0.28,0.298
52,1,0,5.6,2.6,0.69,0.73,0.404,0.393,0.39,0.384,0.403,0.361,0.6,0.552,0.577,0.569,0.475,0.487,0.511,0.441,0.507,0.524,0.487,0.669,0.633,0.628,0.641,0.432,0.488,0.428
53,2,0,6.2,2.0,0.92,0.69,0.347,0.329,0.31,0.339,0.357,0.319,0.533,0.487,0.492,0.454,0.404,0.428,0.394,0.393,0.419,0.424,0.417,0.526,0.503,0.495,0.505,0.377,0.364,0.368
54,3,0,3.3,0.7,0.96,0.73,0.469,0.47,0.447,0.46,0.46,0.413,0.676,0.649,0.641,0.651,0.542,0.494,0.504,0.539,0.566,0.515,0.579,0.693,0.682,0.671,0.678,0.461,0.479,0.473
55,4,0,5.3,1.2,0.46,0.65,0.383,0.367,0.416,0.393,0.349,0.371,0.557,0.551,0.557,0.622,0.479,0.48,0.497,0.471,0.502,0.468,0.468,0.635,0.629,0.64,0.63,0.431,0.417,0.422
56,5,0,5.9,1.3,0.83,0.59,0.403,0.419,0.382,0.387,0.417,0.401,0.589,0.595,0.564,0.589,0.478,0.497,0.523,0.48,0.503,0.493,0.496,0.632,0.623,0.639,0.646,0.404,0.431,0.428
57,6,1,6.2,1.3,0.42,0.81,0.304,0.277,0.304,0.312,0.358,0.27,0.439,0.425,0.446,0.413,0.363,0.388,0.364,0.404,0.341,0.34,0.351,0.508,0.485,0.461,0.437,0.346,0.344,0.342
58,7,1,5.6,2.2,0.21,0.67,0.396,0.342,0.357,0.381,0.354,0.423,0.558,0.563,0.537,0.563,0.49,0.464,0.476,0.467,0.48,0.511,0.453,0.627,0.603,0.595,0.614,0.413,0.415,0.428
59,1,0,2.7,0.7,0.22,0.76,0.43,0.411,0.433,0.437,0.44,0.408,0.648,0.614,0.647,0.663,0.537,0.54,0.513,0.561,0.503,0.513,0.531,0.68,0.702,0.71,0.689,0.462,0.472,0.525
60,2,0,4.0,0.1,0.51,0.68,0.341,0.281,0.342,0.33,0.325,0.337,0.468,0.471,0.469,0.519,0.402,0.399,0.405,0.382,0.413,0.403,0.428,0.546,0.507,0.539,0.512,0.34,0.302,0.399
61,3,0,3.2,0.2,0.68,0.72,0.387,0.446,0.412,0.415,0.444,0.438,0.619,0.683,0.656,0.683,0.522,0.534,0.562,0.526,0.561,0.531,0.542,0.665,0.718,0.728,0.684,0.503,0.485,0.492
62,4,0,6.9,0.4,0.75,0.59,0.327,0.328,0.31,0.326,0.305,0.321,0.484,0.496,0.475,0.477,0.426,0.41,0.385,0.388,0.403,0.398,0.406,0.514,0.543,0.538,0.523,0.358,0.379,0.383
63,5,0,6.9,0.1,0.03,0.58,0.284,0.237,0.282,0.283,0.266,0.272,0.388,0.428,0.392,0.383,0.342,0.321,0.345,0.325,0.339,0.362,0.334,0.429,0.421,0.403,0.411,0.315,0.269,0.296
64,6,1,4.7,0.5,0.84,0.61,0.428,0.41,0.388,0.378,0.39,0.424,0.579,0.6,0.598,0.604,0.487,0.513,0.467,0.484,0.521,0.52,0.524,0.635,0.647,0.603,0.641,0.466,0.475,0.492
65,7,1,6.3,1.7,0.73,0.85,0.452,0.458,0.452,0.471,0.471,0.485,0.654,0.686,0.685,0.681,0.589,0.544,0.582,0.58,0.559,0.526,0.57,0.726,0.72,0.709,0.709,0.507,0.495,0.533
66,1,0,7.5,0.2,0.34,0.78,0.315,0.326,0.336,0.321,0.291,0.336,0.499,0.504,0.519,0.524,0.385,0.427,0.386,0.421,0.405,0.435,0.425,0.575,0.537,0.557,0.533,0.38,0.377,0.367
67,2,0,6.3,0.3,0.72,0.8,0.313,0.25,0.316,0.303,0.305,0.271,0.428,0.454,0.481,0.444,0.342,0.378,0.39,0.379,0.388,0.396,0.396,0.51,0.489,0.467,0.484,0.351,0.309,0.328
68,3,0,3.3,3.0,0.4,0.66,0.284,0.232,0.204,0.268,0.221,0.265,0.323,0.363,0.352,0.364,0.333,0.303,0.272,0.288,0.291,0.323,0.301,0.425,0.381,0.406,0.368,0.257,0.283,0.254
69,4,0,7.2,1.2,0.64,0.75,0.364,0.382,0.389,0.41,0.372,0.383,0.587,0.604,0.587,0.55,0.484,0.461,0.48,0.495,0.478,0.474,0.497,0.644,0.649,0.625,0.634,0.427,0.43,0.389
70,5,0,7.0,0.2,0.86,0.76,0.238,0.214,0.239,0.246,0.249,0.225,0.375,0.356,0.363,0.41,0.311,0.331,0.325,0.263,0.305,0.324,0.323,0.396,0.413,0.399,0.424,0.273,0.299,0.281
71,6,1,7.8,2.6,0.49,0.62,0.365,0.37,0.344,0.336,0.356,0.357,0.559,0.499,0.569,0.521,0.47,0.451,0.445,0.421,0.4,0.457,0.438,0.561,0.585,0.575,0.557,0.402,0.408,0.421
72,7,1,9.7,0.8,0.9,0.83,0.393,0.435,0.436,0.424,0.429,0.441,0.657,0.634,0.631,0.63,0.541,0.548,0.505,0.52,0.546,0.494,0.577,0.707,0.674,0.708,0.692,0.437,0.475,0.476
73,1,0,11.1,0.3,0.25,0.64,0.355,0.319,0.335,0.319,0.343,0.336,0.48,0.467,0.449,0.504,0.387,0.367,0.371,0.415,0.42,0.372,0.416,0.505,0.539,0.515,0.483,0.347,0.36,0.387
74,2,0,4.8,3.9,0.27,0.75,0.391,0.369,0.36,0.342,0.395,0.346,0.558,0.538,0.582,0.556,0.442,0.514,0.461,0.463,0.439,0.464,0.445,0.585,0.584,0.599,0.566,0.426,0.425,0.393
75,3,0,4.5,2.9,0.83,0.77,0.408,0.407,0.372,0.361,0.413,0.391,0.574,0.554,0.605,0.598,0.462,0.508,0.463,0.476,0.472,0.46,0.47,0.622,0.645,0.637,0.641,0.448,0.475,0.455
76,4,0,4.2,1.2,0.6,0.61,0.355,0.373,0.375,0.372,0.39,0.343,0.58,0.532,0.53,0.549,0.486,0.463,0.45,0.475,0.491,0.464,0.472,0.602,0.593,0.602,0.603,0.406,0.379,0.396
77,5,0,9.9,5.3,0.27,0.75,0.31,0.348,0.323,0.337,0.333,0.335,0.478,0.506,0.524,0.508,0.426,0.4,0.426,0.424,0.441,0.404,0.459,0.543,0.521,0.535,0.542,0.373,0.369,0.397
78,6,1,7.5,0.5,0.77,0.5,0.299,0.32,0.312,0.307,0.295,0.296,0.508,0.488,0.509,0.457,0.377,0.407,0.417,0.367,0.397,0.391,0.404,0.501,0.469,0.494,0.512,0.379,0.364,0.36
79,7,1,5.2,1.2,0.78,0.54,0.364,0.354,0.341,0.366,0.377,0.401,0.549,0.522,0.518,0.545,0.431,0.419,0.441,0.448,0.407,0.462,0.41,0.563,0.569,0.6,0.585,0.389,0.388,0.364
80,1,0,9.1,0.3,0.39,0.56,0.502,0.438,0.435,0.472,0.509,0.461,0.714,0.731,0.697,0.7,0.589,0.589,0.56,0.539,0.567,0.604,0.576,0.79,0.762,0.771,0.772,0.548,0.526,0.511
81,2,0,9.1,0.2,0.81,0.62,0.393,0.41,0.37,0.433,0.401,0.403,0.589,0.632,0.646,0.6,0.5,0.514,0.493,0.48,0.496,0.499,0.525,0.638,0.66,0.636,0.644,0.452,0.439,0.487
82,3,0,8.9,3.6,0.28,0.72,0.452,0.486,0.467,0.491,0.476,0.471,0.742,0.748,0.703,0.676,0.594,0.588,0.553,0.56,0.575,0.606,0.6,0.785,0.782,0.779,0.773,0.506,0.51,0.547
83,4,0,7.8,1.1,0.24,0.74,0.383,0.323,0.391,0.398,0.351,0.395,0.581,0.544,0.55,0.561,0.465,0.455,0.449,0.458,0.429,0.455,0.454,0.579,0.588,0.585,0.556,0.413,0.403,0.401
84,5,0,11.3,0.0,0.88,0.89,0.363,0.385,0.369,0.353,0.35,0.359,0.544,0.511,0.535,0.491,0.434,0.455,0.436,0.445,0.432,0.454,0.461,0.565,0.54,0.583,0.563,0.426,0.391,0.393
85,6,1,10.9,0.6,0.66,0.6,0.352,0.364,0.317,0.323,0.338,0.347,0.558,0.545,0.531,0.503,0.453,0.42,0.418,0.405,0.435,0.466,0.456,0.517,0.556,0.552,0.546,0.395,0.365,0.355
86,7,1,13.9,1.1,0.77,0.72,0.347,0.333,0.326,0.329,0.348,0.335,0.475,0.529,0.497,0.524,0.412,0.423,0.423,0.387,0.413,0.428,0.394,0.537,0.537,0.551,0.557,0.407,0.375,0.38
87,1,0,8.4,2.0,0.39,0.6,0.393,0.347,0.356,0.381,0.407,0.378,0.594,0.621,0.607,0.574,0.52,0.506,0.51,0.486,0.514,0.508,0.532,0.69,0.629,0.658,0.663,0.455,0.461,0.436
88,2,0,8.2,1.3,0.25,0.6,0.291,0.263,0.268,0.259,0.279,0.25,0.41,0.441,0.435,0.372,0.32,0.352,0.377,0.339,0.347,0.346,0.356,0.437,0.484,0.45,0.447,0.286,0.298,0.296
89,3,0,6.3,1.0,0.61,0.67,0.475,0.504,0.501,0.457,0.462,0.486,0.677,0.702,0.695,0.712,0.558,0.578,0.566,0.611,0.593,0.603,0.583,0.735,0.749,0.737,0.784,0.496,0.472,0.511
90,4,0,6.7,0.7,0.26,0.69,0.349,0.385,0.423,0.407,0.392,0.399,0.605,0.601,0.608,0.584,0.506,0.512,0.501,0.465,0.476,0.523,0.484,0.613,0.593,0.643,0.62,0.405,0.46,0.472
91,5,0,9.6,0.7,0.73,0.91,0.327,0.287,0.336,0.322,0.348,0.317,0.483,0.52,0.437,0.461,0.406,0.414,0.41,0.4,0.398,0.392,0.417,0.549,0.532,0.541,0.521,0.37,0.295,0.329
92,6,1,10.8,0.4,0.36,0.66,0.306,0.301,0.325,0.326,0.32,0.308,0.444,0.436,0.473,0.432,0.403,0.38,0.388,0.383,0.39,0.377,0.374,0.437,0.525,0.467,0.493,0.317,0.375,0.326
93,7,1,9.2,2.5,0.25,0.77,0.231,0.272,0.254,0.236,0.225,0.243,0.376,0.353,0.356,0.367,0.3,0.304,0.267,0.37,0.305,0.318,0.284,0.403,0.428,0.389,0.407,0.279,0.271,0.253
94,1,0,14.6,3.8,0.23,0.7,0.337,0.339,0.343,0.277,0.309,0.309,0.488,0.468,0.523,0.509,0.418,0.376,0.402,0.365,0.394,0.414,0.394,0.507,0.56,0.491,0.523,0.352,0.371,0.395
95,2,0,10.4,1.5,0.7,0.75,0.349,0.426,0.386,0.368,0.365,0.406,0.596,0.588,0.601,0.604,0.52,0.525,0.514,0.5,0.458,0.5,0.528,0.646,0.657,0.638,0.614,0.43,0.484,0.437
96,3,0,12.0,3.8,0.35,0.83,0.342,0.323,0.357,0.375,0.348,0.339,0.526,0.515,0.539,0.543,0.435,0.444,0.434,0.444,0.42,0.429,0.405,0.602,0.587,0.595,0.581,0.411,0.397,0.377
97,4,0,10.1,0.1,0.73,0.73,0.35,0.325,0.319,0.325,0.315,0.305,0.494,0.523,0.459,0.469,0.421,0.395,0.406,0.411,0.38,0.413,0.38,0.526,0.526,0.543,0.521,0.384,0.393,0.354
98,5,0,15.8,0.9,0.23,0.68,0.277,0.257,0.279,0.261,0.265,0.249,0.391,0.393,0.383,0.364,0.371,0.312,0.322,0.348,0.345,0.311,0.348,0.421,0.4,0.392,0.371,0.3,0.297,0.264
99,6,1,13.7,1.0,0.71,0.77,0.318,0.287,0.29,0.33,0.288,0.295,0.449,0.428,0.43,0.452,0.383,0.37,0.377,0.39,0.334,0.392,0.385,0.487,0.512,0.471,0.487,0.333,0.356,0.334
100,7,1,11.2,0.2,0.82,0.8,0.306,0.314,0.319,0.354,0.335,0.321,0.518,0.495,0.492,0.48,0.395,0.378,0.432,0.422,0.435,0.419,0.398,0.53,0.585,0.507,0.528,0.36,0.343,0.412
101,1,0,10.2,2.3,0.37,0.89,0.292,0.295,0.351,0.328,0.329,0.312,0.474,0.504,0.513,0.504,0.413,0.409,0.392,0.423,0.43,0.416,0.41,0.557,0.556,0.542,0.547,0.364,0.372,0.369
102,2,0,15.7,0.7,0.36,0.81,0.466,0.469,0.47,0.515,0.447,0.473,0.692,0.716,0.678,0.697,0.599,0.555,0.591,0.584,0.564,0.569,0.584,0.765,0.729,0.748,0.79,0.504,0.517,0.55
103,3,0,12.6,0.9,0.78,0.64,0.293,0.328,0.308,0.331,0.363,0.33,0.487,0.503,0.469,0.48,0.402,0.39,0.389,0.408,0.416,0.389,0.369,0.512,0.542,0.528,0.522,0.374,0.39,0.363
104,4,0,13.0,2.2,0.39,0.57,0.414,0.379,0.391,0.437,0.417,0.416,0.603,0.647,0.59,0.576,0.517,0.517,0.527,0.487,0.51,0.513,0.503,0.65,0.637,0.67,0.649,0.463,0.438,0.433
105,5,0,9.5,0.6,0.65,0.66,0.339,0.294,0.34,0.324,0.313,0.268,0.456,0.481,0.464,0.468,0.394,0.379,0.372,0.376,0.41,0.367,0.397,0.537,0.512,0.528,0.524,0.351,0.339,0.331
106,6,1,13.8,0.3,0.39,0.63,0.373,0.394,0.381,0.422,0.367,0.364,0.546,0.571,0.586,0.601,0.471,0.473,0.47,0.472,0.466,0.48,0.462,0.576,0.6,0.605,0.605,0.447,0.391,0.427
107,7,1,11.9,0.1,0.41,0.71,0.382,0.391,0.361,0.418,0.368,0.379,0.617,0.608,0.632,0.564,0.495,0.459,0.468,0.491,0.518,0.503,0.498,0.639,0.642,0.666,0.68,0.429,0.462,0.451
108,1,0,10.4,1.6,0.53,0.69,0.429,0.401,0.427,0.39,0.427,0.395,0.573,0.628,0.587,0.579,0.488,0.508,0.499,0.506,0.523,0.485,0.513,0.621,0.668,0.671,0.623,0.481,0.426,0.487
109,2,0,13.5,1.8,0.11,0.66,0.304,0.294,0.273,0.334,0.311,0.299,0.47,0.469,0.473,0.476,0.408,0.369,0.367,0.376,0.385,0.365,0.36,0.486,0.478,0.51,0.527,0.36,0.35,0.328
110,3,0,16.4,0.3,0.47,0.66,0.296,0.282,0.282,0.28,0.271,0.266,0.432,0.43,0.391,0.414,0.334,0.333,0.311,0.344,0.353,0.33,0.35,0.458,0.43,0.475,0.495,0.336,0.314,0.33
111,4,0,15.6,0.7,0.44,0.79,0.412,0.394,0.423,0.408,0.441,0.403,0.663,0.679,0.663,0.655,0.516,0.559,0.545,0.511,0.545,0.566,0.546,0.674,0.707,0.705,0.733,0.444,0.507,0.508
112,5,0,13.8,0.4,0.43,0.77,0.477,0.465,0.439,0.457,0.461,0.461,0.653,0.698,0.694,0.701,0.61,0.588,0.593,0.571,0.568,0.571,0.587,0.789,0.772,0.766,0.78,0.531,0.528,0.525
113,6,1,14.2,2.3,0.41,0.66,0.227,0.268,0.288,0.289,0.237,0.222,0.391,0.353,0.332,0.379,0.322,0.291,0.319,0.266,0.279,0.274,0.282,0.391,0.378,0.41,0.413,0.276,0.274,0.252
114,7,1,12.4,3.5,0.49,0.72,0.384,0.373,0.372,0.442,0.384,0.378,0.613,0.576,0.585,0.601,0.536,0.515,0.494,0.474,0.491,0.543,0.502,0.63,0.653,0.647,0.624,0.416,0.456,0.44
115,1,0,16.5,1.5,0.07,0.65,0.296,0.24,0.254,0.26,0.283,0.253,0.421,0.401,0.452,0.424,0.383,0.379,0.349,0.383,0.32,0.356,0.364,0.461,0.471,0.464,0.477,0.37,0.284,0.305
116,2,0,10.5,0.2,0.42,0.69,0.284,0.276,0.268,0.27,0.281,0.283,0.436,0.443,0.408,0.449,0.375,0.37,0.337,0.38,0.355,0.329,0.33,0.443,0.459,0.447,0.433,0.309,0.306,0.32
117,3,0,15.8,0.2,0.42,0.55,0.303,0.335,0.346,0.36,0.408,0.335,0.533,0.536,0.56,0.541,0.444,0.435,0.401,0.415,0.465,0.446,0.463,0.58,0.584,0.602,0.566,0.373,0.37,0.44
118,4,0,9.9,2.4,0.46,0.64,0.233,0.228,0.229,0.26,0.225,0.256,0.402,0.411,0.417,0.394,0.311,0.285,0.329,0.352,0.328,0.317,0.353,0.419,0.413,0.414,0.414,0.315,0.301,0.274
119,5,0,14.0,4.4,0.51,0.61,0.466,0.425,0.439,0.469,0.442,0.459,0.666,0.636,0.682,0.63,0.547,0.523,0.533,0.574,0.56,0.551,0.555,0.721,0.722,0.692,0.731,0.482,0.493,0.494
120,6,1,13.5,0.5,0.93,0.67,0.299,0.318,0.371,0.321,0.273,0.308,0.428,0.474,0.429,0.437,0.357,0.329,0.413,0.351,0.373,0.378,0.42,0.504,0.469,0.489,0.474,0.347,0.352,0.31
121,7,1,14.8,1.6,0.62,0.53,0.316,0.311,0.343,0.344,0.307,0.321,0.502,0.514,0.545,0.483,0.425,0.401,0.357,0.424,0.42,0.364,0.402,0.553,0.526,0.53,0.535,0.372,0.372,0.381
122,1,0,17.8,0.8,0.55,0.86,0.477,0.459,0.417,0.421,0.45,0.45,0.632,0.636,0.597,0.65,0.568,0.549,0.561,0.567,0.57,0.563,0.52,0.703,0.734,0.712,0.731,0.497,0.492,0.485
123,2,0,13.1,0.8,0.61,0.51,0.256,0.226,0.282,0.248,0.26,0.25,0.362,0.329,0.381,0.365,0.321,0.271,0.298,0.297,0.359,0.276,0.309,0.411,0.394,0.417,0.414,0.282,0.307,0.269
124,3,0,13.4,0.7,0.02,0.51,0.434,0.438,0.407,0.405,0.402,0.426,0.642,0.643,0.61,0.603,0.527,0.519,0.506,0.521,0.506,0.548,0.509,0.683,0.667,0.685,0.65,0.475,0.426,0.441
125,4,0,17.1,1.0,0.55,0.66,0.25,0.27,0.264,0.221,0.299,0.263,0.348,0.359,0.37,0.325,0.338,0.336,0.322,0.306,0.323,0.301,0.293,0.424,0.387,0.407,0.404,0.288,0.254,0.296
126,5,0,13.7,2.3,0.41,0.82,0.384,0.422,0.415,0.415,0.389,0.381,0.643,0.603,0.635,0.564,0.51,0.479,0.505,0.517,0.488,0.492,0.523,0.64,0.628,0.626,0.636,0.43,0.457,0.469
127,6,1,16.6,4.6,0.45,0.7,0.376,0.348,0.314,0.319,0.308,0.364,0.529,0.532,0.514,0.517,0.415,0.406,0.408,0.395,0.42,0.445,0.399,0.546,0.572,0.581,0.551,0.374,0.359,0.401
128,7,1,12.5,1.8,0.44,0.66,0.3,0.315,0.276,0.279,0.305,0.305,0.433,0.424,0.42,0.433,0.353,0.35,0.36,0.426,0.377,0.364,0.354,0.444,0.476,0.464,0.469,0.291,0.327,0.308
129,1,0,14.6,0.3,0.96,0.61,0.314,0.326,0.303,0.327,0.348,0.319,0.504,0.495,0.478,0.51,0.378,0.444,0.394,0.403,0.441,0.36,0.418,0.535,0.542,0.518,0.523,0.394,0.345,0.366
130,2,0,18.7,1.2,0.08,0.74,0.46,0.475,0.447,0.484,0.454,0.441,0.722,0.673,0.727,0.707,0.619,0.594,0.604,0.604,0.607,0.593,0.581,0.764,0.784,0.788,0.757,0.546,0.532,0.564
131,3,0,16.3,0.8,0.6,0.76,0.266,0.235,0.227,0.261,0.256,0.239,0.364,0.378,0.395,0.367,0.349,0.303,0.302,0.333,0.302,0.301,0.283,0.395,0.403,0.4,0.38,0.275,0.281,0.296
132,4,0,13.3,1.4,0.7,0.82,0.377,0.36,0.401,0.368,0.314,0.377,0.547,0.538,0.568,0.57,0.447,0.442,0.444,0.5,0.459,0.443,0.469,0.598,0.607,0.612,0.578,0.401,0.366,0.393
133,5,0,15.5,0.7,0.16,0.74,0.27,0.281,0.267,0.292,0.311,0.261,0.399,0.392,0.424,0.392,0.348,0.348,0.331,0.394,0.337,0.365,0.356,0.447,0.429,0.433,0.433,0.296,0.329,0.326
134,6,1,14.5,0.1,0.32,0.68,0.352,0.317,0.36,0.365,0.354,0.362,0.528,0.553,0.508,0.536,0.457,0.459,0.443,0.42,0.418,0.461,0.47,0.583,0.566,0.606,0.591,0.384,0.39,0.395
135,7,1,16.4,1.2,0.64,0.67,0.314,0.289,0.253,0.276,0.262,0.289,0.391,0.423,0.412,0.418,0.35,0.354,0.335,0.345,0.362,0.336,0.353,0.466,0.485,0.442,0.418,0.306,0.318,0.307
136,1,0,18.0,0.6,0.29,0.71,0.339,0.349,0.389,0.347,0.351,0.384,0.533,0.531,0.516,0.517,0.401,0.435,0.401,0.453,0.457,0.445,0.423,0.581,0.633,0.578,0.625,0.43,0.387,0.391
137,2,0,19.9,5.4,0.22,0.68,0.279,0.316,0.302,0.293,0.278,0.273,0.435,0.421,0.402,0.438,0.33,0.356,0.38,0.347,0.374,0.362,0.337,0.469,0.46,0.444,0.454,0.348,0.283,0.333
138,3,0,14.9,1.7,0.3,0.66,0.359,0.341,0.326,0.296,0.308,0.32,0.444,0.492,0.474,0.489,0.417,0.387,0.395,0.405,0.418,0.398,0.406,0.533,0.564,0.528,0.489,0.331,0.365,0.343
139,4,0,15.0,0.2,0.38,0.67,0.399,0.4,0.43,0.439,0.408,0.428,0.625,0.615,0.582,0.596,0.511,0.508,0.461,0.541,0.503,0.504,0.534,0.632,0.65,0.676,0.637,0.434,0.45,0.454
140,5,0,15.2,0.3,0.41,0.76,0.457,0.399,0.397,0.431,0.39,0.405,0.629,0.612,0.592,0.642,0.52,0.539,0.529,0.525,0.533,0.514,0.502,0.672,0.645,0.677,0.659,0.432,0.461,0.43
141,6,1,20.3,2.6,0.48,0.65,0.251,0.271,0.278,0.245,0.273,0.237,0.391,0.34,0.388,0.406,0.297,0.358,0.282,0.307,0.34,0.284,0.319,0.399,0.436,0.389,0.407,0.308,0.262,0.275
142,7,1,19.6,2.2,0.2,0.82,0.241,0.274,0.241,0.253,0.22,0.255,0.336,0.365,0.329,0.361,0.264,0.285,0.328,0.312,0.287,0.307,0.298,0.385,0.389,0.412,0.382,0.294,0.262,0.292
143,1,0,20.0,0.5,0.84,0.57,0.416,0.447,0.434,0.46,0.501,0.435,0.689,0.7,0.674,0.694,0.584,0.573,0.595,0.545,0.536,0.612,0.627,0.744,0.729,0.73,0.753,0.47,0.507,0.536
144,2,0,19.1,0.2,0.47,0.61,0.307,0.293,0.346,0.331,0.302,0.3,0.457,0.448,0.451,0.479,0.393,0.408,0.381,0.372,0.359,0.369,0.395,0.485,0.513,0.496,0.498,0.366,0.343,0.375
145,3,0,18.2,2.1,0.14,0.65,0.471,0.453,0.425,0.46,0.457,0.434,0.669,0.704,0.652,0.652,0.536,0.547,0.572,0.542,0.557,0.572,0.556,0.711,0.75,0.696,0.739,0.529,0.497,0.453
146,4,0,16.6,0.1,0.54,0.79,0.355,0.335,0.323,0.339,0.341,0.371,0.535,0.51,0.517,0.551,0.475,0.42,0.465,0.473,0.444,0.446,0.422,0.581,0.586,0.555,0.564,0.416,0.414,0.386
147,5,0,20.0,1.0,0.68,0.63,0.452,0.452,0.411,0.438,0.408,0.414,0.65,0.65,0.611,0.64,0.576,0.547,0.531,0.535,0.537,0.548,0.544,0.669,0.71,0.69,0.679,0.5,0.509,0.474
148,6,1,19.6,1.2,0.75,0.65,0.444,0.452,0.406,0.45,0.478,0.442,0.679,0.667,0.68,0.674,0.577,0.521,0.572,0.535,0.52,0.616,0.552,0.717,0.747,0.714,0.753,0.491,0.478,0.541
149,7,1,18.4,0.8,0.68,0.78,0.378,0.384,0.382,0.377,0.355,0.362,0.561,0.574,0.589,0.58,0.456,0.456,0.475,0.505,0.489,0.487,0.472,0.612,0.622,0.623,0.638,0.421,0.41,0.42
150,1,0,17.7,0.2,0.29,0.68,0.359,0.305,0.364,0.328,0.361,0.339,0.526,0.522,0.524,0.511,0.442,0.453,0.425,0.432,0.445,0.381,0.461,0.54,0.555,0.56,0.547,0.39,0.406,0.392
151,2,0,16.5,1.2,0.37,0.75,0.353,0.336,0.343,0.335,0.34,0.327,0.531,0.525,0.512,0.513,0.452,0.426,0.413,0.454,0.436,0.422,0.412,0.566,0.57,0.599,0.553,0.386,0.366,0.425
152,3,0,17.5,0.0,0.73,0.69,0.39,0.393,0.337,0.361,0.362,0.35,0.51,0.529,0.505,0.515,0.428,0.416,0.39,0.438,0.44,0.431,0.452,0.513,0.555,0.567,0.55,0.391,0.405,0.409
153,4,0,17.9,0.7,0.58,0.63,0.333,0.328,0.318,0.308,0.286,0.302,0.45,0.49,0.464,0.464,0.375,0.381,0.392,0.38,0.387,0.347,0.399,0.512,0.499,0.503,0.495,0.367,0.377,0.331
154,5,0,16.3,1.7,0.79,0.62,0.271,0.277,0.296,0.284,0.268,0.282,0.376,0.416,0.359,0.407,0.314,0.342,0.307,0.317,0.329,0.31,0.326,0.426,0.432,0.419,0.435,0.279,0.327,0.285
155,6,1,18.2,0.6,0.58,0.66,0.431,0.406,0.389,0.423,0.392,0.383,0.594,0.559,0.567,0.586,0.52,0.515,0.504,0.528,0.496,0.495,0.457,0.656,0.681,0.632,0.622,0.439,0.411,0.437
156,7,1,18.8,0.7,0.99,0.45,0.284,0.302,0.259,0.295,0.265,0.278,0.432,0.431,0.432,0.446,0.349,0.365,0.345,0.348,0.354,0.384,0.397,0.489,0.489,0.485,0.462,0.327,0.343,0.361
157,1,0,22.1,1.1,0.56,0.86,0.299,0.278,0.26,0.315,0.279,0.28,0.396,0.397,0.397,0.404,0.333,0.401,0.366,0.329,0.384,0.372,0.351,0.423,0.427,0.484,0.446,0.32,0.323,0.354
158,2,0,21.6,0.7,0.58,0.85,0.323,0.284,0.282,0.317,0.314,0.304,0.477,0.474,0.489,0.493,0.424,0.382,0.386,0.365,0.416,0.377,0.387,0.474,0.525,0.516,0.519,0.337,0.364,0.359
159,3,0,20.1,0.5,0.26,0.72,0.376,0.378,0.375,0.386,0.36,0.371,0.577,0.578,0.538,0.523,0.462,0.497,0.471,0.479,0.479,0.462,0.506,0.622,0.61,0.633,0.662,0.428,0.429,0.438
160,4,0,22.5,0.4,0.66,0.81,0.293,0.318,0.315,0.289,0.358,0.346,0.463,0.481,0.464,0.481,0.385,0.372,0.388,0.416,0.373,0.377,0.356,0.491,0.488,0.518,0.506,0.339,0.383,0.32
161,5,0,16.1,0.4,0.22,0.61,0.308,0.31,0.337,0.305,0.338,0.335,0.481,0.496,0.467,0.459,0.396,0.446,0.42,0.441,0.405,0.397,0.367,0.501,0.522,0.531,0.518,0.422,0.362,0.385
162,6,1,21.1,0.4,0.66,0.81,0.4,0.408,0.387,0.362,0.361,0.372,0.589,0.589,0.637,0.556,0.453,0.465,0.463,0.457,0.518,0.493,0.47,0.638,0.647,0.648,0.68,0.43,0.441,0.461
163,7,1,20.1,0.1,0.16,0.67,0.469,0.449,0.471,0.464,0.432,0.472,0.658,0.695,0.676,0.64,0.576,0.57,0.551,0.582,0.547,0.537,0.562,0.712,0.756,0.737,0.714,0.512,0.492,0.508
164,1,0,21.6,0.8,0.27,0.59,0.457,0.485,0.449,0.438,0.458,0.463,0.673,0.676,0.682,0.669,0.565,0.598,0.584,0.517,0.536,0.571,0.577,0.735,0.71,0.713,0.713,0.498,0.516,0.531
165,2,0,21.0,1.4,0.26,0.78,0.412,0.456,0.465,0.476,0.429,0.489,0.689,0.692,0.678,0.715,0.589,0.578,0.556,0.569,0.583,0.594,0.552,0.73,0.743,0.747,0.675,0.522,0.519,0.549
166,3,0,21.0,1.1,0.59,0.98,0.444,0.457,0.466,0.415,0.439,0.447,0.629,0.605,0.666,0.691,0.536,0.539,0.556,0.557,0.559,0.574,0.553,0.705,0.714,0.718,0.729,0.53,0.495,0.505
167,4,0,18.3,1.2,0.08,0.72,0.385,0.408,0.43,0.391,0.402,0.388,0.62,0.605,0.59,0.588,0.484,0.497,0.473,0.477,0.518,0.488,0.473,0.667,0.645,0.645,0.621,0.457,0.436,0.424
168,5,0,21.2,0.4,0.66,0.86,0.268,0.28,0.29,0.295,0.281,0.252,0.428,0.391,0.373,0.423,0.312,0.344,0.36,0.341,0.323,0.365,0.341,0.441,0.447,0.441,0.449,0.306,0.302,0.276
169,6,1,19.8,0.3,0.26,0.63,0.38,0.416,0.43,0.422,0.37,0.43,0.608,0.613,0.598,0.634,0.523,0.502,0.486,0.511,0.544,0.524,0.523,0.689,0.695,0.663,0.611,0.464,0.456,0.475
170,7,1,23.2,1.2,0.47,0.54,0.479,0.425,0.425,0.465,0.455,0.439,0.653,0.63,0.653,0.697,0.563,0.596,0.551,0.558,0.569,0.535,0.552,0.719,0.718,0.741,0.732,0.492,0.502,0.512
171,1,0,21.3,0.7,0.38,0.66,0.351,0.333,0.336,0.353,0.328,0.333,0.51,0.496,0.487,0.504,0.453,0.405,0.408,0.416,0.432,0.394,0.404,0.561,0.548,0.526,0.542,0.403,0.323,0.382
172,2,0,22.0,0.2,0.59,0.62,0.427,0.408,0.469,0.409,0.426,0.419,0.635,0.637,0.616,0.59,0.534,0.535,0.543,0.542,0.531,0.511,0.548,0.702,0.691,0.665,0.685,0.452,0.479,0.47
173,3,0,19.9,0.8,0.51,0.77,0.487,0.476,0.473,0.466,0.499,0.482,0.688,0.72,0.704,0.679,0.616,0.622,0.576,0.584,0.596,0.614,0.605,0.772,0.75,0.78,0.746,0.509,0.538,0.525
174,4,0,22.0,0.7,0.75,0.68,0.409,0.408,0.43,0.439,0.443,0.453,0.67,0.627,0.642,0.64,0.567,0.503,0.542,0.54,0.536,0.544,0.555,0.733,0.666,0.683,0.698,0.519,0.499,0.51
175,5,0,20.6,0.7,0.69,0.63,0.358,0.377,0.392,0.405,0.382,0.395,0.605,0.613,0.608,0.584,0.477,0.511,0.492,0.501,0.496,0.512,0.51,0.658,0.654,0.647,0.676,0.436,0.442,0.435
176,6,1,18.2,1.2,0.42,0.68,0.361,0.364,0.341,0.377,0.309,0.317,0.526,0.53,0.556,0.514,0.465,0.481,0.444,0.442,0.408,0.421,0.403,0.564,0.559,0.58,0.579,0.409,0.36,0.349
177,7,1,17.4,1.0,0.52,0.65,0.371,0.323,0.371,0.367,0.336,0.314,0.501,0.502,0.472,0.523,0.413,0.409,0.402,0.427,0.411,0.396,0.397,0.568,0.535,0.494,0.529,0.321,0.395,0.359
178,1,0,17.4,0.2,0.49,0.76,0.33,0.326,0.35,0.29,0.311,0.295,0.493,0.482,0.493,0.527,0.406,0.451,0.423,0.4,0.409,0.408,0.438,0.513,0.49,0.544,0.566,0.355,0.381,0.38
179,2,0,23.6,0.5,0.05,0.66,0.427,0.357,0.39,0.378,0.389,0.364,0.579,0.592,0.573,0.589,0.477,0.491,0.522,0.484,0.524,0.502,0.492,0.652,0.618,0.656,0.639,0.446,0.46,0.437
180,3,0,21.0,0.2,0.3,0.71,0.405,0.349,0.339,0.368,0.368,0.365,0.55,0.583,0.534,0.577,0.455,0.471,0.439,0.454,0.451,0.485,0.5,0.587,0.576,0.565,0.606,0.431,0.396,0.402
181,4,0,19.6,0.8,0.41,0.66,0.389,0.408,0.388,0.402,0.38,0.429,0.603,0.623,0.601,0.612,0.51,0.496,0.507,0.554,0.475,0.516,0.52,0.691,0.657,0.668,0.659,0.498,0.459,0.454
182,5,0,19.0,1.9,0.44,0.89,0.442,0.459,0.44,0.476,0.447,0.438,0.713,0.657,0.681,0.684,0.561,0.585,0.567,0.54,0.564,0.562,0.54,0.761,0.727,0.73,0.722,0.5,0.515,0.53
183,6,1,19.6,0.5,0.52,0.74,0.387,0.382,0.4,0.387,0.369,0.404,0.535,0.574,0.587,0.611,0.524,0.497,0.471,0.503,0.484,0.515,0.52,0.666,0.672,0.618,0.625,0.463,0.428,0.436
184,7,1,22.1,0.6,0.77,0.69,0.465,0.473,0.453,0.481,0.466,0.477,0.718,0.713,0.676,0.706,0.57,0.597,0.561,0.562,0.564,0.583,0.607,0.726,0.789,0.767,0.706,0.555,0.524,0.533
185,1,0,16.8,2.1,0.09,0.71,0.304,0.316,0.327,0.363,0.308,0.31,0.443,0.493,0.424,0.478,0.39,0.427,0.431,0.431,0.425,0.393,0.372,0.518,0.505,0.482,0.537,0.4,0.384,0.347
186,2,0,19.8,3.8,0.14,0.78,0.312,0.308,0.303,0.291,0.314,0.342,0.425,0.46,0.429,0.489,0.368,0.367,0.375,0.358,0.385,0.371,0.363,0.487,0.519,0.485,0.453,0.359,0.362,0.303
187,3,0,20.7,0.1,0.31,0.76,0.274,0.265,0.293,0.279,0.281,0.255,0.441,0.409,0.412,0.379,0.365,0.315,0.354,0.339,0.339,0.384,0.306,0.465,0.466,0.458,0.416,0.29,0.277,0.287
188,4,0,17.8,0.8,0.65,0.66,0.461,0.462,0.456,0.455,0.434,0.429,0.677,0.703,0.699,0.661,0.571,0.53,0.572,0.596,0.575,0.585,0.551,0.735,0.759,0.737,0.735,0.535,0.495,0.523
189,5,0,21.2,0.1,0.44,0.71,0.349,0.381,0.372,0.351,0.343,0.342,0.538,0.549,0.569,0.537,0.471,0.464,0.45,0.462,0.472,0.457,0.484,0.615,0.643,0.613,0.575,0.398,0.424,0.418
190,6,1,18.8,3.5,0.37,0.84,0.298,0.276,0.312,0.297,0.316,0.342,0.426,0.424,0.424,0.414,0.35,0.384,0.389,0.346,0.374,0.388,0.35,0.489,0.496,0.478,0.466,0.305,0.331,0.346
191,7,1,18.8,0.4,0.6,0.8,0.479,0.476,0.45,0.506,0.475,0.476,0.743,0.77,0.704,0.735,0.579,0.604,0.597,0.614,0.61,0.601,0.6,0.773,0.772,0.761,0.774,0.547,0.533,0.531
192,1,0,18.2,0.9,0.62,0.72,0.407,0.425,0.451,0.416,0.442,0.466,0.662,0.649,0.687,0.669,0.571,0.57,0.534,0.575,0.57,0.574,0.554,0.779,0.71,0.716,0.738,0.46,0.502,0.506
193,2,0,19.8,0.6,0.56,0.78,0.25,0.287,0.294,0.26,0.282,0.286,0.38,0.441,0.412,0.409,0.373,0.362,0.361,0.327,0.332,0.358,0.375,0.424,0.456,0.433,0.478,0.282,0.298,0.329
194,3,0,19.2,0.3,0.62,0.65,0.272,0.249,0.329,0.256,0.279,0.275,0.417,0.4,0.428,0.39,0.328,0.376,0.322,0.332,0.333,0.32,0.313,0.429,0.456,0.427,0.423,0.283,0.301,0.311
195,4,0,17.5,0.8,0.34,0.8,0.3,0.271,0.29,0.274,0.305,0.299,0.397,0.411,0.367,0.393,0.342,0.354,0.336,0.359,0.339,0.332,0.356,0.403,0.433,0.447,0.44,0.281,0.279,0.308
196,5,0,20.2,0.8,0.42,0.73,0.447,0.486,0.493,0.433,0.465,0.438,0.7,0.682,0.691,0.669,0.598,0.56,0.566,0.578,0.61,0.566,0.593,0.715,0.729,0.763,0.732,0.518,0.515,0.529
197,6,1,20.2,1.4,0.27,0.68,0.349,0.341,0.327,0.356,0.369,0.34,0.514,0.558,0.512,0.512,0.443,0.433,0.407,0.433,0.441,0.393,0.4,0.556,0.571,0.553,0.532,0.396,0.405,0.382
198,7,1,22.4,0.8,0.48,0.8,0.407,0.428,0.454,0.419,0.439,0.446,0.654,0.654,0.695,0.648,0.521,0.544,0.567,0.528,0.523,0.502,0.567,0.692,0.719,0.725,0.723,0.499,0.492,0.491
199,1,0,18.6,1.0,0.22,0.67,0.447,0.462,0.448,0.445,0.488,0.474,0.69,0.72,0.69,0.687,0.643,0.576,0.55,0.563,0.572,0.593,0.545,0.768,0.754,0.737,0.74,0.531,0.506,0.547
200,2,0,18.0,4.9,0.53,0.68,0.353,0.347,0.307,0.33,0.371,0.344,0.538,0.542,0.504,0.529,0.432,0.426,0.458,0.434,0.446,0.464,0.445,0.624,0.606,0.571,0.6,0.42,0.392,0.424
201,3,0,17.7,1.5,0.78,0.86,0.312,0.282,0.287,0.301,0.282,0.345,0.453,0.438,0.422,0.447,0.367,0.378,0.359,0.372,0.366,0.369,0.37,0.448,0.484,0.476,0.465,0.344,0.324,0.325
202,4,0,19.3,1.5,0.58,0.7,0.328,0.332,0.327,0.342,0.323,0.33,0.503,0.515,0.506,0.536,0.423,0.434,0.43,0.465,0.431,0.383,0.45,0.547,0.545,0.568,0.539,0.408,0.387,0.394
203,5,0,19.4,1.1,0.09,0.7,0.274,0.33,0.254,0.268,0.291,0.262,0.355,0.415,0.404,0.415,0.309,0.393,0.329,0.368,0.359,0.334,0.364,0.462,0.502,0.442,0.44,0.324,0.355,0.331
204,6,1,19.0,1.2,0.62,0.59,0.338,0.381,0.331,0.305,0.362,0.35,0.493,0.502,0.483,0.533,0.436,0.429,0.453,0.401,0.426,0.396,0.451,0.576,0.57,0.555,0.554,0.383,0.371,0.362
205,7,1,20.1,1.2,0.18,0.55,0.33,0.387,0.378,0.369,0.37,0.321,0.563,0.552,0.539,0.531,0.489,0.473,0.442,0.456,0.453,0.476,0.474,0.584,0.628,0.615,0.621,0.427,0.399,0.382
206,1,0,19.5,0.6,0.27,0.7,0.28,0.296,0.293,0.27,0.289,0.28,0.384,0.415,0.42,0.46,0.355,0.321,0.33,0.344,0.318,0.347,0.304,0.446,0.455,0.437,0.475,0.292,0.335,0.271
207,2,0,19.4,0.8,0.69,0.67,0.264,0.221,0.233,0.212,0.257,0.245,0.38,0.375,0.397,0.4,0.338,0.284,0.323,0.311,0.301,0.353,0.299,0.375,0.374,0.394,0.449,0.283,0.247,0.347
208,3,0,19.1,0.8,0.74,0.73,0.368,0.352,0.386,0.417,0.363,0.379,0.615,0.563,0.587,0.586,0.46,0.514,0.501,0.478,0.488,0.483,0.49,0.624,0.643,0.607,0.639,0.446,0.458,0.452
209,4,0,17.9,1.9,0.46,0.58,0.274,0.256,0.266,0.279,0.276,0.291,0.403,0.433,0.382,0.433,0.322,0.344,0.343,0.357,0.354,0.355,0.311,0.448,0.408,0.426,0.46,0.333,0.297,0.288
210,5,0,18.3,2.8,0.34,0.75,0.428,0.418,0.425,0.419,0.435,0.401,0.634,0.592,0.611,0.597,0.551,0.535,0.541,0.532,0.519,0.526,0.52,0.649,0.707,0.709,0.728,0.445,0.438,0.514
211,6,1,18.9,0.3,0.22,0.7,0.265,0.313,0.31,0.331,0.345,0.332,0.45,0.453,0.483,0.53,0.409,0.387,0.394,0.399,0.358,0.395,0.424,0.528,0.525,0.501,0.5,0.363,0.342,0.348
212,7,1,20.8,1.1,0.82,0.5,0.308,0.299,0.312,0.314,0.311,0.317,0.48,0.515,0.482,0.496,0.415,0.425,0.372,0.402,0.392,0.412,0.406,0.517,0.515,0.513,0.509,0.373,0.377,0.37
213,1,0,18.2,0.5,0.69,0.65,0.36,0.347,0.341,0.366,0.322,0.382,0.558,0.502,0.534,0.534,0.432,0.395,0.467,0.448,0.405,0.426,0.441,0.563,0.543,0.568,0.549,0.367,0.387,0.361
214,2,0,15.8,0.2,0.46,0.74,0.404,0.413,0.414,0.41,0.385,0.398,0.636,0.622,0.612,0.615,0.511,0.52,0.545,0.546,0.492,0.537,0.477,0.674,0.656,0.652,0.664,0.479,0.476,0.505
215,3,0,19.1,0.2,0.28,0.77,0.397,0.402,0.402,0.391,0.33,0.397,0.603,0.556,0.577,0.609,0.483,0.512,0.493,0.462,0.528,0.493,0.519,0.623,0.603,0.648,0.618,0.446,0.416,0.4
216,4,0,19.8,1.0,0.38,0.58,0.371,0.391,0.368,0.36,0.362,0.376,0.563,0.535,0.562,0.533,0.458,0.42,0.453,0.465,0.458,0.46,0.48,0.573,0.601,0.59,0.581,0.418,0.405,0.439
217,5,0,14.9,1.2,0.51,0.64,0.424,0.433,0.432,0.408,0.446,0.426,0.658,0.649,0.648,0.649,0.486,0.503,0.523,0.497,0.537,0.54,0.53,0.664,0.634,0.643,0.709,0.502,0.461,0.447
218,6,1,22.2,0.2,0.22,0.77,0.348,0.284,0.349,0.319,0.296,0.334,0.514,0.493,0.528,0.474,0.415,0.373,0.42,0.44,0.392,0.418,0.421,0.52,0.527,0.556,0.549,0.363,0.414,0.351
219,7,1,16.2,0.7,0.28,0.77,0.412,0.394,0.408,0.395,0.372,0.426,0.605,0.607,0.625,0.563,0.469,0.478,0.479,0.498,0.496,0.497,0.474,0.638,0.653,0.685,0.618,0.431,0.44,0.458
220,1,0,16.1,1.8,0.52,0.64,0.303,0.323,0.26,0.289,0.306,0.253,0.41,0.421,0.416,0.475,0.363,0.365,0.364,0.359,0.354,0.368,0.346,0.454,0.427,0.476,0.429,0.289,0.32,0.313
221,2,0,18.6,0.4,0.67,0.63,0.424,0.483,0.49,0.478,0.422,0.495,0.685,0.687,0.722,0.737,0.589,0.554,0.581,0.575,0.574,0.592,0.582,0.745,0.75,0.771,0.748,0.511,0.517,0.507
222,3,0,16.5,1.5,0.31,0.65,0.369,0.358,0.386,0.341,0.379,0.332,0.564,0.566,0.567,0.533,0.46,0.486,0.484,0.45,0.433,0.41,0.494,0.599,0.585,0.575,0.63,0.423,0.44,0.409
223,4,0,17.2,1.3,0.15,0.74,0.4,0.4,0.389,0.421,0.381,0.403,0.597,0.597,0.58,0.598,0.487,0.487,0.489,0.496,0.517,0.498,0.476,0.625,0.633,0.604,0.599,0.418,0.449,0.449
224,5,0,19.4,0.2,0.42,0.47,0.299,0.292,0.262,0.273,0.327,0.278,0.398,0.443,0.417,0.442,0.359,0.366,0.362,0.333,0.352,0.304,0.363,0.459,0.478,0.47,0.465,0.321,0.315,0.323
225,6,1,17.9,1.1,0.42,0.5,0.469,0.46,0.483,0.518,0.45,0.5,0.642,0.681,0.7,0.687,0.59,0.558,0.61,0.587,0.592,0.575,0.605,0.78,0.761,0.782,0.766,0.531,0.499,0.529
226,7,1,14.0,0.8,0.95,0.8,0.318,0.304,0.314,0.363,0.343,0.344,0.514,0.489,0.477,0.501,0.429,0.467,0.415,0.404,0.42,0.39,0.427,0.566,0.53,0.546,0.542,0.381,0.348,0.375
227,1,0,16.8,0.5,0.91,0.6,0.416,0.408,0.372,0.416,0.393,0.387,0.579,0.577,0.576,0.591,0.478,0.5,0.507,0.491,0.471,0.511,0.463,0.657,0.62,0.625,0.61,0.411,0.428,0.443
228,2,0,18.4,1.7,0.68,0.82,0.427,0.406,0.428,0.411,0.429,0.436,0.6,0.617,0.622,0.623,0.566,0.493,0.543,0.512,0.543,0.522,0.508,0.65,0.674,0.647,0.617,0.487,0.505,0.494
229,3,0,18.0,2.0,0.21,0.68,0.375,0.421,0.398,0.41,0.411,0.39,0.598,0.625,0.596,0.621,0.504,0.521,0.512,0.503,0.473,0.509,0.504,0.642,0.676,0.67,0.665,0.431,0.434,0.504
230,4,0,18.7,0.1,0.28,0.7,0.456,0.442,0.472,0.469,0.472,0.475,0.666,0.667,0.645,0.716,0.597,0.606,0.615,0.599,0.576,0.534,0.597,0.761,0.729,0.778,0.779,0.523,0.526,0.521
231,5,0,17.8,0.5,0.7,0.8,0.357,0.346,0.344,0.396,0.363,0.337,0.546,0.561,0.586,0.544,0.467,0.466,0.456,0.453,0.451,0.458,0.478,0.619,0.617,0.611,0.613,0.418,0.41,0.431
232,6,1,16.6,0.2,0.82,0.86,0.429,0.426,0.426,0.454,0.435,0.46,0.676,0.633,0.655,0.641,0.526,0.527,0.524,0.522,0.537,0.537,0.532,0.64,0.706,0.687,0.699,0.494,0.476,0.468
233,7,1,22.3,1.9,0.13,0.73,0.423,0.463,0.463,0.437,0.428,0.464,0.587,0.664,0.665,0.653,0.541,0.577,0.565,0.57,0.537,0.539,0.555,0.7,0.714,0.724,0.71,0.51,0.502,0.476
234,1,0,16.8,0.9,0.57,0.51,0.305,0.314,0.309,0.31,0.299,0.284,0.435,0.434,0.502,0.486,0.34,0.404,0.362,0.374,0.381,0.395,0.379,0.485,0.49,0.501,0.486,0.351,0.367,0.336
235,2,0,14.1,0.0,0.34,0.78,0.456,0.439,0.42,0.46,0.406,0.416,0.653,0.665,0.612,0.696,0.51,0.532,0.519,0.534,0.553,0.571,0.569,0.716,0.72,0.724,0.721,0.501,0.485,0.457
236,3,0,14.6,2.1,0.18,0.77,0.385,0.366,0.406,0.394,0.365,0.384,0.616,0.597,0.57,0.565,0.523,0.488,0.463,0.47,0.482,0.481,0.48,0.646,0.604,0.657,0.622,0.474,0.425,0.419
237,4,0,20.0,1.1,0.76,0.63,0.35,0.303,0.359,0.342,0.346,0.348,0.545,0.542,0.538,0.579,0.45,0.437,0.454,0.465,0.439,0.467,0.433,0.586,0.605,0.614,0.597,0.413,0.414,0.438
238,5,0,15.4,1.2,0.46,0.78,0.422,0.397,0.409,0.422,0.405,0.401,0.634,0.673,0.65,0.643,0.518,0.516,0.507,0.558,0.552,0.522,0.514,0.697,0.647,0.697,0.663,0.488,0.482,0.479
239,6,1,15.1,0.3,0.59,0.67,0.354,0.356,0.313,0.347,0.362,0.314,0.508,0.513,0.509,0.471,0.434,0.415,0.426,0.399,0.42,0.416,0.413,0.554,0.519,0.563,0.549,0.394,0.424,0.387
240,7,1,15.5,0.9,0.12,0.73,0.419,0.432,0.415,0.425,0.45,0.423,0.643,0.625,0.599,0.61,0.516,0.547,0.548,0.517,0.515,0.511,0.561,0.706,0.711,0.637,0.632,0.5,0.475,0.482
241,1,0,13.9,0.3,0.32,0.72,0.362,0.347,0.36,0.348,0.379,0.345,0.548,0.501,0.535,0.528,0.455,0.416,0.443,0.443,0.436,0.416,0.418,0.557,0.605,0.56,0.613,0.412,0.376,0.396
242,2,0,15.8,1.8,0.24,0.68,0.233,0.247,0.239,0.233,0.254,0.244,0.393,0.374,0.407,0.39,0.278,0.313,0.27,0.305,0.329,0.323,0.281,0.382,0.365,0.393,0.408,0.29,0.31,0.286
243,3,0,15.3,1.4,0.53,0.6,0.484,0.48,0.47,0.422,0.511,0.501,0.72,0.704,0.691,0.7,0.58,0.597,0.6,0.604,0.591,0.603,0.608,0.756,0.737,0.752,0.81,0.511,0.545,0.523
244,4,0,12.1,0.6,0.72,0.9,0.455,0.438,0.455,0.464,0.443,0.438,0.683,0.663,0.685,0.659,0.579,0.58,0.57,0.539,0.589,0.559,0.587,0.747,0.717,0.758,0.721,0.523,0.51,0.533
245,5,0,15.4,0.7,0.75,0.69,0.323,0.334,0.301,0.332,0.322,0.35,0.517,0.531,0.534,0.507,0.423,0.381,0.424,0.409,0.435,0.428,0.399,0.522,0.545,0.55,0.565,0.38,0.383,0.384
246,6,1,16.1,2.5,0.61,0.78,0.426,0.405,0.39,0.399,0.419,0.341,0.619,0.603,0.631,0.613,0.537,0.521,0.478,0.479,0.507,0.484,0.525,0.686,0.688,0.693,0.664,0.479,0.455,0.42
247,7,1,15.9,0.0,0.16,0.63,0.392,0.387,0.367,0.337,0.385,0.349,0.589,0.537,0.523,0.534,0.465,0.45,0.448,0.431,0.459,0.474,0.463,0.563,0.583,0.573,0.618,0.445,0.423,0.438
248,1,0,15.7,0.4,0.61,0.82,0.27,0.232,0.291,0.268,0.273,0.216,0.371,0.395,0.365,0.412,0.324,0.329,0.325,0.327,0.32,0.319,0.361,0.429,0.468,0.424,0.421,0.279,0.311,0.292
249,2,0,12.4,1.4,0.63,0.6,0.446,0.423,0.415,0.414,0.466,0.463,0.681,0.666,0.654,0.65,0.568,0.558,0.543,0.569,0.542,0.527,0.547,0.717,0.741,0.742,0.74,0.494,0.472,0.482
250,3,0,13.9,2.3,0.44,0.71,0.25,0.24,0.25,0.249,0.272,0.265,0.352,0.396,0.372,0.363,0.276,0.304,0.325,0.318,0.329,0.327,0.297,0.415,0.413,0.418,0.431,0.315,0.256,0.311
251,4,0,17.5,0.5,0.57,0.67,0.431,0.419,0.461,0.457,0.433,0.405,0.62,0.647,0.678,0.637,0.543,0.553,0.571,0.558,0.541,0.561,0.525,0.714,0.68,0.728,0.705,0.489,0.474,0.482
252,5,0,14.2,1.0,0.12,0.87,0.39,0.406,0.4,0.391,0.385,0.441,0.621,0.608,0.65,0.576,0.509,0.498,0.501,0.497,0.512,0.515,0.48,0.634,0.656,0.658,0.694,0.438,0.451,0.437
253,6,1,11.9,0.5,0.58,0.64,0.252,0.232,0.237,0.259,0.233,0.269,0.363,0.336,0.359,0.381,0.309,0.305,0.295,0.307,0.289,0.294,0.31,0.37,0.375,0.411,0.429,0.253,0.268,0.3
254,7,1,10.9,0.3,0.53,0.8,0.226,0.224,0.236,0.231,0.246,0.261,0.324,0.376,0.35,0.367,0.319,0.298,0.285,0.305,0.323,0.317,0.305,0.39,0.413,0.384,0.406,0.297,0.285,0.271
255,1,0,13.0,1.4,0.75,0.83,0.425,0.404,0.396,0.393,0.413,0.396,0.616,0.618,0.611,0.624,0.527,0.523,0.502,0.528,0.482,0.499,0.53,0.638,0.647,0.648,0.651,0.458,0.423,0.456
256,2,0,12.9,1.3,0.58,0.78,0.51,0.46,0.473,0.454,0.489,0.479,0.72,0.735,0.704,0.731,0.603,0.553,0.583,0.607,0.599,0.629,0.596,0.792,0.798,0.797,0.735,0.578,0.53,0.536
257,3,0,13.1,0.6,0.27,0.65,0.365,0.337,0.377,0.381,0.381,0.31,0.534,0.513,0.538,0.506,0.484,0.45,0.474,0.454,0.4,0.438,0.438,0.566,0.555,0.578,0.554,0.391,0.426,0.384
258,4,0,13.2,0.8,0.67,0.59,0.326,0.346,0.328,0.373,0.371,0.344,0.489,0.487,0.504,0.509,0.422,0.414,0.419,0.406,0.438,0.437,0.443,0.546,0.527,0.545,0.558,0.375,0.387,0.4
259,5,0,9.9,1.6,0.82,0.75,0.298,0.273,0.321,0.324,0.323,0.348,0.461,0.468,0.459,0.462,0.365,0.375,0.368,0.386,0.375,0.399,0.364,0.483,0.507,0.523,0.471,0.342,0.395,0.315
260,6,1,16.1,0.2,0.26,0.68,0.352,0.372,0.376,0.367,0.377,0.358,0.578,0.571,0.568,0.576,0.467,0.477,0.466,0.466,0.49,0.457,0.436,0.616,0.611,0.593,0.627,0.421,0.393,0.424
261,7,1,10.9,1.0,0.38,0.78,0.405,0.417,0.436,0.414,0.445,0.414,0.673,0.635,0.627,0.601,0.516,0.53,0.502,0.552,0.569,0.521,0.52,0.704,0.681,0.712,0.687,0.481,0.483,0.484
262,1,0,11.1,0.6,0.35,0.95,0.391,0.385,0.358,0.374,0.37,0.341,0.574,0.576,0.572,0.56,0.45,0.502,0.441,0.475,0.477,0.451,0.443,0.654,0.613,0.642,0.623,0.407,0.394,0.421
263,2,0,12.2,0.1,0.5,0.69,0.322,0.31,0.307,0.26,0.306,0.274,0.439,0.428,0.441,0.415,0.354,0.4,0.431,0.39,0.349,0.372,0.353,0.453,0.468,0.495,0.462,0.31,0.363,0.346
264,3,0,12.4,1.8,0.37,0.58,0.284,0.304,0.251,0.301,0.253,0.293,0.395,0.404,0.402,0.408,0.319,0.323,0.354,0.332,0.339,0.348,0.33,0.415,0.436,0.46,0.437,0.313,0.323,0.305
265,4,0,12.5,1.4,0.46,0.47,0.282,0.337,0.314,0.336,0.315,0.285,0.499,0.484,0.453,0.497,0.427,0.414,0.359,0.391,0.385,0.433,0.365,0.567,0.563,0.52,0.481,0.328,0.337,0.377
266,5,0,11.4,0.0,0.58,0.62,0.292,0.259,0.306,0.263,0.257,0.28,0.421,0.461,0.443,0.418,0.318,0.385,0.293,0.325,0.324,0.31,0.338,0.464,0.455,0.461,0.453,0.311,0.31,0.334
267,6,1,11.3,0.2,0.74,0.77,0.436,0.452,0.433,0.425,0.455,0.439,0.669,0.653,0.655,0.71,0.559,0.557,0.584,0.576,0.527,0.558,0.531,0.728,0.727,0.717,0.722,0.531,0.485,0.517
268,7,1,10.4,2.5,0.8,0.7,0.39,0.377,0.417,0.414,0.404,0.417,0.642,0.624,0.658,0.609,0.495,0.52,0.512,0.47,0.503,0.514,0.521,0.641,0.674,0.656,0.694,0.486,0.476,0.452
269,1,0,13.0,0.2,0.8,0.68,0.41,0.389,0.357,0.386,0.349,0.395,0.56,0.559,0.559,0.538,0.461,0.457,0.486,0.459,0.506,0.457,0.497,0.638,0.572,0.638,0.651,0.439,0.416,0.438
270,2,0,11.5,0.3,0.79,0.55,0.44,0.425,0.4,0.441,0.45,0.417,0.656,0.627,0.628,0.63,0.487,0.575,0.494,0.506,0.514,0.529,0.552,0.65,0.687,0.71,0.682,0.476,0.477,0.523
271,3,0,10.4,0.4,0.68,0.64,0.285,0.267,0.266,0.282,0.317,0.263,0.405,0.419,0.443,0.432,0.366,0.353,0.358,0.351,0.338,0.34,0.358,0.469,0.453,0.453,0.467,0.292,0.342,0.331
272,4,0,12.0,0.1,0.22,0.48,0.35,0.303,0.284,0.319,0.301,0.331,0.499,0.501,0.47,0.458,0.4,0.422,0.4,0.392,0.409,0.432,0.388,0.516,0.489,0.526,0.507,0.367,0.37,0.38
273,5,0,11.9,0.1,0.78,0.77,0.376,0.411,0.41,0.412,0.405,0.374,0.627,0.601,0.568,0.571,0.531,0.496,0.506,0.5,0.521,0.519,0.528,0.66,0.676,0.624,0.652,0.477,0.48,0.444
274,6,1,10.6,0.9,0.55,0.63,0.27,0.272,0.273,0.253,0.25,0.243,0.355,0.359,0.397,0.388,0.359,0.319,0.32,0.303,0.299,0.308,0.308,0.443,0.421,0.415,0.442,0.291,0.306,0.32
275,7,1,12.2,1.0,0.83,0.7,0.4,0.403,0.397,0.333,0.391,0.379,0.581,0.571,0.563,0.562,0.465,0.478,0.461,0.444,0.491,0.488,0.497,0.633,0.595,0.622,0.624,0.45,0.448,0.405
276,1,0,10.6,0.5,0.53,0.71,0.44,0.433,0.419,0.445,0.424,0.432,0.657,0.704,0.673,0.631,0.513,0.561,0.553,0.523,0.536,0.514,0.554,0.719,0.714,0.707,0.722,0.472,0.503,0.489
277,2,0,11.0,0.0,0.56,0.87,0.285,0.335,0.293,0.316,0.298,0.331,0.457,0.495,0.439,0.44,0.416,0.388,0.376,0.388,0.425,0.383,0.38,0.506,0.478,0.514,0.499,0.346,0.332,0.341
278,3,0,9.4,0.1,0.42,0.72,0.31,0.332,0.34,0.324,0.281,0.319,0.461,0.482,0.465,0.453,0.396,0.408,0.413,0.397,0.455,0.374,0.394,0.51,0.514,0.517,0.496,0.372,0.361,0.362
279,4,0,7.7,0.5,0.33,0.87,0.23,0.289,0.275,0.266,0.292,0.265,0.373,0.399,0.379,0.382,0.286,0.33,0.311,0.334,0.304,0.296,0.314,0.392,0.4,0.43,0.383,0.29,0.293,0.257
280,5,0,10.2,2.5,0.18,0.73,0.276,0.308,0.294,0.313,0.311,0.32,0.445,0.477,0.442,0.431,0.394,0.397,0.387,0.401,0.393,0.382,0.393,0.471,0.498,0.51,0.505,0.355,0.328,0.359
281,6,1,12.2,0.5,0.97,0.63,0.331,0.336,0.374,0.342,0.333,0.329,0.55,0.509,0.564,0.511,0.457,0.423,0.444,0.448,0.43,0.467,0.454,0.556,0.555,0.566,0.555,0.367,0.422,0.364
282,7,1,8.3,0.2,0.34,0.8,0.451,0.474,0.439,0.455,0.468,0.468,0.712,0.682,0.664,0.71,0.564,0.6,0.574,0.562,0.567,0.587,0.562,0.734,0.732,0.752,0.701,0.541,0.504,0.544
283,1,0,11.0,0.9,0.84,0.67,0.34,0.361,0.333,0.336,0.362,0.329,0.512,0.526,0.52,0.484,0.428,0.464,0.45,0.454,0.489,0.484,0.453,0.609,0.581,0.575,0.587,0.409,0.384,0.412
284,2,0,5.9,0.6,0.54,0.69,0.341,0.333,0.361,0.343,0.352,0.348,0.525,0.519,0.487,0.49,0.434,0.428,0.427,0.427,0.435,0.427,0.396,0.574,0.609,0.559,0.546,0.388,0.384,0.378
285,3,0,8.5,0.5,0.29,0.64,0.437,0.456,0.44,0.415,0.432,0.421,0.661,0.619,0.678,0.678,0.553,0.553,0.534,0.499,0.558,0.512,0.537,0.7,0.735,0.695,0.682,0.472,0.494,0.495
286,4,0,10.6,0.5,0.19,0.78,0.389,0.399,0.438,0.418,0.418,0.427,0.574,0.585,0.585,0.601,0.486,0.445,0.497,0.494,0.505,0.511,0.491,0.619,0.674,0.644,0.628,0.446,0.441,0.451
287,5,0,6.6,0.0,0.82,0.77,0.253,0.298,0.305,0.266,0.295,0.301,0.433,0.418,0.416,0.424,0.348,0.38,0.351,0.349,0.325,0.337,0.342,0.455,0.464,0.473,0.487,0.317,0.333,0.353
288,6,1,9.8,0.2,0.4,0.65,0.412,0.394,0.4,0.411,0.436,0.42,0.615,0.601,0.57,0.632,0.492,0.504,0.544,0.517,0.504,0.528,0.509,0.659,0.681,0.657,0.68,0.496,0.421,0.471
289,7,1,9.3,0.0,0.21,0.64,0.381,0.385,0.368,0.4,0.408,0.379,0.564,0.596,0.556,0.557,0.47,0.448,0.478,0.504,0.454,0.46,0.508,0.626,0.62,0.611,0.621,0.451,0.414,0.435
290,1,0,4.5,0.2,0.81,0.69,0.446,0.422,0.48,0.438,0.492,0.458,0.691,0.687,0.672,0.67,0.571,0.564,0.589,0.542,0.515,0.574,0.568,0.734,0.734,0.73,0.709,0.503,0.506,0.527
291,2,0,10.9,0.1,0.44,0.75,0.405,0.434,0.47,0.439,0.413,0.433,0.61,0.614,0.663,0.672,0.54,0.512,0.56,0.562,0.54,0.561,0.492,0.7,0.665,0.693,0.675,0.462,0.455,0.486
292,3,0,3.6,0.2,0.6,0.55,0.355,0.397,0.339,0.374,0.375,0.331,0.564,0.616,0.577,0.574,0.433,0.421,0.421,0.467,0.484,0.485,0.438,0.605,0.581,0.573,0.638,0.416,0.422,0.435
293,4,0,2.6,0.0,0.8,0.67,0.26,0.295,0.282,0.263,0.258,0.282,0.394,0.394,0.458,0.405,0.323,0.392,0.338,0.328,0.319,0.339,0.33,0.474,0.435,0.464,0.476,0.295,0.342,0.335
294,5,0,4.6,0.4,0.81,0.77,0.369,0.319,0.322,0.366,0.329,0.354,0.539,0.518,0.525,0.539,0.445,0.442,0.462,0.44,0.413,0.474,0.425,0.543,0.549,0.601,0.581,0.413,0.4,0.4
295,6,1,7.1,0.3,0.21,0.77,0.284,0.25,0.271,0.299,0.292,0.338,0.422,0.388,0.452,0.422,0.367,0.334,0.34,0.362,0.326,0.363,0.346,0.45,0.448,0.44,0.447,0.31,0.335,0.328
296,7,1,5.1,1.2,0.48,0.79,0.38,0.413,0.357,0.387,0.356,0.343,0.589,0.602,0.586,0.558,0.488,0.518,0.498,0.477,0.462,0.453,0.453,0.629,0.607,0.63,0.611,0.434,0.403,0.44
297,1,0,6.3,4.4,0.52,0.7,0.432,0.436,0.409,0.439,0.476,0.45,0.686,0.668,0.649,0.652,0.601,0.518,0.561,0.571,0.558,0.539,0.591,0.712,0.736,0.735,0.733,0.477,0.538,0.525
298,2,0,8.9,0.2,0.32,0.78,0.394,0.385,0.427,0.381,0.378,0.385,0.568,0.588,0.57,0.58,0.475,0.465,0.488,0.493,0.502,0.5,0.451,0.602,0.699,0.616,0.654,0.405,0.454,0.454
299,3,0,8.6,2.6,0.89,0.7,0.279,0.259,0.284,0.273,0.283,0.28,0.366,0.407,0.415,0.393,0.284,0.319,0.331,0.348,0.346,0.364,0.341,0.413,0.42,0.409,0.469,0.294,0.295,0.287
300,4,0,4.7,1.3,0.88,0.71,0.346,0.321,0.323,0.3,0.322,0.357,0.522,0.496,0.47,0.5,0.406,0.44,0.412,0.408,0.399,0.407,0.388,0.483,0.543,0.512,0.535,0.35,0.36,0.318
301,5,0,4.5,0.1,0.74,0.59,0.228,0.254,0.282,0.28,0.218,0.262,0.423,0.364,0.36,0.404,0.304,0.314,0.325,0.333,0.292,0.317,0.308,0.413,0.41,0.426,0.414,0.299,0.227,0.277
302,6,1,6.8,0.2,0.37,0.78,0.288,0.277,0.263,0.299,0.257,0.284,0.44,0.423,0.393,0.405,0.317,0.341,0.346,0.377,0.318,0.336,0.329,0.479,0.44,0.438,0.463,0.298,0.323,0.282
303,7,1,4.0,0.4,0.17,0.8,0.482,0.476,0.463,0.48,0.49,0.507,0.727,0.697,0.709,0.7,0.621,0.581,0.615,0.59,0.6,0.581,0.589,0.819,0.754,0.776,0.766,0.552,0.51,0.525
304,1,0,3.8,0.2,0.45,0.85,0.276,0.327,0.327,0.322,0.341,0.332,0.461,0.517,0.526,0.476,0.44,0.42,0.404,0.424,0.458,0.422,0.384,0.545,0.556,0.488,0.544,0.347,0.336,0.355
305,2,0,1.0,0.4,0.5,0.67,0.37,0.373,0.363,0.378,0.358,0.344,0.533,0.59,0.538,0.547,0.462,0.449,0.468,0.442,0.434,0.482,0.464,0.62,0.591,0.599,0.578,0.397,0.405,0.369
306,3,0,0.4,0.1,0.87,0.8,0.41,0.432,0.436,0.405,0.474,0.383,0.67,0.673,0.649,0.647,0.526,0.55,0.543,0.528,0.552,0.539,0.584,0.718,0.697,0.752,0.729,0.464,0.509,0.483
307,4,0,0.3,1.2,0.86,0.81,0.386,0.392,0.411,0.421,0.42,0.401,0.612,0.575,0.617,0.601,0.542,0.489,0.476,0.512,0.524,0.506,0.531,0.627,0.673,0.635,0.666,0.468,0.455,0.458
308,5,0,5.2,2.3,0.64,0.8,0.282,0.32,0.339,0.312,0.281,0.292,0.479,0.47,0.406,0.449,0.376,0.365,0.377,0.372,0.376,0.374,0.365,0.475,0.514,0.488,0.469,0.354,0.331,0.319
309,6,1,5.7,0.5,0.32,0.64,0.406,0.427,0.373,0.388,0.364,0.389,0.601,0.605,0.616,0.59,0.512,0.557,0.499,0.527,0.516,0.507,0.52,0.674,0.667,0.661,0.658,0.445,0.433,0.473
310,7,1,2.4,0.4,0.26,0.71,0.252,0.257,0.283,0.269,0.282,0.256,0.394,0.382,0.397,0.421,0.369,0.318,0.33,0.282,0.31,0.337,0.352,0.442,0.378,0.426,0.416,0.293,0.323,0.319
311,1,0,3.2,0.3,0.85,0.79,0.446,0.426,0.408,0.379,0.386,0.406,0.643,0.551,0.589,0.604,0.502,0.498,0.497,0.491,0.509,0.473,0.46,0.61,0.649,0.599,0.639,0.422,0.441,0.436
312,2,0,6.4,0.3,0.07,0.81,0.38,0.367,0.365,0.355,0.342,0.398,0.52,0.589,0.596,0.541,0.493,0.429,0.474,0.459,0.437,0.474,0.462,0.609,0.581,0.615,0.61,0.427,0.399,0.412
313,3,0,1.7,4.2,0.16,0.67,0.418,0.382,0.421,0.386,0.368,0.352,0.597,0.61,0.56,0.583,0.499,0.461,0.45,0.467,0.486,0.437,0.499,0.651,0.645,0.626,0.612,0.37,0.419,0.408
314,4,0,1.7,1.6,0.54,0.69,0.326,0.306,0.336,0.322,0.333,0.335,0.501,0.497,0.482,0.495,0.416,0.433,0.392,0.429,0.399,0.394,0.436,0.524,0.536,0.542,0.508,0.373,0.395,0.337
315,5,0,4.2,0.6,0.26,0.68,0.38,0.372,0.396,0.406,0.365,0.368,0.601,0.589,0.571,0.593,0.466,0.475,0.497,0.493,0.494,0.489,0.455,0.657,0.612,0.661,0.628,0.443,0.434,0.455
316,6,1,2.4,0.1,0.4,0.56,0.413,0.434,0.372,0.396,0.44,0.413,0.637,0.639,0.629,0.568,0.5,0.516,0.517,0.517,0.512,0.501,0.528,0.665,0.699,0.676,0.698,0.491,0.442,0.465
317,7,1,-0.3,0.9,0.63,0.6,0.296,0.284,0.295,0.319,0.338,0.298,0.499,0.504,0.495,0.446,0.446,0.4,0.401,0.384,0.422,0.449,0.386,0.559,0.527,0.552,0.507,0.349,0.378,0.37
318,1,0,1.5,0.0,0.89,0.67,0.402,0.371,0.387,0.379,0.383,0.375,0.596,0.565,0.598,0.56,0.484,0.514,0.5,0.499,0.499,0.519,0.519,0.642,0.623,0.641,0.619,0.454,0.441,0.451
319,2,0,4.1,0.5,0.85,0.7,0.242,0.269,0.229,0.271,0.245,0.258,0.402,0.405,0.344,0.392,0.281,0.33,0.311,0.293,0.32,0.286,0.308,0.365,0.396,0.413,0.393,0.285,0.272,0.293
320,3,0,5.9,0.7,0.5,0.71,0.374,0.375,0.36,0.368,0.349,0.356,0.598,0.55,0.553,0.593,0.468,0.497,0.473,0.475,0.46,0.485,0.492,0.632,0.623,0.62,0.603,0.435,0.433,0.452
321,4,0,-0.6,0.1,0.28,0.96,0.413,0.391,0.412,0.355,0.386,0.368,0.596,0.627,0.604,0.607,0.501,0.502,0.51,0.505,0.478,0.517,0.513,0.653,0.646,0.656,0.659,0.466,0.462,0.462
322,5,0,1.2,0.4,0.29,0.68,0.469,0.416,0.415,0.413,0.42,0.44,0.609,0.691,0.64,0.64,0.524,0.551,0.559,0.53,0.509,0.509,0.552,0.695,0.685,0.711,0.711,0.478,0.492,0.504
323,6,1,2.3,0.6,0.64,0.55,0.316,0.299,0.3,0.271,0.313,0.295,0.438,0.447,0.456,0.469,0.399,0.39,0.381,0.385,0.377,0.363,0.376,0.488,0.495,0.474,0.495,0.326,0.32,0.344
324,7,1,1.3,0.7,0.38,0.52,0.267,0.261,0.259,0.276,0.255,0.262,0.391,0.368,0.343,0.363,0.315,0.339,0.284,0.346,0.347,0.329,0.323,0.391,0.452,0.434,0.408,0.282,0.283,0.269
325,1,0,1.5,0.4,0.57,0.85,0.272,0.247,0.267,0.277,0.323,0.294,0.422,0.389,0.437,0.428,0.35,0.335,0.358,0.34,0.356,0.337,0.333,0.475,0.419,0.457,0.422,0.34,0.316,0.281
326,2,0,2.9,1.2,0.89,0.7,0.28,0.283,0.282,0.282,0.257,0.302,0.369,0.413,0.398,0.445,0.336,0.334,0.335,0.338,0.338,0.34,0.335,0.48,0.409,0.45,0.43,0.331,0.34,0.299
327,3,0,4.0,0.4,0.39,0.79,0.449,0.499,0.412,0.463,0.424,0.436,0.607,0.649,0.626,0.624,0.561,0.521,0.504,0.525,0.552,0.542,0.541,0.7,0.695,0.731,0.703,0.473,0.467,0.498
328,4,0,1.0,1.0,0.47,0.89,0.293,0.279,0.226,0.258,0.219,0.261,0.41,0.378,0.407,0.401,0.304,0.351,0.332,0.346,0.338,0.357,0.307,0.449,0.443,0.462,0.407,0.302,0.288,0.273
329,5,0,2.6,0.1,0.88,0.82,0.488,0.498,0.456,0.513,0.481,0.489,0.713,0.731,0.695,0.717,0.586,0.607,0.576,0.576,0.594,0.554,0.601,0.757,0.786,0.789,0.766,0.536,0.528,0.546
330,6,1,3.1,0.4,0.96,0.66,0.291,0.281,0.287,0.287,0.263,0.255,0.432,0.443,0.457,0.403,0.373,0.367,0.323,0.336,0.386,0.318,0.365,0.481,0.496,0.475,0.455,0.323,0.319,0.326
331,7,1,0.3,0.9,0.37,0.53,0.37,0.344,0.347,0.341,0.315,0.322,0.548,0.572,0.545,0.585,0.452,0.475,0.44,0.429,0.46,0.453,0.413,0.584,0.577,0.57,0.585,0.399,0.402,0.39
332,1,0,0.4,0.1,0.24,0.79,0.331,0.315,0.327,0.319,0.315,0.361,0.437,0.512,0.511,0.488,0.419,0.403,0.411,0.456,0.428,0.431,0.393,0.525,0.517,0.56,0.512,0.378,0.35,0.373
333,2,0,2.3,2.3,0.71,0.73,0.478,0.418,0.457,0.412,0.464,0.426,0.637,0.67,0.663,0.675,0.573,0.571,0.569,0.584,0.569,0.557,0.556,0.71,0.73,0.719,0.707,0.533,0.537,0.524
334,3,0,2.3,0.1,0.7,0.72,0.368,0.382,0.376,0.366,0.376,0.342,0.582,0.524,0.589,0.576,0.467,0.444,0.502,0.457,0.484,0.478,0.482,0.614,0.6,0.624,0.597,0.41,0.429,0.419
335,4,0,0.8,0.3,0.8,0.54,0.301,0.301,0.303,0.306,0.324,0.302,0.431,0.449,0.428,0.425,0.372,0.383,0.364,0.405,0.38,0.368,0.368,0.496,0.479,0.519,0.483,0.316,0.353,0.356
336,5,0,3.0,0.2,0.45,0.77,0.304,0.348,0.307,0.318,0.346,0.325,0.517,0.528,0.491,0.497,0.4,0.421,0.426,0.423,0.403,0.423,0.407,0.545,0.591,0.558,0.564,0.363,0.346,0.354
337,6,1,3.2,1.2,0.53,0.83,0.44,0.468,0.42,0.434,0.444,0.384,0.649,0.653,0.645,0.633,0.534,0.512,0.548,0.51,0.518,0.506,0.542,0.715,0.701,0.708,0.657,0.459,0.492,0.507
338,7,1,2.8,0.7,0.25,0.74,0.385,0.325,0.365,0.361,0.376,0.373,0.529,0.546,0.559,0.576,0.476,0.452,0.451,0.451,0.461,0.466,0.469,0.595,0.596,0.599,0.596,0.423,0.426,0.43
339,1,0,2.5,0.7,0.43,0.72,0.277,0.273,0.281,0.284,0.273,0.285,0.427,0.435,0.442,0.453,0.36,0.333,0.331,0.357,0.375,0.346,0.364,0.491,0.482,0.49,0.466,0.311,0.314,0.315
340,2,0,-2.9,1.1,0.07,0.8,0.318,0.291,0.326,0.313,0.314,0.317,0.428,0.47,0.466,0.427,0.385,0.413,0.365,0.372,0.377,0.363,0.373,0.488,0.506,0.482,0.491,0.347,0.335,0.305
341,3,0,0.5,1.2,0.73,0.69,0.256,0.264,0.245,0.272,0.23,0.252,0.397,0.334,0.387,0.4,0.295,0.298,0.346,0.341,0.337,0.354,0.314,0.458,0.432,0.419,0.423,0.315,0.299,0.3
342,4,0,-1.0,0.6,0.31,0.96,0.321,0.335,0.331,0.353,0.341,0.353,0.467,0.472,0.476,0.516,0.434,0.442,0.41,0.425,0.404,0.406,0.41,0.535,0.547,0.566,0.525,0.364,0.418,0.39
343,5,0,-0.8,0.3,0.62,0.54,0.266,0.255,0.272,0.256,0.247,0.291,0.38,0.37,0.427,0.422,0.362,0.327,0.317,0.317,0.333,0.285,0.34,0.45,0.412,0.425,0.416,0.298,0.269,0.282
344,6,1,-2.5,0.9,0.91,0.77,0.252,0.279,0.275,0.254,0.225,0.277,0.365,0.372,0.363,0.383,0.315,0.364,0.328,0.309,0.322,0.318,0.309,0.374,0.447,0.402,0.392,0.278,0.29,0.328
345,7,1,5.0,0.3,0.48,0.54,0.426,0.436,0.467,0.398,0.375,0.414,0.619,0.627,0.65,0.622,0.522,0.525,0.495,0.504,0.499,0.533,0.532,0.662,0.706,0.67,0.673,0.478,0.48,0.508
346,1,0,1.2,2.7,0.66,0.64,0.32,0.302,0.29,0.273,0.299,0.309,0.458,0.422,0.508,0.467,0.366,0.404,0.342,0.365,0.414,0.363,0.388,0.51,0.468,0.457,0.474,0.343,0.339,0.344
347,2,0,2.0,1.8,0.65,0.6,0.278,0.246,0.27,0.273,0.297,0.294,0.398,0.393,0.397,0.382,0.342,0.293,0.327,0.342,0.361,0.33,0.357,0.432,0.442,0.405,0.446,0.317,0.339,0.285
348,3,0,-2.6,2.0,0.57,0.6,0.236,0.248,0.239,0.277,0.216,0.241,0.385,0.38,0.353,0.381,0.311,0.306,0.305,0.293,0.338,0.331,0.318,0.404,0.408,0.431,0.446,0.273,0.28,0.318
349,4,0,3.9,0.2,0.12,0.84,0.24,0.285,0.249,0.221,0.274,0.239,0.422,0.359,0.359,0.367,0.318,0.31,0.289,0.337,0.309,0.32,0.302,0.388,0.407,0.414,0.391,0.267,0.249,0.322
350,5,0,0.6,0.2,0.17,0.66,0.289,0.358,0.379,0.328,0.349,0.35,0.518,0.518,0.533,0.505,0.414,0.44,0.43,0.419,0.413,0.419,0.425,0.565,0.548,0.548,0.546,0.384,0.373,0.38
351,6,1,3.0,0.2,0.18,0.55,0.375,0.395,0.39,0.379,0.356,0.385,0.561,0.545,0.602,0.561,0.507,0.474,0.477,0.486,0.444,0.459,0.478,0.632,0.63,0.596,0.614,0.441,0.405,0.427
352,7,1,4.1,0.0,0.6,0.61,0.33,0.352,0.346,0.353,0.348,0.333,0.491,0.528,0.498,0.481,0.432,0.413,0.423,0.448,0.438,0.463,0.392,0.516,0.514,0.533,0.508,0.384,0.384,0.372
353,1,0,-2.5,1.5,0.71,0.71,0.329,0.349,0.335,0.314,0.368,0.317,0.479,0.451,0.519,0.531,0.414,0.408,0.425,0.438,0.414,0.451,0.408,0.58,0.538,0.538,0.565,0.349,0.404,0.381
354,2,0,-3.0,0.1,0.58,0.72,0.406,0.418,0.429,0.43,0.452,0.424,0.668,0.629,0.624,0.621,0.525,0.521,0.541,0.512,0.52,0.529,0.544,0.704,0.619,0.728,0.711,0.483,0.485,0.485
355,3,0,-2.5,0.5,0.63,0.72,0.265,0.272,0.246,0.255,0.281,0.265,0.387,0.399,0.405,0.39,0.322,0.361,0.32,0.275,0.309,0.319,0.323,0.425,0.453,0.436,0.425,0.301,0.315,0.289
356,4,0,-0.8,3.0,0.43,0.51,0.323,0.373,0.32,0.348,0.371,0.338,0.529,0.546,0.516,0.509,0.448,0.475,0.425,0.442,0.457,0.415,0.468,0.584,0.56,0.604,0.588,0.352,0.398,0.404
357,5,0,-1.6,0.4,0.46,0.7,0.328,0.336,0.336,0.298,0.324,0.322,0.523,0.461,0.492,0.49,0.438,0.406,0.402,0.391,0.404,0.386,0.428,0.563,0.557,0.582,0.537,0.379,0.38,0.358
358,6,1,0.9,0.6,0.7,0.3,0.418,0.435,0.396,0.46,0.427,0.416,0.618,0.637,0.607,0.633,0.546,0.531,0.519,0.551,0.53,0.516,0.509,0.681,0.652,0.685,0.708,0.478,0.5,0.472
359,7,1,-1.5,0.4,0.6,0.54,0.275,0.277,0.273,0.279,0.279,0.3,0.389,0.441,0.397,0.432,0.357,0.34,0.384,0.387,0.347,0.327,0.362,0.454,0.46,0.497,0.446,0.31,0.312,0.384
360,1,0,0.3,1.8,0.2,0.67,0.465,0.484,0.497,0.471,0.502,0.479,0.744,0.714,0.71,0.751,0.629,0.604,0.624,0.632,0.592,0.609,0.599,0.778,0.766,0.769,0.783,0.521,0.539,0.522
361,2,0,4.7,0.3,0.9,0.54,0.268,0.273,0.29,0.251,0.288,0.252,0.388,0.382,0.422,0.384,0.304,0.307,0.339,0.367,0.309,0.319,0.339,0.434,0.438,0.414,0.424,0.306,0.306,0.281
362,3,0,0.7,1.9,0.49,0.67,0.445,0.481,0.44,0.459,0.417,0.431,0.65,0.673,0.676,0.662,0.509,0.539,0.54,0.518,0.563,0.592,0.533,0.727,0.722,0.695,0.743,0.507,0.477,0.508
363,4,0,-1.9,0.9,0.29,0.83,0.207,0.245,0.273,0.273,0.256,0.266,0.371,0.327,0.383,0.367,0.323,0.281,0.299,0.296,0.306,0.317,0.336,0.401,0.372,0.377,0.401,0.272,0.291,0.275
364,5,0,0.9,1.0,0.9,0.61,0.383,0.383,0.338,0.342,0.365,0.362,0.533,0.543,0.543,0.575,0.5,0.432,0.447,0.459,0.447,0.409,0.444,0.565,0.603,0.613,0.548,0.427,0.417,0.442
365,6,1,-1.9,0.9,0.46,0.56,0.338,0.386,0.357,0.376,0.361,0.396,0.593,0.582,0.558,0.597,0.465,0.463,0.435,0.491,0.474,0.474,0.461,0.621,0.634,0.641,0.637,0.429,0.423,0.462
1,7,1,0.0,0.5,0.33,0.58,0.374,0.327,0.345,0.324,0.361,0.323,0.544,0.509,0.532,0.527,0.471,0.439,0.442,0.408,0.405,0.446,0.448,0.555,0.527,0.524,0.569,0.407,0.38,0.407
2,1,0,-2.1,0.0,0.48,0.46,0.262,0.312,0.308,0.269,0.311,0.29,0.416,0.405,0.43,0.428,0.358,0.371,0.373,0.374,0.351,0.353,0.398,0.469,0.44,0.491,0.468,0.325,0.349,0.298
3,2,0,2.8,0.2,0.36,0.62,0.449,0.443,0.475,0.459,0.46,0.49,0.678,0.731,0.727,0.738,0.551,0.612,0.611,0.579,0.592,0.544,0.57,0.746,0.752,0.738,0.753,0.519,0.521,0.518
4,3,0,0.6,1.5,0.44,0.9,0.294,0.286,0.293,0.314,0.258,0.29,0.412,0.43,0.424,0.421,0.308,0.38,0.352,0.346,0.385,0.329,0.415,0.457,0.505,0.504,0.47,0.349,0.307,0.3
5,4,0,1.8,1.1,0.47,0.77,0.265,0.314,0.242,0.232,0.247,0.281,0.36,0.409,0.393,0.428,0.344,0.352,0.349,0.358,0.314,0.33,0.333,0.431,0.445,0.462,0.411,0.31,0.302,0.303
6,5,0,-3.5,1.1,0.61,0.69,0.427,0.422,0.481,0.462,0.463,0.42,0.695,0.688,0.669,0.669,0.563,0.563,0.56,0.529,0.565,0.545,0.56,0.748,0.72,0.734,0.747,0.494,0.553,0.531
7,6,1,-0.5,1.0,0.81,0.7,0.28,0.279,0.296,0.246,0.202,0.312,0.382,0.345,0.376,0.345,0.325,0.333,0.299,0.317,0.338,0.31,0.309,0.466,0.405,0.422,0.412,0.305,0.289,0.294
8,7,1,1.5,1.3,0.26,0.76,0.365,0.336,0.358,0.357,0.353,0.386,0.52,0.541,0.529,0.537,0.435,0.455,0.412,0.439,0.463,0.41,0.443,0.553,0.551,0.576,0.562,0.425,0.391,0.387
9,1,0,0.6,0.7,0.57,0.49,0.354,0.39,0.365,0.323,0.335,0.341,0.548,0.56,0.584,0.523,0.464,0.444,0.453,0.47,0.467,0.461,0.49,0.581,0.597,0.598,0.602,0.411,0.395,0.409
10,2,0,2.0,1.0,0.68,0.87,0.396,0.394,0.394,0.365,0.387,0.379,0.571,0.626,0.596,0.614,0.508,0.516,0.532,0.493,0.51,0.509,0.465,0.631,0.618,0.65,0.668,0.438,0.442,0.456
11,3,0,1.0,1.1,0.65,0.7,0.45,0.471,0.43,0.446,0.478,0.481,0.713,0.686,0.722,0.7,0.576,0.577,0.568,0.562,0.595,0.6,0.598,0.757,0.779,0.788,0.785,0.526,0.513,0.545
12,4,0,1.3,1.0,0.25,0.85,0.331,0.345,0.329,0.314,0.33,0.339,0.528,0.469,0.522,0.541,0.411,0.412,0.423,0.398,0.415,0.366,0.432,0.589,0.545,0.534,0.541,0.417,0.394,0.396
13,5,0,1.7,0.4,0.41,0.6,0.437,0.394,0.4,0.405,0.42,0.403,0.688,0.609,0.654,0.631,0.513,0.504,0.512,0.511,0.522,0.551,0.5,0.679,0.662,0.66,0.681,0.509,0.471,0.467
14,6,1,0.0,2.0,0.85,0.62,0.264,0.293,0.294,0.294,0.276,0.251,0.443,0.447,0.389,0.406,0.348,0.355,0.366,0.347,0.32,0.372,0.329,0.433,0.473,0.455,0.437,0.302,0.294,0.321
15,7,1,3.2,1.9,0.81,0.97,0.371,0.351,0.361,0.395,0.341,0.361,0.533,0.533,0.585,0.562,0.456,0.496,0.507,0.474,0.466,0.441,0.472,0.638,0.645,0.642,0.616,0.411,0.448,0.441
16,1,0,0.1,0.6,0.64,0.62,0.304,0.278,0.283,0.288,0.309,0.28,0.36,0.368,0.425,0.409,0.341,0.348,0.372,0.348,0.344,0.32,0.35,0.465,0.445,0.433,0.455,0.321,0.307,0.277
17,2,0,-2.2,0.7,0.38,0.63,0.307,0.282,0.289,0.284,0.306,0.287,0.471,0.402,0.478,0.46,0.388,0.4,0.372,0.398,0.416,0.386,0.386,0.464,0.473,0.49,0.47,0.385,0.338,0.34
18,3,0,3.4,0.5,0.26,0.82,0.424,0.441,0.433,0.472,0.437,0.459,0.652,0.645,0.639,0.659,0.533,0.524,0.553,0.505,0.551,0.535,0.528,0.696,0.727,0.672,0.762,0.449,0.527,0.493
19,4,0,1.7,4.4,0.83,0.65,0.471,0.435,0.439,0.423,0.465,0.455,0.655,0.667,0.667,0.675,0.566,0.538,0.576,0.544,0.552,0.524,0.568,0.727,0.721,0.741,0.702,0.469,0.514,0.509
20,5,0,-1.4,0.2,0.72,0.51,0.412,0.441,0.374,0.452,0.432,0.428,0.649,0.613,0.623,0.637,0.527,0.508,0.52,0.517,0.493,0.519,0.52,0.647,0.665,0.672,0.692,0.463,0.475,0.456
21,6,1,1.4,1.8,0.23,0.72,0.324,0.317,0.342,0.34,0.367,0.328,0.495,0.475,0.491,0.504,0.384,0.43,0.439,0.39,0.419,0.416,0.403,0.559,0.561,0.555,0.537,0.394,0.384,0.406
22,7,1,3.0,0.2,0.59,0.54,0.468,0.476,0.513,0.5,0.443,0.491,0.741,0.701,0.726,0.707,0.595,0.626,0.612,0.618,0.606,0.612,0.611,0.775,0.767,0.822,0.761,0.542,0.523,0.56
23,1,0,1.3,1.1,0.38,0.86,0.474,0.474,0.431,0.473,0.447,0.438,0.711,0.695,0.691,0.701,0.569,0.56,0.598,0.606,0.6,0.648,0.585,0.758,0.779,0.74,0.772,0.485,0.523,0.528
24,2,0,3.4,1.3,0.22,0.55,0.454,0.452,0.456,0.447,0.427,0.469,0.703,0.681,0.702,0.679,0.613,0.572,0.559,0.623,0.604,0.603,0.602,0.733,0.753,0.733,0.738,0.566,0.515,0.544
25,3,0,4.1,0.5,0.4,0.77,0.274,0.298,0.281,0.299,0.259,0.305,0.404,0.434,0.419,0.439,0.37,0.363,0.346,0.356,0.313,0.348,0.39,0.461,0.449,0.416,0.478,0.343,0.346,0.312
26,4,0,3.3,0.7,0.82,0.82,0.359,0.377,0.373,0.393,0.338,0.341,0.526,0.602,0.517,0.539,0.467,0.462,0.481,0.469,0.46,0.448,0.457,0.578,0.591,0.617,0.622,0.43,0.422,0.412
27,5,0,2.0,0.2,0.46,0.71,0.382,0.389,0.415,0.402,0.371,0.347,0.574,0.595,0.56,0.577,0.467,0.503,0.478,0.472,0.478,0.455,0.468,0.66,0.632,0.608,0.651,0.414,0.447,0.433
28,6,1,-1.6,1.6,0.37,0.68,0.367,0.356,0.356,0.382,0.381,0.405,0.538,0.516,0.56,0.525,0.44,0.46,0.444,0.421,0.407,0.473,0.458,0.598,0.605,0.54,0.612,0.412,0.39,0.445
29,7,1,1.7,0.2,0.06,0.73,0.266,0.261,0.24,0.283,0.248,0.274,0.426,0.376,0.37,0.396,0.325,0.333,0.302,0.306,0.274,0.348,0.337,0.371,0.431,0.411,0.406,0.263,0.283,0.318
30,1,0,3.4,1.0,0.39,0.72,0.289,0.311,0.32,0.299,0.301,0.286,0.459,0.488,0.461,0.438,0.382,0.372,0.352,0.39,0.391,0.398,0.364,0.515,0.483,0.511,0.469,0.325,0.366,0.359
31,2,0,0.6,0.5,0.42,0.81,0.424,0.401,0.43,0.421,0.413,0.418,0.617,0.621,0.58,0.606,0.517,0.479,0.519,0.532,0.483,0.501,0.519,0.688,0.639,0.681,0.675,0.486,0.464,0.447
32,3,0,2.0,0.1,0.51,0.65,0.391,0.334,0.351,0.363,0.397,0.342,0.555,0.528,0.544,0.52,0.459,0.42,0.479,0.439,0.478,0.428,0.429,0.571,0.558,0.566,0.571,0.444,0.386,0.382
33,4,0,-1.5,0.7,0.42,0.82,0.406,0.384,0.433,0.382,0.418,0.433,0.635,0.614,0.635,0.648,0.545,0.513,0.526,0.538,0.503,0.525,0.532,0.659,0.693,0.677,0.681,0.449,0.496,0.474
34,5,0,3.1,0.0,0.34,0.67,0.409,0.395,0.367,0.433,0.432,0.401,0.647,0.632,0.628,0.62,0.521,0.501,0.488,0.549,0.532,0.534,0.529,0.708,0.735,0.694,0.683,0.48,0.491,0.472
35,6,1,2.3,0.3,0.5,0.63,0.44,0.438,0.474,0.453,0.439,0.423,0.658,0.695,0.662,0.637,0.55,0.516,0.56,0.546,0.552,0.547,0.568,0.718,0.737,0.716,0.727,0.501,0.516,0.516
36,7,1,-1.6,0.0,0.4,0.75,0.373,0.355,0.41,0.39,0.394,0.417,0.573,0.593,0.54,0.585,0.495,0.485,0.487,0.501,0.483,0.468,0.512,0.652,0.617,0.649,0.627,0.449,0.447,0.452
37,1,0,2.9,5.7,0.04,0.75,0.343,0.368,0.345,0.387,0.38,0.327,0.513,0.547,0.54,0.54,0.456,0.465,0.466,0.47,0.465,0.468,0.457,0.615,0.591,0.618,0.585,0.437,0.405,0.45
38,2,0,0.8,2.2,0.34,0.74,0.324,0.334,0.368,0.319,0.348,0.347,0.528,0.52,0.533,0.522,0.432,0.447,0.433,0.408,0.438,0.41,0.44,0.551,0.589,0.55,0.596,0.407,0.383,0.372
39,3,0,1.5,0.1,0.49,0.78,0.516,0.481,0.471,0.467,0.514,0.495,0.662,0.687,0.706,0.713,0.598,0.556,0.6,0.601,0.597,0.609,0.576,0.777,0.775,0.776,0.743,0.529,0.507,0.538
40,4,0,1.0,0.6,0.64,0.53,0.378,0.438,0.424,0.408,0.423,0.388,0.583,0.615,0.585,0.603,0.468,0.537,0.485,0.483,0.503,0.532,0.497,0.625,0.652,0.614,0.637,0.455,0.437,0.438
41,5,0,-2.0,1.4,0.24,0.77,0.391,0.391,0.409,0.408,0.387,0.414,0.599,0.601,0.618,0.623,0.505,0.487,0.499,0.541,0.502,0.523,0.511,0.674,0.661,0.667,0.679,0.466,0.494,0.431
42,6,1,1.0,5.1,0.29,0.6,0.244,0.295,0.263,0.244,0.268,0.281,0.426,0.45,0.443,0.391,0.355,0.367,0.383,0.309,0.31,0.339,0.32,0.417,0.472,0.435,0.453,0.285,0.328,0.313
43,7,1,4.5,1.2,0.87,0.83,0.285,0.246,0.32,0.287,0.292,0.258,0.424,0.381,0.396,0.405,0.354,0.35,0.351,0.382,0.367,0.376,0.366,0.447,0.457,0.449,0.425,0.338,0.306,0.363
44,1,0,1.7,2.0,0.57,0.62,0.368,0.309,0.341,0.326,0.368,0.334,0.513,0.545,0.496,0.523,0.458,0.424,0.402,0.395,0.407,0.39,0.442,0.542,0.561,0.572,0.566,0.409,0.348,0.419
45,2,0,0.7,3.9,0.55,0.71,0.264,0.279,0.239,0.278,0.241,0.26,0.425,0.412,0.387,0.438,0.331,0.307,0.308,0.308,0.303,0.326,0.369,0.425,0.479,0.455,0.403,0.315,0.291,0.297
46,3,0,3.0,1.1,0.57,0.74,0.459,0.526,0.478,0.468,0.456,0.472,0.702,0.669,0.703,0.695,0.582,0.597,0.559,0.564,0.61,0.588,0.609,0.736,0.736,0.741,0.765,0.534,0.516,0.547
47,4,0,4.7,0.3,0.74,0.46,0.305,0.311,0.318,0.295,0.312,0.266,0.469,0.477,0.478,0.423,0.386,0.356,0.352,0.38,0.382,0.3,0.369,0.51,0.515,0.489,0.491,0.28,0.358,0.329
48,5,0,4.3,1.2,0.43,0.67,0.384,0.374,0.419,0.341,0.411,0.368,0.556,0.559,0.58,0.541,0.496,0.477,0.465,0.484,0.508,0.468,0.454,0.614,0.619,0.649,0.615,0.437,0.405,0.428
49,6,1,4.3,1.1,0.26,0.84,0.449,0.478,0.52,0.425,0.5,0.489,0.706,0.699,0.683,0.694,0.557,0.557,0.599,0.549,0.556,0.563,0.572,0.768,0.74,0.732,0.753,0.522,0.466,0.514
50,7,1,5.0,0.5,0.53,0.72,0.257,0.241,0.305,0.265,0.235,0.253,0.396,0.385,0.374,0.405,0.337,0.308,0.331,0.354,0.312,0.292,0.295,0.433,0.418,0.397,0.414,0.289,0.275,0.305
51,1,0,4.8,0.6,0.21,0.69,0.389,0.344,0.372,0.366,0.323,0.376,0.521,0.524,0.564,0.536,0.424,0.439,0.443,0.438,0.438,0.423,0.475,0.561,0.551,0.552,0.579,0.37,0.374,0.379
52,2,0,3.7,1.6,0.63,0.9,0.275,0.282,0.245,0.292,0.298,0.279,0.4,0.403,0.451,0.442,0.389,0.353,0.316,0.339,0.334,0.32,0.358,0.419,0.458,0.47,0.456,0.279,0.316,0.317
53,3,0,2.6,0.4,0.2,0.58,0.449,0.437,0.494,0.489,0.449,0.481,0.705,0.681,0.692,0.659,0.587,0.588,0.55,0.549,0.576,0.58,0.558,0.749,0.77,0.77,0.713,0.508,0.499,0.518
54,4,0,2.0,0.1,0.4,0.68,0.393,0.395,0.396,0.372,0.418,0.396,0.577,0.583,0.573,0.579,0.54,0.485,0.515,0.525,0.47,0.499,0.478,0.638,0.642,0.652,0.622,0.423,0.405,0.426
55,5,0,3.7,0.2,0.27,0.75,0.389,0.378,0.355,0.379,0.359,0.345,0.529,0.544,0.554,0.553,0.468,0.472,0.48,0.448,0.445,0.48,0.437,0.603,0.58,0.605,0.584,0.403,0.425,0.396
56,6,1,4.5,0.8,0.66,0.66,0.31,0.304,0.277,0.26,0.287,0.262,0.466,0.429,0.431,0.415,0.377,0.369,0.363,0.4,0.377,0.381,0.359,0.479,0.504,0.477,0.492,0.34,0.353,0.331
57,7,1,5.7,0.1,0.51,0.59,0.438,0.434,0.423,0.427,0.427,0.401,0.648,0.643,0.673,0.664,0.56,0.532,0.54,0.548,0.534,0.566,0.532,0.708,0.732,0.713,0.69,0.459,0.486,0.491
58,1,0,4.3,1.3,0.44,0.51,0.309,0.379,0.304,0.349,0.315,0.327,0.554,0.512,0.554,0.531,0.406,0.458,0.46,0.462,0.47,0.444,0.453,0.597,0.572,0.572,0.537,0.376,0.378,0.418
59,2,0,7.1,1.0,0.39,0.38,0.436,0.45,0.455,0.441,0.46,0.472,0.653,0.66,0.688,0.687,0.567,0.603,0.546,0.564,0.59,0.557,0.545,0.744,0.752,0.752,0.746,0.546,0.501,0.491
60,3,0,3.6,0.2,0.48,0.74,0.361,0.393,0.384,0.369,0.397,0.401,0.607,0.568,0.569,0.561,0.47,0.485,0.47,0.46,0.457,0.479,0.476,0.601,0.632,0.627,0.606,0.438,0.449,0.45
61,4,0,5.5,3.1,0.3,0.76,0.325,0.373,0.308,0.374,0.327,0.327,0.48,0.502,0.508,0.471,0.475,0.408,0.419,0.427,0.434,0.408,0.401,0.499,0.541,0.524,0.538,0.384,0.39,0.372
62,5,0,1.0,2.0,0.71,0.68,0.249,0.264,0.287,0.286,0.271,0.288,0.427,0.397,0.406,0.417,0.344,0.35,0.397,0.345,0.348,0.372,0.341,0.455,0.422,0.468,0.467,0.29,0.304,0.353
63,6,1,6.5,1.0,0.66,0.63,0.388,0.417,0.422,0.404,0.417,0.394,0.594,0.579,0.605,0.595,0.538,0.5,0.544,0.493,0.491,0.498,0.472,0.668,0.701,0.677,0.614,0.466,0.418,0.437
64,7,1,4.0,2.5,0.14,0.77,0.363,0.331,0.337,0.356,0.354,0.332,0.529,0.538,0.564,0.552,0.435,0.398,0.439,0.461,0.438,0.423,0.423,0.561,0.541,0.552,0.585,0.408,0.418,0.424
65,1,0,6.0,1.5,0.81,0.74,0.309,0.305,0.284,0.302,0.271,0.294,0.444,0.4,0.482,0.461,0.361,0.39,0.384,0.332,0.405,0.345,0.374,0.525,0.512,0.482,0.494,0.32,0.377,0.352
66,2,0,9.3,2.2,0.3,0.51,0.357,0.314,0.336,0.326,0.327,0.343,0.521,0.502,0.509,0.533,0.407,0.389,0.463,0.441,0.422,0.424,0.419,0.544,0.563,0.545,0.49,0.382,0.374,0.386
67,3,0,6.6,0.3,0.88,0.66,0.353,0.321,0.327,0.34,0.382,0.357,0.574,0.503,0.521,0.548,0.401,0.436,0.442,0.469,0.436,0.453,0.449,0.565,0.624,0.55,0.572,0.429,0.4,0.399
68,4,0,6.4,0.2,0.52,0.69,0.331,0.29,0.345,0.292,0.323,0.339,0.479,0.491,0.5,0.468,0.388,0.376,0.471,0.4,0.424,0.415,0.398,0.512,0.55,0.49,0.553,0.378,0.363,0.386
69,5,0,1.6,0.1,0.29,0.73,0.395,0.354,0.407,0.345,0.397,0.4,0.596,0.575,0.565,0.568,0.464,0.466,0.468,0.517,0.492,0.489,0.484,0.598,0.624,0.601,0.608,0.419,0.471,0.442
70,6,1,10.3,0.1,0.69,0.56,0.471,0.456,0.426,0.452,0.443,0.463,0.717,0.682,0.7,0.683,0.566,0.551,0.573,0.567,0.576,0.545,0.549,0.697,0.717,0.718,0.728,0.503,0.483,0.538
71,7,1,5.7,1.0,0.71,0.8,0.426,0.413,0.368,0.358,0.438,0.391,0.588,0.598,0.615,0.615,0.487,0.481,0.491,0.527,0.503,0.507,0.542,0.636,0.657,0.667,0.664,0.51,0.504,0.48
72,1,0,8.4,0.3,0.71,0.54,0.36,0.353,0.376,0.393,0.348,0.372,0.581,0.569,0.55,0.575,0.47,0.427,0.416,0.507,0.497,0.471,0.475,0.611,0.601,0.622,0.639,0.362,0.391,0.413
73,2,0,6.3,1.9,0.53,0.75,0.429,0.459,0.368,0.406,0.408,0.433,0.66,0.628,0.596,0.66,0.523,0.52,0.521,0.56,0.529,0.517,0.545,0.709,0.723,0.674,0.726,0.462,0.505,0.462
74,3,0,6.0,1.4,0.82,0.73,0.407,0.424,0.408,0.427,0.45,0.407,0.613,0.585,0.618,0.632,0.51,0.528,0.506,0.538,0.499,0.513,0.499,0.678,0.664,0.66,0.63,0.469,0.455,0.467
75,4,0,8.9,0.6,0.64,0.66,0.468,0.434,0.444,0.449,0.427,0.448,0.688,0.674,0.663,0.688,0.536,0.551,0.567,0.549,0.553,0.549,0.575,0.742,0.725,0.747,0.757,0.505,0.51,0.511
76,5,0,6.6,1.1,0.51,0.64,0.493,0.45,0.506,0.507,0.491,0.46,0.706,0.724,0.734,0.737,0.603,0.601,0.639,0.599,0.606,0.605,0.621,0.745,0.814,0.762,0.819,0.539,0.571,0.53
77,6,1,7.0,0.6,0.24,0.51,0.244,0.254,0.23,0.26,0.275,0.256,0.396,0.366,0.35,0.359,0.307,0.303,0.294,0.288,0.307,0.296,0.295,0.383,0.378,0.389,0.37,0.252,0.282,0.277
78,7,1,7.8,0.8,0.52,0.76,0.289,0.348,0.293,0.337,0.292,0.327,0.47,0.475,0.509,0.477,0.352,0.378,0.408,0.378,0.419,0.361,0.407,0.518,0.524,0.506,0.48,0.364,0.334,0.351
79,1,0,8.8,0.1,0.41,0.56,0.408,0.444,0.462,0.402,0.46,0.438,0.616,0.651,0.652,0.62,0.543,0.513,0.547,0.524,0.505,0.519,0.517,0.68,0.707,0.733,0.693,0.479,0.484,0.518
80,2,0,3.8,0.1,0.6,0.63,0.45,0.44,0.472,0.456,0.491,0.493,0.706,0.694,0.662,0.7,0.55,0.565,0.545,0.549,0.593,0.585,0.552,0.724,0.727,0.735,0.773,0.507,0.506,0.48
81,3,0,9.1,1.1,0.88,0.68,0.48,0.421,0.437,0.423,0.447,0.437,0.62,0.665,0.653,0.644,0.546,0.498,0.538,0.515,0.545,0.541,0.54,0.719,0.681,0.729,0.684,0.507,0.462,0.518
82,4,0,6.9,0.6,0.85,0.71,0.294,0.279,0.273,0.304,0.274,0.269,0.419,0.411,0.403,0.406,0.343,0.297,0.332,0.359,0.36,0.296,0.333,0.461,0.454,0.412,0.424,0.284,0.285,0.269
83,5,0,10.0,0.3,0.7,0.7,0.37,0.375,0.429,0.401,0.439,0.373,0.593,0.583,0.571,0.562,0.478,0.487,0.476,0.493,0.476,0.508,0.474,0.597,0.618,0.62,0.623,0.428,0.418,0.401
84,6,1,9.0,0.1,0.34,0.69,0.238,0.257,0.258,0.296,0.257,0.265,0.41,0.391,0.442,0.399,0.336,0.354,0.366,0.307,0.32,0.289,0.331,0.396,0.445,0.453,0.434,0.283,0.294,0.305
85,7,1,8.0,2.3,0.75,0.96,0.417,0.458,0.415,0.454,0.449,0.446,0.669,0.644,0.653,0.608,0.557,0.531,0.5,0.552,0.56,0.545,0.548,0.7,0.695,0.705,0.721,0.52,0.503,0.513
86,1,0,7.4,2.4,0.56,0.62,0.367,0.396,0.348,0.376,0.383,0.39,0.556,0.571,0.567,0.565,0.482,0.459,0.473,0.468,0.432,0.475,0.462,0.595,0.601,0.624,0.616,0.401,0.389,0.409
87,2,0,9.2,0.1,0.7,0.43,0.329,0.379,0.328,0.328,0.332,0.373,0.527,0.457,0.508,0.499,0.381,0.395,0.447,0.415,0.424,0.375,0.393,0.546,0.502,0.512,0.515,0.372,0.419,0.352
88,3,0,9.5,1.9,0.61,0.85,0.344,0.318,0.313,0.312,0.307,0.326,0.488,0.514,0.504,0.516,0.394,0.412,0.423,0.414,0.436,0.43,0.416,0.555,0.522,0.543,0.522,0.363,0.369,0.402
89,4,0,12.4,0.7,0.5,0.65,0.376,0.362,0.414,0.38,0.391,0.373,0.561,0.58,0.586,0.566,0.492,0.482,0.478,0.49,0.472,0.515,0.481,0.612,0.619,0.607,0.59,0.42,0.433,0.404
90,5,0,7.0,0.2,0.37,0.75,0.312,0.326,0.292,0.276,0.325,0.272,0.446,0.41,0.452,0.421,0.393,0.358,0.35,0.353,0.374,0.386,0.36,0.511,0.485,0.488,0.461,0.355,0.313,0.359
91,6,1,14.3,2.1,0.25,0.73,0.218,0.233,0.232,0.218,0.223,0.202,0.372,0.338,0.365,0.359,0.292,0.278,0.302,0.323,0.296,0.319,0.306,0.425,0.371,0.403,0.41,0.27,0.273,0.266
92,7,1,11.9,0.4,0.07,0.72,0.462,0.432,0.409,0.429,0.445,0.419,0.642,0.603,0.633,0.669,0.528,0.552,0.544,0.537,0.517,0.54,0.548,0.703,0.698,0.726,0.678,0.44,0.498,0.493
93,1,0,8.5,0.8,0.56,0.51,0.318,0.339,0.367,0.352,0.378,0.297,0.475,0.517,0.485,0.51,0.427,0.412,0.404,0.462,0.393,0.426,0.422,0.573,0.551,0.535,0.507,0.385,0.402,0.367
94,2,0,7.4,0.6,0.73,0.79,0.366,0.423,0.383,0.383,0.414,0.35,0.562,0.567,0.537,0.553,0.45,0.482,0.449,0.487,0.47,0.476,0.457,0.616,0.613,0.568,0.615,0.407,0.437,0.4
95,3,0,13.6,0.6,0.46,0.64,0.323,0.302,0.341,0.331,0.283,0.303,0.49,0.467,0.491,0.478,0.439,0.41,0.388,0.425,0.395,0.366,0.414,0.534,0.504,0.513,0.522,0.343,0.364,0.332
96,4,0,13.6,0.0,0.21,0.8,0.278,0.293,0.28,0.289,0.26,0.288,0.418,0.406,0.414,0.39,0.368,0.323,0.354,0.344,0.337,0.325,0.369,0.464,0.462,0.437,0.462,0.306,0.348,0.349
97,5,0,11.2,0.5,0.62,0.73,0.357,0.324,0.389,0.339,0.369,0.362,0.532,0.522,0.538,0.571,0.466,0.477,0.447,0.463,0.468,0.454,0.478,0.615,0.587,0.558,0.569,0.398,0.377,0.396
98,6,1,8.4,0.9,0.57,0.78,0.284,0.318,0.326,0.313,0.321,0.309,0.485,0.495,0.488,0.514,0.432,0.422,0.411,0.424,0.406,0.457,0.385,0.573,0.563,0.548,0.569,0.38,0.379,0.36
99,7,1,11.8,2.1,0.05,0.67,0.31,0.288,0.295,0.299,0.294,0.311,0.449,0.426,0.442,0.461,0.355,0.408,0.363,0.4,0.376,0.377,0.333,0.484,0.513,0.505,0.457,0.377,0.368,0.297
100,1,0,13.6,3.4,0.37,0.53,0.225,0.263,0.244,0.284,0.246,0.297,0.382,0.377,0.355,0.404,0.312,0.334,0.327,0.326,0.314,0.295,0.313,0.387,0.434,0.408,0.402,0.296,0.299,0.29
101,2,0,17.9,0.4,0.92,0.66,0.314,0.313,0.315,0.32,0.329,0.34,0.474,0.435,0.461,0.466,0.389,0.4,0.404,0.397,0.386,0.405,0.395,0.48,0.508,0.502,0.525,0.381,0.325,0.332
102,3,0,8.6,1.1,0.61,0.63,0.302,0.264,0.318,0.284,0.341,0.281,0.46,0.427,0.448,0.469,0.35,0.39,0.411,0.376,0.361,0.409,0.409,0.463,0.473,0.497,0.485,0.339,0.367,0.328
103,4,0,12.3,2.0,0.88,0.64,0.268,0.308,0.314,0.29,0.309,0.294,0.436,0.451,0.445,0.444,0.349,0.358,0.388,0.348,0.373,0.363,0.351,0.504,0.504,0.463,0.478,0.328,0.319,0.363
104,5,0,12.2,3.4,0.69,0.78,0.367,0.402,0.376,0.382,0.425,0.339,0.564,0.591,0.55,0.525,0.46,0.428,0.454,0.466,0.51,0.494,0.427,0.586,0.571,0.583,0.592,0.411,0.406,0.425
105,6,1,16.7,1.5,0.39,0.66,0.295,0.272,0.258,0.269,0.269,0.317,0.37,0.414,0.368,0.438,0.358,0.319,0.324,0.328,0.312,0.338,0.348,0.452,0.435,0.452,0.411,0.308,0.31,0.316
106,7,1,16.7,0.5,0.48,0.74,0.335,0.31,0.364,0.338,0.29,0.284,0.488,0.497,0.477,0.494,0.408,0.402,0.42,0.406,0.428,0.433,0.43,0.54,0.502,0.545,0.535,0.377,0.369,0.368
107,1,0,12.9,2.2,0.43,0.61,0.401,0.387,0.406,0.396,0.422,0.417,0.62,0.625,0.597,0.643,0.51,0.567,0.515,0.499,0.526,0.503,0.52,0.637,0.686,0.688,0.655,0.468,0.48,0.43
108,2,0,12.0,0.5,0.48,0.62,0.295,0.284,0.32,0.306,0.339,0.298,0.453,0.472,0.455,0.459,0.359,0.358,0.403,0.41,0.381,0.362,0.398,0.53,0.482,0.516,0.495,0.36,0.355,0.361
109,3,0,10.9,0.5,0.43,0.77,0.48,0.461,0.473,0.455,0.47,0.47,0.685,0.685,0.688,0.696,0.589,0.568,0.566,0.561,0.591,0.574,0.597,0.739,0.761,0.765,0.757,0.54,0.512,0.521
110,4,0,15.4,0.7,0.16,0.68,0.288,0.333,0.288,0.341,0.309,0.339,0.46,0.466,0.435,0.413,0.429,0.425,0.339,0.385,0.387,0.411,0.386,0.537,0.504,0.515,0.562,0.38,0.341,0.396
111,5,0,15.5,0.4,0.33,0.74,0.328,0.352,0.296,0.349,0.327,0.364,0.484,0.509,0.483,0.476,0.425,0.398,0.428,0.425,0.408,0.42,0.409,0.548,0.539,0.566,0.576,0.346,0.367,0.41
112,6,1,18.3,0.7,0.66,0.71,0.246,0.269,0.283,0.267,0.292,0.279,0.407,0.391,0.442,0.402,0.339,0.359,0.337,0.341,0.349,0.355,0.38,0.466,0.45,0.477,0.437,0.332,0.325,0.32
113,7,1,9.8,0.5,0.31,0.76,0.456,0.489,0.433,0.451,0.46,0.45,0.688,0.682,0.717,0.719,0.574,0.583,0.58,0.585,0.587,0.607,0.559,0.774,0.742,0.808,0.765,0.524,0.523,0.505
114,1,0,15.1,1.2,0.38,0.69,0.397,0.431,0.406,0.38,0.381,0.372,0.607,0.567,0.595,0.596,0.511,0.492,0.514,0.498,0.466,0.473,0.509,0.626,0.641,0.649,0.646,0.457,0.449,0.427
115,2,0,13.7,0.1,0.9,0.79,0.35,0.359,0.35,0.361,0.335,0.343,0.561,0.534,0.582,0.561,0.462,0.485,0.461,0.46,0.448,0.513,0.476,0.569,0.62,0.586,0.597,0.432,0.441,0.436
116,3,0,12.5,0.2,0.7,0.67,0.345,0.299,0.31,0.318,0.311,0.29,0.487,0.432,0.448,0.45,0.395,0.376,0.347,0.386,0.381,0.414,0.401,0.539,0.484,0.484,0.515,0.337,0.328,0.319
117,4,0,14.6,0.2,0.39,0.72,0.417,0.456,0.42,0.381,0.464,0.414,0.637,0.62,0.61,0.61,0.534,0.508,0.538,0.52,0.534,0.549,0.52,0.69,0.681,0.674,0.696,0.481,0.418,0.479
118,5,0,15.5,0.5,0.49,0.66,0.355,0.343,0.345,0.366,0.365,0.393,0.556,0.506,0.501,0.563,0.474,0.426,0.432,0.422,0.429,0.431,0.45,0.515,0.583,0.547,0.584,0.376,0.404,0.391
119,6,1,18.1,0.3,0.8,0.7,0.243,0.265,0.258,0.283,0.219,0.28,0.395,0.391,0.429,0.356,0.343,0.333,0.347,0.279,0.311,0.307,0.339,0.431,0.438,0.407,0.413,0.289,0.268,0.286
120,7,1,12.5,1.6,0.34,0.75,0.394,0.434,0.435,0.444,0.44,0.415,0.614,0.613,0.588,0.62,0.484,0.502,0.529,0.526,0.545,0.531,0.474,0.702,0.69,0.662,0.659,0.464,0.464,0.448
121,1,0,11.9,1.0,0.24,0.69,0.315,0.324,0.286,0.259,0.28,0.305,0.426,0.453,0.42,0.443,0.411,0.373,0.353,0.371,0.37,0.391,0.385,0.483,0.499,0.475,0.519,0.342,0.323,0.335
122,2,0,15.4,2.1,0.46,0.61,0.29,0.263,0.303,0.286,0.303,0.276,0.436,0.394,0.413,0.42,0.331,0.364,0.349,0.346,0.346,0.37,0.352,0.465,0.427,0.449,0.459,0.312,0.289,0.276
123,3,0,15.2,0.3,0.93,0.82,0.463,0.458,0.446,0.444,0.473,0.399,0.689,0.665,0.681,0.669,0.572,0.57,0.569,0.561,0.564,0.586,0.534,0.732,0.738,0.733,0.762,0.486,0.489,0.5
124,4,0,16.3,1.1,0.25,0.69,0.258,0.312,0.279,0.294,0.254,0.278,0.392,0.438,0.452,0.407,0.377,0.329,0.367,0.345,0.376,0.361,0.33,0.453,0.492,0.474,0.453,0.315,0.323,0.33
125,5,0,12.8,0.0,0.74,0.69,0.278,0.269,0.272,0.296,0.29,0.267,0.441,0.36,0.459,0.442,0.332,0.363,0.345,0.338,0.341,0.318,0.378,0.461,0.431,0.471,0.465,0.294,0.293,0.303
126,6,1,12.4,0.5,0.27,0.76,0.254,0.289,0.318,0.326,0.278,0.308,0.469,0.467,0.455,0.451,0.357,0.364,0.373,0.379,0.427,0.381,0.372,0.491,0.512,0.53,0.504,0.342,0.359,0.363
127,7,1,15.0,1.2,0.14,0.74,0.349,0.348,0.333,0.354,0.33,0.322,0.513,0.565,0.51,0.5,0.382,0.429,0.427,0.435,0.45,0.453,0.42,0.576,0.515,0.586,0.536,0.407,0.39,0.394
128,1,0,16.9,0.1,0.19,0.64,0.439,0.433,0.403,0.44,0.447,0.429,0.617,0.605,0.61,0.635,0.516,0.541,0.512,0.534,0.553,0.521,0.49,0.688,0.716,0.696,0.647,0.487,0.48,0.461
129,2,0,14.8,0.1,0.61,0.61,0.278,0.268,0.241,0.227,0.262,0.304,0.407,0.427,0.429,0.415,0.329,0.322,0.351,0.329,0.328,0.31,0.399,0.434,0.445,0.449,0.447,0.357,0.323,0.324
130,3,0,14.4,0.4,0.17,0.79,0.369,0.422,0.423,0.401,0.403,0.422,0.638,0.599,0.635,0.592,0.553,0.477,0.485,0.507,0.534,0.513,0.522,0.65,0.643,0.671,0.642,0.483,0.499,0.446
131,4,0,16.8,0.1,0.19,0.75,0.448,0.444,0.446,0.411,0.43,0.463,0.644,0.671,0.67,0.653,0.584,0.53,0.562,0.596,0.555,0.56,0.535,0.759,0.746,0.754,0.758,0.552,0.543,0.553
132,5,0,18.6,1.9,0.59,0.73,0.249,0.253,0.27,0.239,0.237,0.213,0.349,0.405,0.367,0.373,0.286,0.316,0.31,0.324,0.362,0.353,0.325,0.405,0.412,0.439,0.383,0.338,0.296,0.294
133,6,1,17.9,1.1,0.54,0.72,0.269,0.28,0.289,0.316,0.268,0.289,0.461,0.414,0.413,0.43,0.357,0.319,0.333,0.359,0.348,0.34,0.38,0.452,0.492,0.437,0.492,0.358,0.292,0.327
134,7,1,19.4,1.4,0.85,0.75,0.417,0.42,0.395,0.44,0.389,0.396,0.604,0.612,0.594,0.606,0.51,0.498,0.482,0.501,0.496,0.501,0.479,0.646,0.654,0.652,0.662,0.405,0.465,0.477
135,1,0,19.9,1.2,0.64,0.73,0.354,0.326,0.371,0.331,0.348,0.325,0.482,0.505,0.486,0.481,0.368,0.41,0.419,0.384,0.413,0.426,0.407,0.533,0.552,0.549,0.554,0.397,0.38,0.39
136,2,0,18.2,1.2,0.43,0.59,0.386,0.348,0.364,0.38,0.379,0.39,0.572,0.544,0.542,0.55,0.453,0.434,0.436,0.465,0.459,0.452,0.467,0.563,0.599,0.624,0.612,0.392,0.409,0.396
137,3,0,14.9,0.1,0.71,0.98,0.298,0.304,0.322,0.282,0.321,0.319,0.445,0.429,0.466,0.429,0.391,0.374,0.401,0.37,0.373,0.352,0.38,0.481,0.466,0.504,0.441,0.312,0.355,0.328
138,4,0,15.0,0.1,0.35,0.78,0.436,0.418,0.465,0.407,0.481,0.421,0.658,0.692,0.658,0.658,0.581,0.561,0.56,0.551,0.576,0.527,0.543,0.708,0.676,0.709,0.755,0.508,0.532,0.504
139,5,0,18.2,1.1,0.3,0.55,0.301,0.28,0.308,0.296,0.298,0.276,0.431,0.425,0.426,0.403,0.323,0.351,0.353,0.368,0.391,0.391,0.339,0.489,0.496,0.48,0.477,0.312,0.308,0.331
140,6,1,17.5,1.5,0.78,0.81,0.419,0.367,0.383,0.38,0.389,0.367,0.558,0.518,0.564,0.559,0.471,0.463,0.437,0.437,0.462,0.472,0.535,0.589,0.634,0.612,0.586,0.424,0.44,0.395
141,7,1,21.0,0.4,0.84,0.72,0.305,0.26,0.323,0.327,0.303,0.311,0.435,0.434,0.43,0.484,0.374,0.364,0.382,0.385,0.416,0.36,0.358,0.493,0.488,0.53,0.506,0.348,0.332,0.354
142,1,0,21.8,0.9,0.49,0.64,0.273,0.267,0.248,0.239,0.274,0.271,0.421,0.417,0.416,0.411,0.337,0.304,0.331,0.307,0.351,0.349,0.37,0.452,0.44,0.41,0.456,0.293,0.258,0.305
143,2,0,15.5,0.0,0.74,0.64,0.309,0.323,0.316,0.299,0.33,0.295,0.506,0.492,0.487,0.475,0.406,0.39,0.406,0.383,0.433,0.401,0.427,0.5,0.524,0.546,0.546,0.37,0.377,0.365
144,3,0,17.7,0.5,0.58,0.63,0.374,0.38,0.383,0.406,0.425,0.397,0.557,0.563,0.604,0.641,0.46,0.512,0.512,0.507,0.512,0.498,0.502,0.621,0.629,0.659,0.617,0.44,0.446,0.465
145,4,0,19.1,1.0,0.75,0.58,0.253,0.217,0.239,0.253,0.265,0.215,0.352,0.346,0.394,0.413,0.328,0.314,0.299,0.292,0.323,0.312,0.332,0.4,0.421,0.381,0.406,0.29,0.231,0.267
146,5,0,17.5,0.2,0.24,0.66,0.261,0.269,0.288,0.267,0.288,0.282,0.383,0.358,0.382,0.387,0.349,0.333,0.342,0.316,0.307,0.338,0.367,0.443,0.434,0.419,0.412,0.281,0.307,0.288
147,6,1,18.1,0.7,0.42,0.84,0.434,0.401,0.361,0.406,0.422,0.415,0.621,0.638,0.632,0.607,0.531,0.511,0.52,0.5,0.52,0.529,0.515,0.671,0.666,0.662,0.665,0.503,0.477,0.497
148,7,1,16.3,0.1,0.37,0.7,0.257,0.266,0.245,0.29,0.23,0.26,0.382,0.348,0.348,0.374,0.314,0.306,0.327,0.312,0.318,0.286,0.312,0.368,0.377,0.383,0.403,0.246,0.269,0.277
149,1,0,16.7,4.4,0.68,0.69,0.265,0.302,0.271,0.257,0.278,0.272,0.444,0.436,0.403,0.439,0.364,0.384,0.373,0.338,0.365,0.388,0.376,0.496,0.47,0.454,0.418,0.34,0.345,0.328
150,2,0,20.0,0.7,0.54,0.75,0.45,0.47,0.441,0.474,0.459,0.503,0.71,0.707,0.71,0.688,0.576,0.557,0.594,0.557,0.575,0.563,0.545,0.72,0.755,0.746,0.741,0.487,0.499,0.524
151,3,0,17.7,0.0,0.73,0.74,0.326,0.319,0.306,0.31,0.255,0.322,0.467,0.451,0.463,0.45,0.379,0.397,0.366,0.402,0.362,0.368,0.358,0.484,0.455,0.503,0.49,0.341,0.319,0.355
152,4,0,18.5,0.7,0.09,0.75,0.301,0.299,0.271,0.263,0.265,0.25,0.444,0.434,0.451,0.406,0.341,0.346,0.379,0.367,0.33,0.362,0.376,0.473,0.474,0.468,0.478,0.326,0.329,0.344
153,5,0,18.9,0.5,0.78,0.78,0.415,0.474,0.378,0.406,0.44,0.399,0.615,0.661,0.656,0.663,0.529,0.55,0.576,0.486,0.543,0.507,0.557,0.71,0.709,0.704,0.681,0.453,0.486,0.487
154,6,1,19.5,0.0,0.2,0.65,0.422,0.391,0.413,0.396,0.396,0.368,0.626,0.588,0.608,0.615,0.522,0.493,0.491,0.451,0.507,0.53,0.504,0.665,0.67,0.638,0.639,0.444,0.473,0.456
155,7,1,20.2,6.2,0.6,0.69,0.338,0.331,0.307,0.264,0.315,0.305,0.495,0.477,0.462,0.503,0.411,0.378,0.442,0.431,0.39,0.375,0.397,0.542,0.517,0.52,0.501,0.337,0.378,0.32
156,1,0,17.7,0.6,0.26,0.76,0.364,0.353,0.374,0.395,0.391,0.391,0.562,0.538,0.569,0.529,0.471,0.481,0.479,0.461,0.44,0.474,0.468,0.597,0.601,0.593,0.595,0.416,0.437,0.43
157,2,0,20.6,0.0,0.73,0.79,0.423,0.424,0.417,0.46,0.38,0.407,0.615,0.62,0.622,0.62,0.505,0.545,0.49,0.548,0.543,0.529,0.493,0.672,0.676,0.681,0.656,0.487,0.486,0.464
158,3,0,17.6,1.1,0.64,0.79,0.265,0.319,0.328,0.299,0.322,0.323,0.484,0.467,0.447,0.453,0.383,0.377,0.419,0.356,0.408,0.356,0.338,0.495,0.534,0.486,0.488,0.352,0.352,0.323
159,4,0,19.9,1.4,0.92,0.73,0.389,0.45,0.396,0.415,0.441,0.408,0.63,0.605,0.587,0.613,0.512,0.475,0.51,0.529,0.478,0.515,0.511,0.658,0.679,0.622,0.647,0.435,0.453,0.466
160,5,0,18.6,2.3,0.88,0.72,0.454,0.477,0.491,0.454,0.444,0.478,0.724,0.718,0.722,0.705,0.571,0.585,0.561,0.587,0.58,0.596,0.572,0.776,0.749,0.735,0.771,0.56,0.524,0.539
161,6,1,22.0,0.2,0.66,0.81,0.307,0.331,0.324,0.313,0.312,0.349,0.46,0.495,0.445,0.471,0.401,0.403,0.417,0.374,0.408,0.391,0.388,0.494,0.524,0.512,0.512,0.356,0.318,0.37
162,7,1,19.8,0.9,0.39,0.69,0.399,0.342,0.413,0.408,0.379,0.384,0.558,0.551,0.534,0.559,0.489,0.491,0.449,0.48,0.468,0.454,0.492,0.616,0.632,0.611,0.61,0.42,0.441,0.452
163,1,0,20.1,0.9,0.79,0.64,0.32,0.307,0.342,0.323,0.301,0.339,0.468,0.447,0.464,0.491,0.382,0.407,0.404,0.354,0.389,0.368,0.421,0.464,0.559,0.497,0.513,0.377,0.328,0.367
164,2,0,19.5,0.4,0.37,0.67,0.456,0.403,0.455,0.463,0.438,0.448,0.638,0.641,0.679,0.638,0.566,0.564,0.524,0.526,0.546,0.559,0.552,0.71,0.689,0.697,0.682,0.469,0.502,0.515
165,3,0,22.4,1.0,0.32,0.65,0.376,0.358,0.367,0.336,0.354,0.371,0.56,0.531,0.553,0.536,0.434,0.444,0.432,0.448,0.422,0.43,0.47,0.544,0.581,0.617,0.568,0.376,0.395,0.394
166,4,0,18.3,0.3,0.35,0.65,0.434,0.411,0.465,0.407,0.41,0.423,0.604,0.633,0.644,0.628,0.536,0.524,0.531,0.531,0.556,0.52,0.544,0.676,0.676,0.71,0.677,0.444,0.468,0.495
167,5,0,22.7,0.8,0.54,0.7,0.288,0.276,0.287,0.265,0.271,0.284,0.426,0.451,0.469,0.446,0.344,0.37,0.352,0.345,0.354,0.343,0.359,0.466,0.497,0.471,0.513,0.319,0.346,0.324
168,6,1,20.9,0.1,0.86,0.74,0.464,0.434,0.443,0.47,0.47,0.459,0.664,0.687,0.708,0.67,0.578,0.562,0.59,0.571,0.554,0.586,0.577,0.75,0.753,0.751,0.759,0.507,0.511,0.523
169,7,1,20.2,0.1,0.2,0.79,0.334,0.312,0.335,0.339,0.37,0.369,0.482,0.484,0.531,0.494,0.481,0.397,0.377,0.435,0.44,0.417,0.445,0.565,0.557,0.553,0.517,0.373,0.389,0.35
170,1,0,18.2,0.3,0.86,0.65,0.409,0.404,0.395,0.433,0.368,0.387,0.615,0.569,0.598,0.584,0.528,0.526,0.512,0.499,0.484,0.523,0.499,0.66,0.643,0.636,0.666,0.473,0.42,0.486
171,2,0,21.2,0.3,0.39,0.83,0.491,0.472,0.477,0.476,0.485,0.457,0.712,0.708,0.724,0.71,0.602,0.613,0.606,0.579,0.61,0.607,0.625,0.758,0.813,0.815,0.738,0.564,0.524,0.535
172,3,0,21.1,2.2,0.18,0.7,0.426,0.441,0.429,0.395,0.413,0.429,0.603,0.605,0.662,0.604,0.549,0.501,0.518,0.518,0.495,0.514,0.512,0.684,0.676,0.685,0.705,0.478,0.482,0.468
173,4,0,20.2,0.3,0.29,0.73,0.315,0.351,0.292,0.378,0.298,0.333,0.448,0.441,0.453,0.462,0.352,0.37,0.414,0.371,0.356,0.422,0.389,0.48,0.527,0.529,0.506,0.357,0.341,0.385
174,5,0,20.7,2.1,0.22,0.7,0.39,0.4,0.392,0.399,0.408,0.434,0.61,0.619,0.559,0.6,0.499,0.504,0.513,0.513,0.484,0.495,0.512,0.652,0.647,0.653,0.633,0.395,0.435,0.424
175,6,1,18.1,0.1,0.76,0.78,0.368,0.392,0.403,0.397,0.411,0.376,0.572,0.599,0.583,0.567,0.505,0.445,0.476,0.463,0.508,0.492,0.486,0.658,0.617,0.645,0.649,0.386,0.452,0.398
176,7,1,21.8,0.4,0.76,0.8,0.352,0.334,0.344,0.32,0.325,0.356,0.477,0.518,0.518,0.521,0.444,0.444,0.425,0.442,0.428,0.452,0.414,0.576,0.535,0.541,0.565,0.352,0.394,0.376
177,1,0,22.8,0.5,0.59,0.7,0.342,0.348,0.331,0.31,0.381,0.342,0.554,0.555,0.55,0.546,0.466,0.487,0.45,0.473,0.457,0.405,0.438,0.61,0.6,0.611,0.588,0.401,0.44,0.416
178,2,0,19.9,2.7,0.57,0.81,0.325,0.313,0.247,0.284,0.297,0.331,0.41,0.429,0.458,0.423,0.357,0.364,0.357,0.36,0.35,0.363,0.341,0.499,0.476,0.472,0.47,0.32,0.314,0.339
179,3,0,18.5,0.4,0.78,0.86,0.311,0.307,0.293,0.299,0.279,0.319,0.456,0.444,0.469,0.465,0.371,0.36,0.402,0.417,0.397,0.35,0.358,0.503,0.508,0.502,0.448,0.37,0.341,0.331
180,4,0,21.9,0.2,0.48,0.74,0.44,0.448,0.447,0.45,0.43,0.454,0.665,0.66,0.687,0.672,0.564,0.562,0.531,0.557,0.536,0.536,0.543,0.733,0.713,0.7,0.725,0.55,0.505,0.495
181,5,0,17.4,0.3,0.86,0.87,0.328,0.367,0.352,0.373,0.344,0.339,0.531,0.577,0.553,0.537,0.435,0.429,0.459,0.47,0.441,0.446,0.449,0.586,0.548,0.566,0.59,0.411,0.398,0.427
182,6,1,19.4,0.9,0.54,0.74,0.341,0.34,0.351,0.363,0.339,0.326,0.528,0.52,0.514,0.54,0.428,0.444,0.434,0.431,0.4,0.463,0.41,0.592,0.572,0.585,0.578,0.391,0.394,0.367
183,7,1,21.5,0.6,0.55,0.89,0.42,0.404,0.447,0.419,0.414,0.427,0.604,0.611,0.625,0.612,0.499,0.506,0.564,0.519,0.541,0.534,0.522,0.681,0.659,0.662,0.702,0.495,0.472,0.475
184,1,0,17.2,0.7,0.11,0.58,0.458,0.428,0.453,0.427,0.445,0.423,0.659,0.646,0.658,0.671,0.577,0.59,0.543,0.513,0.568,0.589,0.548,0.68,0.732,0.678,0.696,0.516,0.507,0.486
185,2,0,18.5,0.1,0.45,0.86,0.399,0.42,0.388,0.422,0.446,0.422,0.617,0.616,0.646,0.628,0.534,0.548,0.509,0.506,0.508,0.545,0.525,0.69,0.687,0.659,0.675,0.472,0.454,0.495
186,3,0,18.5,0.4,0.71,0.62,0.468,0.459,0.471,0.481,0.481,0.467,0.74,0.729,0.712,0.724,0.581,0.585,0.602,0.574,0.593,0.582,0.583,0.78,0.749,0.8,0.771,0.557,0.551,0.569
187,4,0,21.9,4.1,0.4,0.79,0.364,0.343,0.314,0.373,0.351,0.386,0.518,0.552,0.538,0.486,0.457,0.446,0.461,0.426,0.407,0.444,0.452,0.579,0.578,0.568,0.571,0.388,0.386,0.387
188,5,0,18.8,0.4,0.6,0.64,0.436,0.408,0.425,0.418,0.406,0.445,0.629,0.654,0.643,0.627,0.545,0.559,0.544,0.518,0.503,0.503,0.522,0.676,0.69,0.675,0.725,0.493,0.501,0.477
189,6,1,20.2,0.2,0.38,0.84,0.475,0.474,0.466,0.478,0.42,0.46,0.672,0.719,0.717,0.717,0.579,0.57,0.527,0.556,0.525,0.568,0.544,0.697,0.796,0.738,0.757,0.528,0.546,0.505
190,7,1,18.1,0.1,0.59,0.66,0.403,0.372,0.397,0.353,0.364,0.336,0.547,0.58,0.564,0.59,0.484,0.462,0.433,0.455,0.491,0.467,0.454,0.586,0.618,0.624,0.606,0.433,0.407,0.38
191,1,0,22.5,0.1,0.65,0.77,0.462,0.436,0.477,0.491,0.474,0.475,0.663,0.688,0.723,0.685,0.585,0.556,0.572,0.593,0.571,0.567,0.569,0.772,0.747,0.765,0.743,0.499,0.507,0.508
192,2,0,23.2,1.3,0.39,0.72,0.429,0.455,0.444,0.428,0.462,0.454,0.642,0.69,0.648,0.675,0.569,0.602,0.593,0.55,0.562,0.555,0.541,0.784,0.71,0.711,0.716,0.51,0.47,0.488
193,3,0,22.5,0.5,0.28,0.7,0.262,0.277,0.276,0.288,0.289,0.254,0.414,0.402,0.397,0.381,0.366,0.338,0.36,0.354,0.362,0.333,0.35,0.472,0.456,0.492,0.424,0.374,0.26,0.326
194,4,0,21.4,0.2,0.13,0.67,0.295,0.27,0.273,0.275,0.29,0.277,0.441,0.417,0.362,0.392,0.315,0.324,0.311,0.326,0.311,0.344,0.354,0.408,0.443,0.455,0.449,0.308,0.312,0.288
195,5,0,20.9,1.3,0.54,0.68,0.336,0.35,0.339,0.325,0.357,0.322,0.541,0.479,0.49,0.49,0.383,0.435,0.402,0.402,0.419,0.384,0.439,0.563,0.53,0.559,0.568,0.394,0.372,0.33
196,6,1,21.8,1.8,0.53,0.5,0.256,0.255,0.25,0.259,0.25,0.268,0.396,0.368,0.363,0.354,0.343,0.301,0.321,0.327,0.284,0.304,0.302,0.384,0.437,0.406,0.39,0.249,0.294,0.251
197,7,1,20.3,0.1,0.94,0.75,0.359,0.343,0.335,0.396,0.373,0.351,0.55,0.542,0.538,0.562,0.431,0.45,0.436,0.454,0.426,0.446,0.473,0.609,0.566,0.609,0.587,0.427,0.402,0.393
198,1,0,20.8,0.7,0.27,0.61,0.259,0.253,0.254,0.319,0.266,0.2,0.388,0.396,0.38,0.378,0.319,0.302,0.298,0.329,0.297,0.301,0.333,0.475,0.39,0.423,0.451,0.307,0.269,0.26
199,2,0,20.2,2.1,0.44,0.79,0.258,0.282,0.288,0.304,0.262,0.274,0.398,0.422,0.404,0.421,0.349,0.335,0.377,0.347,0.349,0.324,0.337,0.452,0.461,0.421,0.451,0.282,0.323,0.328
200,3,0,17.0,0.8,0.18,0.75,0.441,0.486,0.498,0.457,0.487,0.484,0.684,0.701,0.709,0.681,0.592,0.573,0.563,0.578,0.587,0.601,0.606,0.752,0.73,0.747,0.726,0.537,0.473,0.496
201,4,0,20.4,0.1,0.5,0.77,0.45,0.422,0.455,0.448,0.428,0.463,0.668,0.655,0.663,0.659,0.573,0.572,0.599,0.563,0.557,0.565,0.565,0.732,0.741,0.722,0.725,0.509,0.492,0.494
202,5,0,17.1,0.1,0.31,0.86,0.358,0.339,0.327,0.319,0.347,0.362,0.46,0.487,0.544,0.495,0.427,0.395,0.398,0.414,0.436,0.414,0.425,0.544,0.543,0.554,0.496,0.352,0.366,0.37
203,6,1,20.7,3.3,0.42,0.76,0.27,0.27,0.287,0.298,0.29,0.267,0.397,0.39,0.389,0.406,0.362,0.318,0.34,0.33,0.34,0.371,0.344,0.439,0.44,0.452,0.448,0.289,0.303,0.29
204,7,1,19.0,0.3,0.76,0.76,0.298,0.352,0.355,0.348,0.332,0.334,0.489,0.537,0.492,0.505,0.442,0.376,0.422,0.396,0.425,0.437,0.432,0.562,0.541,0.552,0.561,0.376,0.36,0.38
205,1,0,22.6,0.7,0.69,0.59,0.44,0.395,0.425,0.43,0.405,0.477,0.643,0.642,0.621,0.657,0.558,0.556,0.573,0.534,0.531,0.54,0.539,0.732,0.665,0.723,0.694,0.48,0.522,0.505
206,2,0,18.0,0.9,0.37,0.66,0.423,0.442,0.423,0.429,0.426,0.424,0.658,0.63,0.59,0.618,0.498,0.516,0.552,0.534,0.515,0.545,0.53,0.695,0.674,0.69,0.661,0.452,0.464,0.475
207,3,0,20.5,0.5,0.03,0.68,0.424,0.418,0.416,0.403,0.399,0.396,0.618,0.604,0.574,0.58,0.549,0.514,0.467,0.487,0.501,0.501,0.529,0.662,0.655,0.63,0.658,0.46,0.466,0.504
208,4,0,19.4,0.7,0.24,0.6,0.424,0.402,0.405,0.428,0.424,0.442,0.637,0.668,0.655,0.647,0.527,0.567,0.534,0.553,0.557,0.534,0.535,0.666,0.653,0.732,0.713,0.497,0.459,0.477
209,5,0,19.7,0.2,0.48,0.6,0.384,0.434,0.436,0.438,0.427,0.416,0.641,0.656,0.637,0.647,0.54,0.608,0.563,0.523,0.531,0.559,0.534,0.689,0.707,0.723,0.674,0.457,0.487,0.496
210,6,1,17.3,0.8,0.45,0.59,0.278,0.292,0.303,0.266,0.306,0.288,0.403,0.414,0.414,0.422,0.337,0.341,0.341,0.311,0.358,0.372,0.354,0.407,0.438,0.433,0.413,0.288,0.293,0.29
211,7,1,17.5,1.6,0.71,0.72,0.375,0.3,0.323,0.353,0.307,0.341,0.484,0.488,0.509,0.475,0.422,0.423,0.427,0.421,0.401,0.445,0.418,0.555,0.572,0.563,0.562,0.378,0.386,0.365
212,1,0,16.3,1.5,0.8,0.69,0.271,0.233,0.275,0.274,0.266,0.267,0.387,0.398,0.361,0.386,0.314,0.317,0.322,0.31,0.304,0.313,0.32,0.42,0.432,0.419,0.432,0.289,0.285,0.296
213,2,0,19.6,2.7,0.87,0.58,0.425,0.462,0.499,0.468,0.444,0.493,0.674,0.673,0.699,0.723,0.589,0.595,0.592,0.524,0.583,0.589,0.56,0.734,0.766,0.776,0.724,0.531,0.517,0.492
214,3,0,16.7,0.0,0.58,0.81,0.322,0.332,0.292,0.328,0.312,0.329,0.443,0.44,0.478,0.489,0.405,0.374,0.382,0.381,0.395,0.378,0.415,0.509,0.514,0.497,0.528,0.351,0.353,0.317
215,4,0,20.1,1.0,0.62,0.87,0.444,0.43,0.377,0.426,0.405,0.396,0.608,0.635,0.606,0.674,0.511,0.523,0.532,0.509,0.536,0.535,0.526,0.664,0.661,0.67,0.699,0.414,0.452,0.454
216,5,0,16.4,1.6,0.28,0.71,0.444,0.366,0.396,0.397,0.394,0.379,0.62,0.595,0.615,0.591,0.511,0.523,0.475,0.505,0.527,0.518,0.518,0.689,0.694,0.695,0.659,0.447,0.476,0.482
217,6,1,19.2,4.6,0.91,0.78,0.317,0.274,0.278,0.261,0.291,0.314,0.449,0.457,0.437,0.442,0.37,0.363,0.373,0.372,0.365,0.414,0.361,0.433,0.497,0.477,0.485,0.337,0.309,0.331
218,7,1,25.9,0.1,0.45,0.75,0.319,0.349,0.325,0.34,0.28,0.351,0.466,0.51,0.483,0.478,0.429,0.393,0.391,0.42,0.412,0.385,0.388,0.563,0.556,0.528,0.537,0.399,0.382,0.4
219,1,0,17.3,0.0,0.38,0.73,0.504,0.491,0.449,0.473,0.458,0.462,0.728,0.682,0.705,0.717,0.57,0.56,0.586,0.591,0.586,0.583,0.614,0.747,0.793,0.735,0.789,0.548,0.533,0.551
220,2,0,16.7,0.8,0.63,0.5,0.267,0.279,0.327,0.303,0.306,0.271,0.455,0.441,0.461,0.452,0.367,0.356,0.379,0.342,0.374,0.396,0.403,0.5,0.467,0.501,0.451,0.332,0.359,0.331
221,3,0,17.4,0.8,0.85,0.55,0.269,0.309,0.348,0.309,0.326,0.325,0.478,0.475,0.481,0.459,0.387,0.404,0.41,0.389,0.35,0.371,0.378,0.515,0.524,0.515,0.5,0.381,0.338,0.341
222,4,0,18.8,0.2,0.68,0.86,0.262,0.259,0.233,0.244,0.242,0.218,0.381,0.371,0.361,0.361,0.321,0.297,0.327,0.358,0.328,0.323,0.322,0.391,0.412,0.427,0.393,0.297,0.284,0.283
223,5,0,17.6,0.1,0.87,0.76,0.283,0.277,0.258,0.292,0.299,0.292,0.431,0.426,0.432,0.424,0.351,0.345,0.343,0.386,0.363,0.368,0.325,0.494,0.435,0.487,0.461,0.291,0.327,0.332
224,6,1,20.6,1.1,0.48,0.53,0.464,0.438,0.445,0.457,0.453,0.47,0.653,0.697,0.677,0.65,0.555,0.559,0.595,0.569,0.556,0.522,0.585,0.753,0.768,0.735,0.763,0.524,0.541,0.498
225,7,1,15.8,0.9,0.27,0.76,0.333,0.356,0.347,0.336,0.342,0.362,0.522,0.519,0.518,0.505,0.407,0.437,0.413,0.409,0.446,0.447,0.438,0.551,0.616,0.547,0.529,0.365,0.403,0.445
226,1,0,17.5,0.8,0.24,0.8,0.287,0.304,0.315,0.311,0.349,0.305,0.476,0.473,0.488,0.43,0.386,0.379,0.394,0.366,0.409,0.39,0.413,0.523,0.526,0.499,0.534,0.346,0.364,0.347
227,2,0,16.6,1.3,0.68,0.83,0.419,0.425,0.408,0.422,0.38,0.39,0.567,0.605,0.601,0.615,0.482,0.53,0.473,0.496,0.502,0.482,0.499,0.627,0.648,0.617,0.662,0.443,0.429,0.487
228,3,0,18.1,0.1,0.2,0.52,0.268,0.278,0.249,0.307,0.286,0.293,0.432,0.403,0.437,0.446,0.366,0.343,0.347,0.357,0.371,0.376,0.392,0.414,0.446,0.438,0.462,0.329,0.316,0.293
229,4,0,15.8,0.9,0.35,0.57,0.386,0.377,0.389,0.4,0.403,0.354,0.584,0.565,0.577,0.59,0.477,0.488,0.44,0.487,0.476,0.481,0.491,0.637,0.625,0.641,0.658,0.46,0.446,0.429
230,5,0,18.9,0.2,0.4,0.64,0.345,0.335,0.369,0.342,0.362,0.338,0.502,0.549,0.514,0.495,0.451,0.47,0.41,0.43,0.398,0.449,0.434,0.56,0.564,0.541,0.548,0.388,0.375,0.408
231,6,1,15.9,0.7,0.28,0.71,0.367,0.303,0.322,0.331,0.341,0.292,0.53,0.523,0.523,0.533,0.409,0.444,0.436,0.427,0.443,0.437,0.431,0.553,0.552,0.557,0.571,0.391,0.373,0.366
232,7,1,20.6,0.1,0.16,0.65,0.363,0.398,0.395,0.443,0.408,0.447,0.614,0.622,0.6,0.593,0.518,0.495,0.52,0.54,0.494,0.526,0.516,0.628,0.637,0.631,0.636,0.443,0.448,0.452
233,1,0,16.3,0.9,0.58,0.76,0.353,0.344,0.386,0.387,0.403,0.39,0.564,0.571,0.598,0.569,0.455,0.455,0.458,0.483,0.466,0.496,0.486,0.63,0.594,0.609,0.627,0.423,0.435,0.399
234,2,0,14.5,1.2,0.04,0.75,0.287,0.303,0.33,0.334,0.31,0.285,0.484,0.476,0.486,0.476,0.396,0.382,0.385,0.375,0.434,0.406,0.396,0.54,0.523,0.551,0.518,0.322,0.325,0.375
235,3,0,17.6,1.2,0.57,0.76,0.309,0.284,0.331,0.338,0.315,0.282,0.459,0.441,0.484,0.487,0.373,0.394,0.378,0.349,0.379,0.402,0.378,0.481,0.471,0.473,0.513,0.338,0.384,0.344
236,4,0,18.5,0.1,0.49,0.69,0.365,0.399,0.389,0.396,0.353,0.375,0.605,0.615,0.609,0.603,0.499,0.487,0.5,0.444,0.48,0.475,0.501,0.662,0.62,0.605,0.631,0.432,0.437,0.435
237,5,0,15.9,0.1,0.61,0.71,0.392,0.358,0.34,0.354,0.345,0.332,0.532,0.573,0.573,0.571,0.435,0.408,0.421,0.43,0.441,0.506,0.438,0.591,0.559,0.593,0.625,0.386,0.423,0.415
238,6,1,16.2,0.6,0.19,0.82,0.445,0.433,0.427,0.396,0.425,0.442,0.612,0.612,0.637,0.624,0.55,0.538,0.529,0.523,0.511,0.521,0.504,0.67,0.651,0.691,0.711,0.481,0.48,0.464
239,7,1,13.3,1.9,0.55,0.68,0.426,0.403,0.416,0.454,0.436,0.437,0.636,0.671,0.655,0.65,0.553,0.563,0.561,0.519,0.536,0.525,0.565,0.657,0.716,0.704,0.721,0.51,0.476,0.49
240,1,0,16.6,0.7,0.59,0.86,0.506,0.486,0.49,0.452,0.454,0.454,0.728,0.685,0.698,0.67,0.6,0.552,0.612,0.6,0.581,0.571,0.586,0.733,0.757,0.811,0.764,0.539,0.499,0.511
241,2,0,13.2,3.0,0.64,0.53,0.418,0.437,0.391,0.396,0.406,0.437,0.628,0.632,0.61,0.64,0.529,0.551,0.537,0.503,0.539,0.547,0.559,0.674,0.694,0.73,0.682,0.468,0.462,0.48
242,3,0,15.2,0.9,0.83,0.55,0.247,0.196,0.255,0.23,0.258,0.235,0.387,0.374,0.364,0.394,0.334,0.345,0.342,0.276,0.315,0.305,0.325,0.429,0.416,0.401,0.427,0.306,0.257,0.292
243,4,0,15.1,0.0,0.38,0.65,0.289,0.274,0.231,0.273,0.199,0.299,0.358,0.413,0.37,0.4,0.329,0.299,0.334,0.335,0.338,0.348,0.319,0.414,0.437,0.4,0.432,0.28,0.312,0.27
244,5,0,18.2,1.6,0.4,0.72,0.385,0.43,0.421,0.41,0.417,0.394,0.617,0.631,0.615,0.619,0.491,0.51,0.505,0.509,0.517,0.52,0.487,0.638,0.687,0.637,0.617,0.451,0.508,0.452
245,6,1,15.1,1.1,0.31,0.63,0.276,0.282,0.272,0.231,0.296,0.26,0.408,0.434,0.397,0.475,0.303,0.344,0.345,0.374,0.377,0.312,0.381,0.449,0.453,0.467,0.471,0.335,0.279,0.294
246,7,1,15.7,0.2,0.78,0.66,0.394,0.387,0.418,0.35,0.403,0.379,0.597,0.612,0.574,0.578,0.49,0.496,0.512,0.48,0.468,0.496,0.519,0.637,0.637,0.66,0.632,0.425,0.453,0.477
247,1,0,14.5,0.0,0.54,0.73,0.321,0.322,0.332,0.298,0.319,0.346,0.498,0.469,0.463,0.472,0.378,0.395,0.381,0.402,0.361,0.362,0.415,0.471,0.503,0.516,0.537,0.351,0.351,0.358
248,2,0,14.6,0.1,0.43,0.44,0.249,0.241,0.295,0.263,0.245,0.257,0.397,0.402,0.406,0.416,0.31,0.306,0.329,0.347,0.343,0.299,0.302,0.395,0.439,0.401,0.429,0.298,0.304,0.311
249,3,0,12.6,0.5,0.55,0.61,0.302,0.288,0.272,0.28,0.319,0.285,0.448,0.466,0.431,0.417,0.39,0.373,0.406,0.391,0.432,0.368,0.403,0.517,0.492,0.511,0.523,0.346,0.343,0.342
250,4,0,14.7,0.3,0.32,0.42,0.321,0.289,0.295,0.283,0.268,0.305,0.454,0.411,0.436,0.457,0.388,0.371,0.345,0.364,0.335,0.368,0.415,0.469,0.455,0.466,0.468,0.279,0.308,0.304
251,5,0,12.6,0.6,0.63,0.73,0.4,0.388,0.384,0.407,0.407,0.379,0.615,0.651,0.591,0.633,0.489,0.513,0.482,0.521,0.509,0.499,0.522,0.686,0.646,0.672,0.615,0.501,0.458,0.452
252,6,1,11.6,1.2,0.37,0.6,0.315,0.351,0.357,0.338,0.346,0.321,0.497,0.535,0.505,0.524,0.435,0.46,0.434,0.407,0.397,0.432,0.441,0.547,0.536,0.568,0.565,0.377,0.376,0.376
253,7,1,15.5,2.0,0.38,0.85,0.371,0.363,0.356,0.342,0.336,0.326,0.521,0.54,0.537,0.542,0.445,0.399,0.445,0.455,0.457,0.444,0.411,0.581,0.551,0.577,0.601,0.336,0.356,0.331
254,1,0,13.4,0.3,0.47,0.72,0.344,0.335,0.364,0.38,0.347,0.324,0.53,0.527,0.503,0.509,0.428,0.415,0.402,0.44,0.449,0.453,0.429,0.601,0.588,0.582,0.561,0.418,0.396,0.379
255,2,0,17.5,0.5,0.62,0.5,0.4,0.371,0.424,0.42,0.412,0.424,0.584,0.619,0.582,0.613,0.489,0.496,0.517,0.527,0.49,0.52,0.543,0.662,0.686,0.662,0.664,0.468,0.461,0.451
256,3,0,8.5,1.8,0.53,0.61,0.404,0.437,0.436,0.439,0.43,0.426,0.644,0.606,0.579,0.63,0.494,0.516,0.55,0.522,0.499,0.521,0.572,0.673,0.693,0.648,0.678,0.488,0.473,0.49
257,4,0,13.1,0.1,0.7,0.69,0.27,0.25,0.278,0.275,0.234,0.252,0.378,0.335,0.37,0.409,0.306,0.297,0.291,0.369,0.318,0.323,0.295,0.428,0.412,0.417,0.424,0.32,0.276,0.273
258,5,0,14.9,0.6,0.28,0.56,0.42,0.426,0.43,0.421,0.449,0.435,0.632,0.633,0.636,0.649,0.564,0.533,0.543,0.533,0.515,0.525,0.535,0.673,0.7,0.7,0.674,0.487,0.477,0.497
259,6,1,13.9,1.3,0.54,0.73,0.28,0.329,0.288,0.303,0.29,0.282,0.402,0.419,0.476,0.437,0.356,0.367,0.37,0.347,0.368,0.381,0.388,0.494,0.482,0.459,0.458,0.378,0.32,0.306
260,7,1,11.2,1.4,0.66,0.7,0.455,0.479,0.482,0.468,0.442,0.445,0.683,0.734,0.709,0.717,0.556,0.525,0.567,0.56,0.603,0.59,0.553,0.762,0.737,0.767,0.723,0.505,0.537,0.51
261,1,0,9.6,0.7,0.24,0.7,0.405,0.456,0.387,0.413,0.458,0.403,0.595,0.661,0.614,0.593,0.509,0.535,0.472,0.525,0.531,0.517,0.494,0.665,0.687,0.702,0.708,0.503,0.434,0.45
262,2,0,11.8,1.0,0.77,0.73,0.413,0.443,0.467,0.466,0.431,0.436,0.697,0.7,0.674,0.65,0.549,0.573,0.587,0.57,0.547,0.551,0.556,0.756,0.738,0.699,0.743,0.509,0.49,0.518
263,3,0,12.9,0.9,0.54,0.8,0.386,0.397,0.354,0.405,0.399,0.384,0.613,0.586,0.653,0.606,0.505,0.479,0.501,0.52,0.491,0.487,0.53,0.66,0.628,0.642,0.613,0.462,0.459,0.441
264,4,0,9.2,0.9,0.23,0.78,0.314,0.351,0.334,0.371,0.333,0.351,0.498,0.502,0.508,0.498,0.376,0.405,0.433,0.457,0.419,0.397,0.441,0.554,0.52,0.541,0.548,0.348,0.384,0.418
265,5,0,13.1,0.7,0.76,0.75,0.337,0.306,0.318,0.328,0.349,0.338,0.49,0.502,0.493,0.553,0.422,0.387,0.382,0.395,0.396,0.422,0.437,0.54,0.536,0.546,0.539,0.375,0.367,0.362
266,6,1,11.5,1.1,0.17,0.74,0.436,0.46,0.404,0.429,0.427,0.408,0.619,0.655,0.633,0.613,0.54,0.518,0.521,0.553,0.525,0.522,0.55,0.646,0.718,0.69,0.711,0.464,0.454,0.476
267,7,1,11.6,0.5,0.84,0.56,0.242,0.3,0.303,0.29,0.258,0.283,0.396,0.407,0.418,0.406,0.366,0.29,0.324,0.348,0.336,0.332,0.381,0.453,0.444,0.415,0.42,0.299,0.303,0.278
268,1,0,6.7,0.4,0.47,0.87,0.323,0.336,0.383,0.354,0.314,0.305,0.522,0.487,0.552,0.503,0.451,0.434,0.394,0.405,0.41,0.399,0.428,0.541,0.567,0.535,0.533,0.388,0.393,0.391
269,2,0,10.3,0.1,0.48,0.89,0.407,0.432,0.409,0.4,0.385,0.416,0.597,0.629,0.613,0.609,0.499,0.526,0.542,0.512,0.54,0.526,0.514,0.686,0.67,0.67,0.617,0.499,0.473,0.486
270,3,0,11.4,0.4,0.23,0.79,0.358,0.326,0.338,0.35,0.37,0.309,0.522,0.543,0.539,0.526,0.502,0.471,0.438,0.438,0.451,0.431,0.452,0.538,0.588,0.602,0.597,0.433,0.391,0.389
271,4,0,10.6,0.5,0.21,0.7,0.29,0.279,0.347,0.31,0.315,0.318,0.471,0.469,0.485,0.519,0.395,0.438,0.386,0.421,0.417,0.405,0.414,0.528,0.511,0.524,0.546,0.353,0.35,0.378
272,5,0,8.4,1.3,0.47,0.8,0.444,0.422,0.447,0.448,0.404,0.4,0.639,0.652,0.616,0.639,0.538,0.58,0.527,0.544,0.535,0.514,0.509,0.687,0.716,0.688,0.7,0.517,0.5,0.452
273,6,1,9.7,0.8,0.85,0.62,0.284,0.339,0.327,0.288,0.317,0.322,0.463,0.474,0.42,0.438,0.38,0.368,0.406,0.39,0.377,0.394,0.375,0.486,0.518,0.494,0.487,0.345,0.305,0.361
274,7,1,11.3,1.3,0.56,0.73,0.282,0.373,0.292,0.336,0.31,0.325,0.475,0.483,0.491,0.508,0.395,0.418,0.414,0.406,0.444,0.416,0.407,0.525,0.543,0.515,0.507,0.394,0.355,0.363
275,1,0,9.2,1.1,0.97,0.59,0.314,0.343,0.331,0.337,0.334,0.332,0.458,0.508,0.504,0.485,0.372,0.418,0.359,0.408,0.393,0.408,0.392,0.534,0.523,0.525,0.461,0.384,0.383,0.365
276,2,0,13.7,1.9,0.55,0.56,0.353,0.341,0.321,0.37,0.365,0.34,0.55,0.486,0.505,0.504,0.421,0.404,0.434,0.404,0.478,0.413,0.442,0.563,0.572,0.562,0.562,0.386,0.371,0.41
277,3,0,10.3,0.5,0.15,0.78,0.388,0.36,0.367,0.389,0.387,0.43,0.54,0.534,0.541,0.542,0.44,0.451,0.447,0.469,0.429,0.449,0.454,0.611,0.602,0.623,0.572,0.376,0.41,0.389
278,4,0,11.0,0.3,0.78,0.87,0.326,0.308,0.282,0.285,0.329,0.314,0.464,0.521,0.486,0.522,0.376,0.399,0.406,0.42,0.424,0.39,0.408,0.498,0.512,0.539,0.506,0.351,0.379,0.332
279,5,0,6.6,2.0,0.28,0.65,0.44,0.453,0.451,0.456,0.414,0.482,0.663,0.631,0.665,0.667,0.533,0.556,0.533,0.588,0.58,0.546,0.535,0.721,0.699,0.725,0.689,0.475,0.507,0.524
280,6,1,7.6,0.8,0.32,0.65,0.301,0.318,0.282,0.285,0.292,0.296,0.397,0.44,0.465,0.412,0.378,0.366,0.398,0.37,0.375,0.363,0.358,0.469,0.48,0.493,0.453,0.34,0.304,0.338
281,7,1,9.2,0.8,0.27,0.68,0.392,0.366,0.358,0.387,0.397,0.347,0.56,0.562,0.547,0.587,0.503,0.428,0.474,0.467,0.443,0.445,0.469,0.606,0.619,0.626,0.6,0.422,0.414,0.397
282,1,0,9.0,0.2,0.31,0.86,0.301,0.348,0.305,0.339,0.331,0.323,0.488,0.524,0.497,0.491,0.399,0.414,0.434,0.428,0.376,0.425,0.402,0.517,0.53,0.505,0.535,0.362,0.372,0.352
283,2,0,8.2,0.2,0.66,0.64,0.222,0.278,0.284,0.311,0.273,0.275,0.454,0.454,0.427,0.422,0.355,0.323,0.391,0.343,0.385,0.345,0.33,0.465,0.486,0.44,0.493,0.358,0.328,0.321
284,3,0,5.4,0.1,0.43,0.81,0.368,0.352,0.409,0.343,0.365,0.377,0.576,0.542,0.562,0.56,0.463,0.493,0.476,0.428,0.444,0.498,0.482,0.578,0.597,0.58,0.597,0.43,0.383,0.366
285,4,0,6.1,0.2,0.7,0.79,0.321,0.324,0.338,0.376,0.342,0.356,0.52,0.509,0.505,0.53,0.429,0.422,0.412,0.466,0.447,0.412,0.415,0.577,0.556,0.536,0.566,0.398,0.357,0.371
286,5,0,8.4,2.1,0.79,0.71,0.483,0.418,0.473,0.45,0.466,0.455,0.72,0.689,0.71,0.708,0.63,0.592,0.593,0.61,0.612,0.591,0.601,0.771,0.764,0.775,0.765,0.539,0.51,0.524
287,6,1,7.4,2.8,0.38,0.79,0.475,0.461,0.482,0.452,0.458,0.456,0.701,0.686,0.711,0.71,0.565,0.593,0.606,0.593,0.539,0.579,0.592,0.721,0.772,0.713,0.729,0.482,0.543,0.518
288,7,1,10.8,0.1,0.57,0.49,0.431,0.423,0.411,0.408,0.45,0.429,0.657,0.641,0.639,0.585,0.513,0.53,0.547,0.515,0.506,0.551,0.555,0.722,0.654,0.688,0.716,0.493,0.473,0.491
289,1,0,10.4,0.2,0.58,0.63,0.241,0.267,0.273,0.271,0.276,0.296,0.426,0.415,0.411,0.406,0.351,0.332,0.356,0.335,0.326,0.328,0.343,0.431,0.434,0.417,0.433,0.328,0.317,0.305
290,2,0,6.0,0.1,0.49,0.66,0.262,0.264,0.318,0.268,0.242,0.25,0.392,0.406,0.426,0.386,0.327,0.327,0.339,0.361,0.337,0.362,0.343,0.445,0.463,0.445,0.414,0.303,0.279,0.343
291,3,0,8.4,1.3,0.07,0.73,0.245,0.273,0.245,0.272,0.199,0.262,0.395,0.387,0.373,0.39,0.341,0.306,0.322,0.297,0.349,0.314,0.327,0.407,0.446,0.395,0.417,0.296,0.326,0.274
292,4,0,5.6,2.6,0.59,0.55,0.367,0.365,0.369,0.388,0.365,0.374,0.616,0.563,0.605,0.552,0.485,0.518,0.498,0.439,0.485,0.463,0.479,0.61,0.62,0.6,0.635,0.421,0.407,0.437
293,5,0,7.1,0.3,0.41,0.6,0.457,0.482,0.497,0.447,0.492,0.436,0.692,0.674,0.711,0.731,0.623,0.567,0.608,0.592,0.6,0.605,0.57,0.764,0.749,0.75,0.785,0.545,0.503,0.559
294,6,1,6.9,3.8,0.37,0.65,0.42,0.382,0.39,0.432,0.398,0.422,0.594,0.56,0.613,0.598,0.504,0.546,0.488,0.473,0.499,0.523,0.538,0.667,0.654,0.66,0.654,0.439,0.502,0.45
295,7,1,5.3,0.8,0.56,0.89,0.29,0.255,0.307,0.281,0.288,0.286,0.398,0.404,0.426,0.399,0.336,0.312,0.34,0.36,0.352,0.368,0.298,0.445,0.436,0.464,0.469,0.307,0.284,0.304
296,1,0,4.9,1.7,0.5,0.77,0.399,0.403,0.435,0.408,0.4,0.426,0.632,0.627,0.643,0.632,0.542,0.498,0.528,0.508,0.56,0.562,0.507,0.703,0.693,0.696,0.659,0.481,0.463,0.501
297,2,0,7.9,2.6,0.76,0.51,0.261,0.267,0.263,0.238,0.285,0.23,0.337,0.39,0.381,0.343,0.347,0.276,0.316,0.312,0.311,0.319,0.312,0.402,0.412,0.426,0.394,0.274,0.312,0.295
298,3,0,3.8,0.8,0.32,0.54,0.461,0.381,0.365,0.393,0.36,0.38,0.587,0.534,0.53,0.591,0.481,0.477,0.466,0.505,0.491,0.5,0.455,0.645,0.598,0.629,0.642,0.464,0.426,0.393
299,4,0,6.1,2.8,0.71,0.84,0.26,0.24,0.241,0.232,0.231,0.24,0.37,0.357,0.367,0.382,0.306,0.282,0.301,0.313,0.311,0.305,0.304,0.404,0.395,0.388,0.403,0.273,0.295,0.274
300,5,0,6.4,0.0,0.43,0.66,0.333,0.383,0.327,0.3,0.336,0.359,0.496,0.534,0.493,0.495,0.427,0.392,0.414,0.407,0.442,0.443,0.447,0.54,0.521,0.513,0.541,0.364,0.389,0.374
301,6,1,5.2,1.5,0.36,0.7,0.394,0.4,0.389,0.391,0.428,0.389,0.641,0.628,0.64,0.635,0.519,0.537,0.527,0.551,0.52,0.509,0.498,0.708,0.687,0.698,0.707,0.454,0.494,0.482
302,7,1,4.4,1.6,0.53,0.84,0.316,0.328,0.334,0.337,0.317,0.346,0.554,0.516,0.513,0.522,0.405,0.411,0.411,0.444,0.411,0.395,0.426,0.557,0.578,0.576,0.542,0.394,0.353,0.388
303,1,0,3.7,0.0,0.71,0.8,0.328,0.329,0.325,0.367,0.343,0.369,0.518,0.497,0.497,0.49,0.421,0.44,0.446,0.401,0.422,0.439,0.442,0.532,0.516,0.556,0.542,0.395,0.369,0.398
304,2,0,2.6,0.7,0.47,0.72,0.423,0.391,0.384,0.421,0.395,0.391,0.606,0.601,0.626,0.583,0.49,0.501,0.481,0.501,0.47,0.512,0.501,0.647,0.614,0.64,0.672,0.414,0.436,0.401
305,3,0,4.8,1.0,0.85,0.62,0.288,0.275,0.308,0.289,0.254,0.279,0.421,0.42,0.41,0.418,0.348,0.33,0.374,0.338,0.331,0.333,0.343,0.478,0.427,0.483,0.435,0.267,0.361,0.33
306,4,0,4.2,0.3,0.71,0.93,0.41,0.39,0.431,0.408,0.372,0.394,0.606,0.625,0.61,0.63,0.539,0.522,0.505,0.508,0.513,0.541,0.501,0.662,0.645,0.639,0.683,0.489,0.446,0.445
307,5,0,6.7,0.5,0.71,0.74,0.32,0.291,0.329,0.325,0.312,0.343,0.451,0.455,0.507,0.462,0.376,0.392,0.417,0.403,0.42,0.385,0.411,0.53,0.545,0.531,0.534,0.385,0.353,0.414
308,6,1,0.3,0.6,0.29,0.78,0.453,0.427,0.463,0.457,0.442,0.453,0.699,0.643,0.666,0.679,0.584,0.535,0.567,0.527,0.564,0.548,0.534,0.709,0.741,0.7,0.728,0.506,0.475,0.515
309,7,1,6.2,3.8,0.77,0.83,0.306,0.261,0.308,0.266,0.27,0.27,0.447,0.396,0.419,0.426,0.361,0.4,0.359,0.379,0.346,0.307,0.371,0.435,0.494,0.436,0.443,0.331,0.275,0.331
310,1,0,5.8,0.9,0.82,0.57,0.475,0.473,0.463,0.49,0.457,0.468,0.748,0.729,0.715,0.76,0.563,0.586,0.607,0.593,0.575,0.575,0.607,0.769,0.715,0.746,0.742,0.557,0.523,0.536
311,2,0,2.9,1.6,0.46,0.82,0.463,0.46,0.415,0.451,0.468,0.482,0.655,0.656,0.726,0.684,0.549,0.6,0.562,0.583,0.609,0.628,0.599,0.727,0.755,0.778,0.753,0.497,0.557,0.541
312,3,0,3.3,0.2,0.33,0.68,0.301,0.344,0.332,0.339,0.352,0.334,0.541,0.513,0.554,0.515,0.46,0.434,0.434,0.425,0.412,0.46,0.398,0.539,0.54,0.561,0.577,0.376,0.364,0.417
313,4,0,7.4,2.3,0.39,0.8,0.457,0.425,0.437,0.439,0.444,0.44,0.669,0.657,0.68,0.645,0.544,0.586,0.541,0.534,0.541,0.568,0.564,0.724,0.712,0.732,0.725,0.483,0.484,0.47
314,5,0,4.9,0.0,0.61,0.63,0.523,0.476,0.43,0.438,0.506,0.482,0.72,0.711,0.72,0.664,0.564,0.598,0.582,0.583,0.546,0.564,0.558,0.784,0.728,0.732,0.773,0.501,0.505,0.499
315,6,1,6.6,4.2,0.61,0.73,0.399,0.385,0.391,0.364,0.364,0.382,0.609,0.553,0.591,0.589,0.487,0.463,0.496,0.484,0.518,0.487,0.486,0.601,0.602,0.655,0.615,0.43,0.427,0.412
316,7,1,1.8,0.9,0.47,0.66,0.345,0.335,0.32,0.363,0.32,0.333,0.507,0.484,0.519,0.517,0.403,0.416,0.39,0.369,0.429,0.436,0.393,0.539,0.544,0.53,0.53,0.372,0.368,0.376
317,1,0,5.2,3.9,0.42,0.68,0.398,0.399,0.379,0.39,0.405,0.385,0.592,0.598,0.624,0.604,0.475,0.45,0.471,0.497,0.516,0.539,0.489,0.66,0.641,0.626,0.621,0.435,0.488,0.422
318,2,0,4.8,0.6,0.54,0.64,0.264,0.268,0.216,0.294,0.269,0.214,0.37,0.391,0.371,0.395,0.339,0.334,0.317,0.313,0.353,0.29,0.309,0.415,0.434,0.428,0.435,0.297,0.28,0.289
319,3,0,2.8,0.2,0.68,0.53,0.38,0.391,0.384,0.342,0.347,0.396,0.531,0.534,0.552,0.551,0.458,0.445,0.448,0.502,0.424,0.426,0.483,0.57,0.614,0.59,0.565,0.351,0.418,0.378
320,4,0,2.3,2.2,0.62,0.87,0.237,0.267,0.23,0.284,0.243,0.229,0.372,0.413,0.384,0.39,0.343,0.307,0.306,0.345,0.376,0.346,0.311,0.446,0.439,0.458,0.434,0.294,0.309,0.275
321,5,0,2.0,1.6,0.51,0.76,0.436,0.433,0.399,0.441,0.429,0.436,0.633,0.604,0.669,0.629,0.545,0.519,0.548,0.525,0.528,0.54,0.477,0.715,0.659,0.715,0.679,0.479,0.487,0.517
322,6,1,-0.4,0.3,0.27,0.58,0.365,0.325,0.329,0.358,0.343,0.336,0.515,0.496,0.535,0.518,0.404,0.396,0.456,0.436,0.453,0.43,0.434,0.535,0.562,0.583,0.571,0.423,0.402,0.407
323,7,1,3.5,1.9,0.73,0.88,0.356,0.412,0.391,0.394,0.321,0.378,0.533,0.548,0.526,0.557,0.464,0.47,0.485,0.451,0.485,0.449,0.497,0.597,0.569,0.61,0.58,0.405,0.394,0.4
324,1,0,2.7,0.1,0.37,0.65,0.327,0.364,0.338,0.338,0.337,0.362,0.534,0.538,0.555,0.515,0.482,0.463,0.434,0.436,0.463,0.443,0.467,0.545,0.594,0.565,0.59,0.4,0.405,0.417
325,2,0,4.4,1.3,0.04,0.64,0.332,0.374,0.304,0.299,0.364,0.343,0.514,0.491,0.468,0.5,0.389,0.484,0.402,0.457,0.45,0.438,0.42,0.55,0.549,0.582,0.536,0.38,0.396,0.346
326,3,0,5.3,0.6,0.89,0.67,0.258,0.258,0.271,0.26,0.253,0.236,0.386,0.376,0.389,0.406,0.336,0.325,0.358,0.313,0.342,0.285,0.313,0.449,0.444,0.404,0.467,0.278,0.308,0.323
327,4,0,2.8,1.3,0.57,0.69,0.4,0.412,0.446,0.437,0.435,0.4,0.637,0.636,0.624,0.602,0.525,0.531,0.508,0.539,0.535,0.535,0.527,0.666,0.695,0.648,0.719,0.495,0.471,0.495
328,5,0,5.9,2.3,0.44,0.47,0.438,0.463,0.459,0.476,0.46,0.472,0.708,0.704,0.669,0.687,0.555,0.558,0.584,0.552,0.572,0.589,0.577,0.74,0.742,0.745,0.74,0.528,0.527,0.507
329,6,1,2.2,0.2,0.37,0.81,0.486,0.475,0.493,0.461,0.465,0.504,0.719,0.721,0.686,0.706,0.584,0.613,0.59,0.599,0.61,0.601,0.645,0.812,0.759,0.766,0.758,0.532,0.51,0.564
330,7,1,1.8,0.5,0.43,0.59,0.39,0.402,0.416,0.414,0.418,0.43,0.666,0.663,0.658,0.658,0.534,0.557,0.524,0.502,0.535,0.531,0.55,0.731,0.743,0.717,0.751,0.465,0.494,0.474
331,1,0,0.5,0.4,0.58,0.77,0.255,0.282,0.262,0.291,0.266,0.31,0.388,0.383,0.385,0.376,0.348,0.33,0.34,0.321,0.324,0.311,0.321,0.429,0.436,0.426,0.444,0.291,0.3,0.31
332,2,0,0.8,0.6,0.14,0.69,0.231,0.267,0.239,0.235,0.24,0.256,0.344,0.39,0.352,0.391,0.316,0.318,0.32,0.304,0.305,0.316,0.29,0.429,0.431,0.421,0.404,0.262,0.285,0.324
333,3,0,3.7,4.2,0.49,0.55,0.356,0.376,0.366,0.35,0.351,0.324,0.514,0.54,0.528,0.546,0.444,0.433,0.456,0.466,0.44,0.428,0.432,0.583,0.602,0.603,0.566,0.43,0.398,0.401
334,4,0,1.0,0.0,0.14,0.66,0.282,0.319,0.295,0.301,0.299,0.32,0.448,0.455,0.469,0.458,0.402,0.386,0.382,0.39,0.342,0.392,0.403,0.511,0.539,0.472,0.485,0.348,0.314,0.29
335,5,0,3.8,0.1,0.54,0.63,0.363,0.366,0.326,0.341,0.355,0.4,0.509,0.543,0.552,0.535,0.452,0.487,0.445,0.474,0.431,0.442,0.474,0.59,0.607,0.56,0.598,0.429,0.395,0.411
336,6,1,2.1,0.1,0.35,0.68,0.364,0.368,0.341,0.374,0.368,0.363,0.571,0.564,0.541,0.534,0.488,0.482,0.469,0.413,0.467,0.474,0.453,0.565,0.581,0.603,0.63,0.42,0.416,0.359
337,7,1,5.0,0.3,0.93,0.64,0.297,0.31,0.307,0.277,0.289,0.311,0.446,0.452,0.449,0.459,0.362,0.407,0.399,0.37,0.399,0.359,0.395,0.516,0.521,0.47,0.503,0.362,0.364,0.327
338,1,0,-0.7,0.8,0.52,0.74,0.234,0.259,0.241,0.212,0.245,0.23,0.334,0.361,0.326,0.359,0.323,0.32,0.31,0.29,0.325,0.333,0.285,0.4,0.394,0.417,0.416,0.244,0.276,0.273
339,2,0,2.6,0.8,0.29,0.65,0.377,0.394,0.392,0.409,0.372,0.422,0.644,0.592,0.57,0.586,0.459,0.519,0.539,0.466,0.513,0.515,0.507,0.653,0.632,0.643,0.67,0.423,0.454,0.455
340,3,0,-2.1,0.2,0.26,0.56,0.325,0.338,0.314,0.331,0.336,0.31,0.494,0.508,0.511,0.495,0.442,0.458,0.453,0.386,0.432,0.424,0.415,0.559,0.568,0.565,0.529,0.375,0.353,0.373
341,4,0,1.0,1.2,0.71,0.76,0.416,0.386,0.396,0.411,0.396,0.389,0.621,0.593,0.581,0.6,0.485,0.501,0.496,0.465,0.483,0.514,0.49,0.654,0.655,0.633,0.645,0.434,0.435,0.433
342,5,0,-1.4,0.7,0.05,0.74,0.443,0.422,0.428,0.408,0.436,0.431,0.654,0.647,0.644,0.66,0.511,0.491,0.54,0.55,0.525,0.524,0.54,0.663,0.734,0.744,0.722,0.505,0.49,0.476
343,6,1,-1.3,0.3,0.44,0.86,0.502,0.49,0.48,0.469,0.496,0.463,0.731,0.709,0.72,0.697,0.596,0.576,0.607,0.599,0.584,0.59,0.592,0.759,0.76,0.805,0.794,0.528,0.587,0.504
344,7,1,1.1,0.3,0.33,0.83,0.354,0.384,0.36,0.385,0.388,0.36,0.568,0.599,0.588,0.585,0.441,0.481,0.456,0.487,0.513,0.487,0.495,0.618,0.632,0.666,0.602,0.452,0.447,0.422
345,1,0,0.9,4.1,0.51,0.85,0.401,0.432,0.457,0.446,0.444,0.433,0.631,0.669,0.671,0.66,0.571,0.536,0.547,0.58,0.578,0.519,0.539,0.682,0.736,0.703,0.725,0.488,0.497,0.494
346,2,0,0.7,1.9,0.62,0.64,0.403,0.448,0.422,0.44,0.427,0.425,0.604,0.672,0.642,0.615,0.518,0.532,0.551,0.517,0.5,0.565,0.536,0.666,0.654,0.681,0.672,0.485,0.492,0.506
347,3,0,1.4,0.3,0.35,0.72,0.47,0.484,0.466,0.464,0.476,0.444,0.683,0.756,0.732,0.701,0.562,0.568,0.606,0.603,0.581,0.598,0.595,0.746,0.775,0.81,0.769,0.525,0.499,0.561
348,4,0,-0.5,2.6,0.44,0.7,0.376,0.378,0.353,0.37,0.358,0.407,0.546,0.596,0.5,0.558,0.467,0.481,0.496,0.483,0.484,0.43,0.435,0.594,0.615,0.608,0.639,0.428,0.424,0.402
349,5,0,2.1,0.4,0.38,0.82,0.419,0.413,0.392,0.415,0.406,0.452,0.577,0.604,0.61,0.591,0.473,0.543,0.465,0.547,0.496,0.499,0.492,0.651,0.634,0.637,0.626,0.443,0.395,0.419
350,6,1,0.3,1.3,0.73,0.42,0.325,0.284,0.331,0.3,0.298,0.298,0.47,0.457,0.416,0.477,0.39,0.388,0.386,0.389,0.38,0.366,0.367,0.536,0.519,0.527,0.479,0.338,0.377,0.353
351,7,1,3.8,2.9,0.22,0.68,0.407,0.372,0.349,0.35,0.405,0.346,0.556,0.539,0.539,0.562,0.461,0.466,0.436,0.465,0.457,0.465,0.467,0.6,0.62,0.615,0.6,0.419,0.427,0.402
352,1,0,0.6,1.6,0.68,0.78,0.443,0.424,0.424,0.424,0.395,0.399,0.651,0.647,0.646,0.669,0.53,0.52,0.524,0.547,0.538,0.538,0.526,0.744,0.704,0.698,0.677,0.47,0.501,0.485
353,2,0,-1.1,0.3,0.46,0.66,0.485,0.456,0.491,0.45,0.451,0.474,0.709,0.713,0.728,0.678,0.61,0.597,0.572,0.545,0.575,0.612,0.549,0.797,0.744,0.752,0.733,0.541,0.546,0.543
354,3,0,-1.1,0.9,0.87,0.74,0.455,0.46,0.433,0.468,0.466,0.444,0.659,0.673,0.699,0.677,0.587,0.569,0.549,0.573,0.581,0.568,0.561,0.743,0.724,0.738,0.758,0.479,0.477,0.54
355,4,0,-1.7,1.6,0.23,0.79,0.446,0.409,0.448,0.412,0.407,0.437,0.668,0.647,0.66,0.646,0.51,0.535,0.564,0.524,0.54,0.508,0.538,0.733,0.738,0.682,0.724,0.504,0.463,0.504
356,5,0,0.7,0.2,0.71,0.76,0.364,0.285,0.32,0.309,0.338,0.316,0.459,0.472,0.456,0.498,0.398,0.391,0.387,0.394,0.405,0.359,0.381,0.563,0.463,0.507,0.556,0.349,0.375,0.356
357,6,1,-3.3,0.6,0.47,0.71,0.369,0.376,0.356,0.364,0.364,0.374,0.58,0.558,0.555,0.565,0.519,0.489,0.487,0.48,0.484,0.476,0.467,0.642,0.614,0.615,0.606,0.41,0.461,0.431
358,7,1,-0.7,0.5,0.34,0.81,0.23,0.265,0.242,0.269,0.255,0.237,0.351,0.373,0.385,0.397,0.287,0.301,0.289,0.278,0.302,0.304,0.297,0.44,0.4,0.391,0.386,0.27,0.283,0.24
359,1,0,1.0,0.8,0.5,0.71,0.231,0.288,0.234,0.228,0.265,0.235,0.366,0.366,0.329,0.378,0.32,0.288,0.327,0.303,0.332,0.318,0.337,0.432,0.402,0.395,0.419,0.304,0.287,0.338
360,2,0,-2.5,1.0,0.39,0.72,0.432,0.397,0.389,0.409,0.394,0.427,0.612,0.618,0.622,0.637,0.527,0.509,0.544,0.474,0.529,0.504,0.51,0.684,0.69,0.664,0.675,0.486,0.457,0.505
361,3,0,1.5,1.5,0.71,0.76,0.321,0.333,0.298,0.305,0.341,0.302,0.468,0.467,0.486,0.472,0.442,0.392,0.374,0.417,0.396,0.377,0.384,0.52,0.51,0.499,0.523,0.337,0.347,0.328
362,4,0,-0.8,2.8,0.58,0.53,0.399,0.364,0.389,0.391,0.373,0.392,0.548,0.577,0.569,0.501,0.468,0.459,0.455,0.465,0.443,0.459,0.498,0.645,0.63,0.583,0.578,0.397,0.443,0.432
363,5,0,1.2,0.2,0.87,0.59,0.475,0.47,0.478,0.428,0.466,0.465,0.694,0.691,0.696,0.68,0.61,0.558,0.56,0.561,0.564,0.548,0.566,0.765,0.724,0.731,0.74,0.535,0.518,0.516
364,6,1,0.6,3.6,0.68,0.81,0.318,0.335,0.357,0.37,0.33,0.41,0.538,0.54,0.562,0.56,0.441,0.446,0.447,0.416,0.471,0.437,0.437,0.556,0.576,0.531,0.587,0.406,0.405,0.444
365,7,1,0.9,0.6,0.51,0.79,0.445,0.415,0.45,0.45,0.453,0.45,0.6,0.603,0.651,0.632,0.56,0.546,0.587,0.564,0.51,0.547,0.519,0.72,0.718,0.717,0.744,0.475,0.451,0.457
1,1,0,-0.3,1.1,0.69,0.67,0.413,0.45,0.464,0.431,0.42,0.463,0.685,0.64,0.627,0.669,0.572,0.566,0.554,0.554,0.534,0.552,0.538,0.714,0.717,0.687,0.709,0.496,0.49,0.547
2,2,0,4.1,0.5,0.57,0.71,0.394,0.396,0.42,0.393,0.409,0.402,0.604,0.627,0.651,0.599,0.506,0.49,0.518,0.527,0.485,0.506,0.527,0.67,0.674,0.666,0.657,0.453,0.457,0.459
3,3,0,4.5,1.5,0.64,0.82,0.351,0.413,0.374,0.418,0.401,0.381,0.543,0.61,0.592,0.586,0.525,0.517,0.456,0.479,0.482,0.491,0.473,0.657,0.663,0.604,0.625,0.453,0.453,0.446
4,4,0,-1.2,2.2,0.59,0.6,0.357,0.338,0.385,0.321,0.349,0.338,0.512,0.565,0.567,0.565,0.448,0.501,0.46,0.488,0.476,0.46,0.488,0.624,0.579,0.608,0.611,0.372,0.388,0.413
5,5,0,-3.3,2.0,0.54,0.82,0.475,0.463,0.499,0.486,0.46,0.464,0.704,0.725,0.728,0.665,0.598,0.607,0.579,0.558,0.58,0.615,0.629,0.777,0.754,0.786,0.753,0.551,0.55,0.518
6,6,1,0.0,0.3,0.69,0.71,0.398,0.387,0.365,0.407,0.379,0.404,0.636,0.62,0.595,0.592,0.496,0.483,0.517,0.484,0.504,0.483,0.53,0.639,0.684,0.69,0.662,0.492,0.456,0.477
7,7,1,-1.4,1.0,0.45,0.72,0.395,0.43,0.395,0.417,0.379,0.398,0.681,0.66,0.6,0.614,0.523,0.51,0.512,0.511,0.52,0.512,0.504,0.658,0.661,0.643,0.695,0.494,0.475,0.472
8,1,0,-0.9,1.2,0.42,0.74,0.391,0.391,0.381,0.405,0.383,0.385,0.588,0.535,0.568,0.592,0.507,0.455,0.457,0.442,0.475,0.464,0.45,0.67,0.634,0.668,0.63,0.43,0.457,0.444
9,2,0,0.4,0.2,0.39,0.57,0.249,0.286,0.282,0.277,0.249,0.287,0.421,0.387,0.366,0.397,0.321,0.337,0.302,0.32,0.321,0.311,0.372,0.468,0.44,0.432,0.416,0.32,0.282,0.312
10,3,0,-1.0,0.4,0.68,0.4,0.439,0.445,0.462,0.43,0.413,0.451,0.621,0.64,0.639,0.676,0.549,0.54,0.541,0.554,0.537,0.561,0.503,0.671,0.721,0.695,0.705,0.511,0.529,0.494
11,4,0,1.6,3.5,0.23,0.78,0.301,0.289,0.313,0.308,0.306,0.32,0.498,0.483,0.475,0.473,0.366,0.397,0.404,0.371,0.387,0.342,0.394,0.447,0.493,0.468,0.486,0.331,0.32,0.326
12,5,0,-2.8,1.4,0.7,0.87,0.386,0.324,0.374,0.37,0.333,0.372,0.533,0.534,0.49,0.51,0.409,0.426,0.441,0.455,0.457,0.408,0.444,0.561,0.596,0.565,0.553,0.377,0.413,0.388
13,6,1,-1.9,0.5,0.83,0.8,0.394,0.441,0.416,0.426,0.404,0.414,0.634,0.633,0.653,0.598,0.553,0.529,0.531,0.544,0.534,0.486,0.513,0.638,0.676,0.648,0.66,0.482,0.487,0.436
14,7,1,2.1,0.5,0.41,0.76,0.419,0.379,0.429,0.399,0.379,0.401,0.585,0.645,0.612,0.624,0.55,0.549,0.521,0.529,0.494,0.528,0.556,0.655,0.687,0.678,0.644,0.424,0.483,0.402
15,1,0,-2.9,0.1,0.44,0.77,0.245,0.249,0.234,0.244,0.228,0.218,0.34,0.378,0.381,0.323,0.319,0.286,0.314,0.319,0.27,0.291,0.295,0.375,0.378,0.43,0.386,0.233,0.262,0.276
16,2,0,1.3,1.2,0.36,0.65,0.385,0.306,0.39,0.378,0.381,0.347,0.543,0.522,0.561,0.53,0.483,0.453,0.479,0.449,0.435,0.454,0.433,0.571,0.578,0.615,0.601,0.415,0.382,0.407
17,3,0,-1.7,0.4,0.47,0.82,0.476,0.458,0.465,0.472,0.537,0.513,0.728,0.701,0.755,0.693,0.636,0.59,0.573,0.561,0.604,0.578,0.617,0.734,0.781,0.756,0.779,0.556,0.528,0.517
18,4,0,1.1,1.0,0.32,0.66,0.291,0.327,0.313,0.299,0.295,0.345,0.497,0.433,0.465,0.479,0.408,0.376,0.387,0.378,0.408,0.405,0.399,0.525,0.519,0.496,0.537,0.375,0.364,0.363
19,5,0,0.6,0.8,0.51,0.79,0.227,0.275,0.258,0.21,0.256,0.24,0.39,0.34,0.37,0.362,0.308,0.312,0.357,0.296,0.305,0.277,0.297,0.37,0.387,0.415,0.395,0.273,0.263,0.243
20,6,1,-0.5,1.2,0.61,0.67,0.326,0.323,0.334,0.373,0.351,0.371,0.511,0.53,0.49,0.507,0.402,0.387,0.42,0.399,0.408,0.377,0.409,0.568,0.518,0.508,0.542,0.38,0.349,0.389
21,7,1,2.7,0.9,0.27,0.6,0.414,0.432,0.458,0.438,0.443,0.414,0.64,0.676,0.651,0.659,0.55,0.56,0.535,0.522,0.546,0.596,0.56,0.76,0.706,0.721,0.729,0.511,0.489,0.515
22,1,0,-0.0,1.7,0.37,0.69,0.29,0.258,0.278,0.304,0.305,0.323,0.458,0.441,0.471,0.41,0.415,0.386,0.394,0.363,0.379,0.39,0.339,0.482,0.492,0.476,0.529,0.34,0.35,0.339
23,2,0,2.6,0.1,0.43,0.76,0.369,0.388,0.335,0.408,0.401,0.354,0.579,0.592,0.584,0.645,0.492,0.53,0.482,0.538,0.504,0.475,0.487,0.619,0.658,0.647,0.637,0.451,0.469,0.42
24,3,0,2.5,1.7,0.45,0.54,0.261,0.269,0.277,0.224,0.264,0.269,0.379,0.381,0.392,0.373,0.314,0.308,0.342,0.359,0.356,0.32,0.288,0.414,0.414,0.42,0.45,0.272,0.317,0.317
25,4,0,2.6,0.1,0.27,0.7,0.3,0.336,0.312,0.288,0.31,0.301,0.469,0.47,0.462,0.474,0.437,0.389,0.389,0.414,0.407,0.366,0.378,0.501,0.519,0.512,0.493,0.359,0.326,0.292
26,5,0,1.1,2.5,0.68,0.82,0.29,0.276,0.291,0.273,0.308,0.315,0.427,0.423,0.432,0.445,0.323,0.363,0.343,0.409,0.385,0.348,0.367,0.503,0.482,0.466,0.459,0.327,0.317,0.326
27,6,1,-0.6,1.2,0.63,0.72,0.348,0.36,0.366,0.339,0.318,0.339,0.509,0.497,0.488,0.542,0.474,0.424,0.43,0.43,0.417,0.471,0.438,0.555,0.564,0.532,0.524,0.392,0.415,0.427
28,7,1,-0.1,0.2,0.74,0.84,0.334,0.329,0.321,0.328,0.321,0.368,0.489,0.493,0.509,0.503,0.412,0.44,0.422,0.429,0.395,0.393,0.411,0.542,0.498,0.556,0.51,0.357,0.361,0.397
29,1,0,1.5,1.9,0.74,0.78,0.336,0.327,0.322,0.35,0.33,0.349,0.505,0.522,0.514,0.483,0.421,0.438,0.407,0.422,0.428,0.446,0.418,0.557,0.537,0.587,0.524,0.385,0.394,0.405
30,2,0,3.3,0.4,0.85,0.75,0.331,0.31,0.333,0.318,0.365,0.337,0.523,0.52,0.499,0.504,0.393,0.432,0.41,0.391,0.387,0.39,0.42,0.535,0.547,0.539,0.576,0.412,0.388,0.373
31,3,0,3.4,0.2,0.62,0.76,0.42,0.412,0.451,0.43,0.445,0.439,0.654,0.64,0.665,0.629,0.547,0.534,0.499,0.527,0.573,0.55,0.523,0.709,0.706,0.721,0.727,0.482,0.477,0.488
32,4,0,2.1,0.5,0.6,0.67,0.326,0.306,0.331,0.349,0.329,0.324,0.476,0.501,0.456,0.484,0.387,0.403,0.414,0.406,0.369,0.429,0.421,0.508,0.518,0.514,0.526,0.354,0.377,0.381
33,5,0,0.5,0.2,0.21,0.87,0.474,0.479,0.469,0.464,0.453,0.433,0.711,0.672,0.674,0.708,0.58,0.551,0.536,0.556,0.547,0.568,0.497,0.713,0.754,0.716,0.706,0.501,0.511,0.49
34,6,1,1.7,2.4,0.48,0.82,0.388,0.374,0.409,0.375,0.419,0.383,0.584,0.579,0.593,0.569,0.502,0.502,0.467,0.484,0.462,0.454,0.489,0.643,0.609,0.622,0.622,0.458,0.426,0.443
35,7,1,1.7,0.1,0.24,0.62,0.257,0.247,0.236,0.26,0.296,0.259,0.357,0.37,0.39,0.401,0.338,0.331,0.309,0.303,0.329,0.318,0.296,0.415,0.425,0.41,0.446,0.301,0.258,0.31
36,1,0,4.5,0.8,0.72,0.59,0.334,0.351,0.339,0.315,0.313,0.307,0.524,0.522,0.486,0.5,0.451,0.406,0.417,0.442,0.413,0.445,0.424,0.553,0.548,0.516,0.526,0.385,0.366,0.386
37,2,0,0.6,0.3,0.26,0.69,0.31,0.339,0.286,0.303,0.292,0.273,0.459,0.469,0.457,0.469,0.36,0.399,0.392,0.36,0.326,0.375,0.359,0.514,0.521,0.477,0.496,0.314,0.377,0.344
38,3,0,1.0,0.4,0.46,0.54,0.236,0.243,0.268,0.241,0.223,0.249,0.373,0.391,0.378,0.364,0.343,0.292,0.298,0.287,0.317,0.285,0.309,0.381,0.444,0.409,0.408,0.275,0.259,0.294
39,4,0,0.0,0.8,0.07,0.79,0.207,0.23,0.288,0.292,0.273,0.24,0.386,0.421,0.353,0.356,0.316,0.313,0.33,0.343,0.323,0.31,0.352,0.393,0.42,0.388,0.449,0.323,0.276,0.236
40,5,0,0.4,1.7,0.43,0.71,0.487,0.454,0.424,0.43,0.42,0.464,0.677,0.683,0.685,0.706,0.569,0.567,0.579,0.596,0.571,0.555,0.585,0.744,0.761,0.732,0.712,0.482,0.532,0.507
41,6,1,4.6,0.3,0.64,0.58,0.427,0.377,0.398,0.413,0.407,0.362,0.603,0.615,0.611,0.594,0.479,0.499,0.501,0.479,0.51,0.493,0.475,0.655,0.662,0.632,0.659,0.438,0.464,0.446
42,7,1,1.3,0.9,0.39,0.74,0.471,0.497,0.463,0.468,0.483,0.467,0.684,0.699,0.68,0.697,0.542,0.562,0.546,0.594,0.605,0.622,0.594,0.756,0.735,0.738,0.73,0.516,0.511,0.525
43,1,0,6.4,0.2,0.47,0.72,0.328,0.31,0.303,0.281,0.344,0.302,0.441,0.428,0.44,0.425,0.365,0.346,0.387,0.375,0.342,0.387,0.347,0.46,0.46,0.485,0.492,0.324,0.367,0.357
44,2,0,4.5,0.5,0.38,0.89,0.335,0.321,0.333,0.32,0.39,0.334,0.486,0.537,0.501,0.522,0.43,0.442,0.435,0.432,0.403,0.448,0.425,0.545,0.583,0.548,0.564,0.376,0.39,0.4
45,3,0,2.8,0.2,0.54,0.69,0.486,0.47,0.465,0.44,0.438,0.471,0.701,0.729,0.685,0.719,0.616,0.594,0.597,0.584,0.566,0.588,0.61,0.738,0.748,0.751,0.806,0.511,0.48,0.538
46,4,0,0.5,2.4,0.76,0.64,0.388,0.375,0.399,0.368,0.388,0.384,0.564,0.596,0.552,0.601,0.492,0.49,0.48,0.522,0.472,0.447,0.442,0.636,0.623,0.617,0.616,0.479,0.412,0.443
47,5,0,5.9,0.4,0.44,0.53,0.451,0.424,0.4,0.433,0.407,0.424,0.653,0.647,0.646,0.636,0.555,0.546,0.582,0.558,0.579,0.561,0.592,0.695,0.705,0.664,0.726,0.502,0.512,0.45
48,6,1,5.2,1.2,0.53,0.64,0.374,0.376,0.401,0.403,0.395,0.405,0.553,0.536,0.525,0.572,0.478,0.504,0.451,0.49,0.467,0.474,0.461,0.603,0.634,0.584,0.598,0.421,0.417,0.412
49,7,1,2.2,0.6,0.52,0.65,0.397,0.422,0.387,0.431,0.405,0.445,0.629,0.616,0.563,0.623,0.511,0.509,0.461,0.478,0.462,0.487,0.476,0.596,0.661,0.613,0.643,0.455,0.465,0.475
50,1,0,5.6,0.9,0.43,0.82,0.338,0.336,0.314,0.346,0.365,0.355,0.552,0.584,0.496,0.553,0.451,0.445,0.424,0.428,0.408,0.469,0.453,0.577,0.581,0.561,0.587,0.39,0.4,0.369
51,2,0,4.0,0.1,0.79,0.72,0.262,0.258,0.259,0.229,0.262,0.255,0.354,0.377,0.367,0.368,0.318,0.282,0.306,0.312,0.292,0.33,0.346,0.382,0.399,0.415,0.386,0.281,0.269,0.264
52,3,0,8.8,1.0,0.38,0.69,0.276,0.247,0.281,0.239,0.229,0.199,0.38,0.347,0.385,0.4,0.317,0.3,0.304,0.285,0.288,0.339,0.291,0.393,0.416,0.379,0.396,0.277,0.267,0.276
53,4,0,3.9,0.5,0.2,0.74,0.335,0.342,0.306,0.352,0.352,0.309,0.463,0.511,0.477,0.468,0.439,0.415,0.388,0.43,0.437,0.455,0.4,0.526,0.537,0.546,0.528,0.36,0.344,0.369
54,5,0,4.4,0.7,0.61,0.83,0.383,0.38,0.371,0.344,0.387,0.362,0.538,0.533,0.555,0.55,0.482,0.427,0.442,0.465,0.45,0.46,0.463,0.588,0.572,0.543,0.576,0.38,0.401,0.419
55,6,1,5.5,1.0,0.69,0.62,0.28,0.258,0.292,0.259,0.284,0.283,0.431,0.424,0.451,0.422,0.354,0.371,0.335,0.374,0.355,0.35,0.347,0.466,0.447,0.439,0.463,0.312,0.318,0.334
56,7,1,7.5,1.0,0.89,0.6,0.396,0.422,0.355,0.364,0.348,0.371,0.529,0.617,0.563,0.605,0.494,0.446,0.464,0.481,0.501,0.485,0.488,0.617,0.618,0.646,0.621,0.433,0.424,0.434
57,1,0,3.6,0.1,0.08,0.56,0.33,0.316,0.347,0.338,0.346,0.36,0.504,0.526,0.521,0.541,0.456,0.44,0.403,0.434,0.465,0.422,0.43,0.558,0.558,0.533,0.544,0.412,0.379,0.394
58,2,0,4.8,0.3,0.3,0.6,0.246,0.264,0.252,0.238,0.238,0.249,0.349,0.387,0.356,0.387,0.294,0.3,0.305,0.29,0.295,0.309,0.312,0.425,0.396,0.393,0.378,0.245,0.29,0.296
59,3,0,4.0,0.3,0.32,0.68,0.402,0.435,0.452,0.424,0.422,0.429,0.637,0.601,0.671,0.636,0.513,0.542,0.515,0.525,0.561,0.532,0.552,0.7,0.694,0.697,0.693,0.514,0.463,0.511
60,4,0,2.5,0.6,0.06,0.62,0.285,0.334,0.298,0.327,0.279,0.302,0.437,0.475,0.458,0.482,0.389,0.376,0.35,0.347,0.359,0.402,0.402,0.481,0.499,0.48,0.513,0.333,0.325,0.348
61,5,0,5.6,2.0,0.36,0.77,0.26,0.273,0.272,0.288,0.272,0.223,0.403,0.397,0.427,0.401,0.326,0.329,0.337,0.369,0.336,0.374,0.333,0.412,0.46,0.464,0.442,0.306,0.308,0.284
62,6,1,4.4,0.4,0.29,0.61,0.347,0.337,0.348,0.356,0.329,0.341,0.508,0.546,0.546,0.539,0.448,0.429,0.388,0.418,0.4,0.423,0.426,0.573,0.571,0.569,0.537,0.403,0.423,0.428
63,7,1,7.0,0.9,0.97,0.83,0.268,0.277,0.247,0.275,0.295,0.257,0.438,0.41,0.389,0.45,0.336,0.34,0.358,0.346,0.336,0.324,0.338,0.476,0.416,0.465,0.461,0.325,0.311,0.288
64,1,0,5.4,1.2,0.07,0.7,0.386,0.373,0.371,0.392,0.409,0.396,0.61,0.535,0.546,0.591,0.471,0.525,0.52,0.456,0.464,0.477,0.473,0.605,0.659,0.639,0.656,0.388,0.434,0.429
65,2,0,5.2,0.3,0.63,0.8,0.379,0.341,0.378,0.359,0.38,0.333,0.537,0.521,0.538,0.554,0.432,0.444,0.422,0.426,0.408,0.48,0.452,0.568,0.583,0.603,0.592,0.416,0.404,0.381
66,3,0,3.5,0.4,0.17,0.55,0.297,0.292,0.312,0.287,0.301,0.311,0.408,0.476,0.45,0.437,0.381,0.361,0.389,0.387,0.386,0.347,0.311,0.429,0.462,0.473,0.478,0.333,0.334,0.339
67,4,0,5.7,1.9,0.69,0.65,0.445,0.463,0.435,0.478,0.464,0.478,0.746,0.736,0.733,0.708,0.617,0.64,0.567,0.607,0.593,0.6,0.584,0.783,0.769,0.76,0.792,0.527,0.541,0.558
68,5,0,3.9,0.4,0.48,0.69,0.442,0.438,0.408,0.413,0.448,0.39,0.61,0.65,0.587,0.628,0.512,0.526,0.534,0.54,0.529,0.533,0.576,0.672,0.671,0.658,0.69,0.477,0.487,0.432
69,6,1,5.6,0.4,0.41,0.81,0.3,0.338,0.308,0.302,0.31,0.291,0.476,0.446,0.463,0.432,0.384,0.364,0.396,0.38,0.384,0.372,0.421,0.471,0.526,0.491,0.477,0.315,0.351,0.384
70,7,1,3.7,4.3,0.36,0.83,0.264,0.236,0.204,0.279,0.233,0.215,0.403,0.362,0.358,0.369,0.307,0.307,0.335,0.304,0.271,0.356,0.344,0.444,0.438,0.421,0.401,0.266,0.289,0.26
71,1,0,3.6,0.4,0.7,0.59,0.458,0.497,0.459,0.465,0.441,0.457,0.668,0.72,0.695,0.666,0.586,0.568,0.607,0.536,0.52,0.551,0.574,0.74,0.74,0.691,0.702,0.525,0.544,0.533
72,2,0,8.2,0.1,0.55,0.72,0.346,0.353,0.347,0.333,0.357,0.383,0.505,0.538,0.559,0.479,0.424,0.458,0.446,0.426,0.432,0.438,0.439,0.611,0.563,0.579,0.558,0.416,0.431,0.383
73,3,0,9.9,0.8,0.57,0.8,0.361,0.417,0.416,0.406,0.422,0.412,0.652,0.632,0.624,0.636,0.529,0.541,0.489,0.563,0.531,0.512,0.529,0.691,0.665,0.689,0.692,0.498,0.481,0.491
74,4,0,7.0,0.3,0.61,0.65,0.417,0.425,0.393,0.356,0.414,0.365,0.586,0.633,0.63,0.619,0.526,0.516,0.501,0.517,0.487,0.523,0.507,0.638,0.676,0.651,0.692,0.447,0.478,0.459
75,5,0,6.2,0.6,0.39,0.66,0.332,0.302,0.322,0.343,0.354,0.325,0.501,0.511,0.5,0.504,0.44,0.389,0.424,0.42,0.39,0.406,0.434,0.534,0.505,0.527,0.573,0.36,0.361,0.395
76,6,1,6.3,1.5,0.85,0.74,0.275,0.323,0.293,0.313,0.302,0.32,0.422,0.398,0.424,0.444,0.398,0.408,0.351,0.291,0.358,0.374,0.349,0.467,0.451,0.478,0.488,0.339,0.32,0.335
77,7,1,2.5,2.9,0.2,0.79,0.372,0.365,0.357,0.384,0.372,0.394,0.548,0.533,0.569,0.521,0.42,0.423,0.453,0.484,0.46,0.509,0.459,0.604,0.561,0.57,0.587,0.438,0.412,0.395
78,1,0,9.3,1.0,0.4,0.69,0.36,0.311,0.343,0.321,0.362,0.349,0.527,0.497,0.477,0.488,0.411,0.437,0.434,0.399,0.451,0.427,0.424,0.567,0.542,0.574,0.55,0.398,0.414,0.397
79,2,0,11.1,0.6,0.53,0.63,0.438,0.418,0.428,0.421,0.46,0.431,0.64,0.622,0.647,0.657,0.521,0.529,0.566,0.563,0.544,0.518,0.536,0.714,0.694,0.671,0.663,0.482,0.482,0.5
80,3,0,10.0,0.2,0.36,0.81,0.411,0.421,0.407,0.41,0.395,0.408,0.63,0.618,0.597,0.595,0.518,0.543,0.505,0.518,0.477,0.505,0.486,0.66,0.626,0.711,0.678,0.476,0.508,0.453
81,4,0,5.7,0.5,0.22,0.7,0.256,0.288,0.275,0.25,0.27,0.285,0.402,0.452,0.412,0.417,0.357,0.329,0.344,0.345,0.321,0.33,0.346,0.452,0.487,0.435,0.467,0.318,0.281,0.346
82,5,0,11.9,1.2,0.44,0.65,0.279,0.271,0.286,0.246,0.294,0.234,0.403,0.42,0.413,0.377,0.349,0.328,0.329,0.353,0.314,0.338,0.325,0.457,0.445,0.435,0.438,0.326,0.282,0.281
83,6,1,11.0,1.4,0.87,0.66,0.298,0.308,0.29,0.325,0.283,0.275,0.457,0.449,0.441,0.422,0.406,0.366,0.352,0.385,0.384,0.344,0.4,0.461,0.524,0.457,0.461,0.35,0.345,0.349
84,7,1,7.9,0.1,0.54,0.68,0.369,0.37,0.361,0.315,0.305,0.347,0.513,0.509,0.486,0.507,0.433,0.409,0.449,0.44,0.424,0.388,0.438,0.566,0.496,0.544,0.547,0.402,0.348,0.392
85,1,0,8.5,0.8,0.62,0.76,0.22,0.241,0.235,0.242,0.24,0.298,0.395,0.4,0.384,0.401,0.332,0.343,0.341,0.304,0.285,0.354,0.321,0.405,0.42,0.428,0.466,0.274,0.253,0.286
86,2,0,10.0,2.1,0.74,0.8,0.396,0.383,0.415,0.4,0.378,0.397,0.617,0.632,0.593,0.614,0.476,0.504,0.491,0.519,0.526,0.522,0.486,0.619,0.651,0.672,0.636,0.463,0.434,0.431
87,3,0,8.3,1.8,0.08,0.73,0.387,0.348,0.392,0.367,0.361,0.397,0.557,0.587,0.561,0.558,0.446,0.496,0.444,0.472,0.428,0.468,0.487,0.544,0.617,0.596,0.628,0.418,0.413,0.428
88,4,0,13.7,0.6,0.42,0.62,0.445,0.466,0.439,0.474,0.444,0.466,0.699,0.68,0.676,0.688,0.582,0.561,0.569,0.562,0.528,0.541,0.549,0.733,0.752,0.735,0.767,0.504,0.501,0.496
89,5,0,11.0,0.9,0.49,0.63,0.294,0.298,0.291,0.295,0.264,0.255,0.423,0.441,0.436,0.407,0.325,0.326,0.382,0.345,0.334,0.345,0.384,0.433,0.435,0.476,0.462,0.286,0.31,0.323
90,6,1,9.4,2.7,0.89,0.8,0.447,0.471,0.487,0.452,0.479,0.488,0.709,0.718,0.686,0.712,0.614,0.553,0.59,0.61,0.584,0.622,0.579,0.766,0.756,0.748,0.779,0.552,0.536,0.532
91,7,1,9.2,0.2,0.34,0.76,0.45,0.497,0.429,0.465,0.499,0.441,0.694,0.754,0.713,0.706,0.65,0.626,0.598,0.607,0.566,0.538,0.589,0.782,0.793,0.752,0.805,0.541,0.541,0.527
92,1,0,7.7,0.1,0.66,0.76,0.275,0.242,0.265,0.302,0.26,0.273,0.402,0.408,0.375,0.371,0.328,0.35,0.344,0.297,0.287,0.316,0.318,0.412,0.398,0.431,0.404,0.287,0.299,0.256
93,2,0,6.9,0.5,0.37,0.91,0.469,0.443,0.464,0.45,0.478,0.47,0.667,0.671,0.702,0.682,0.55,0.562,0.584,0.566,0.578,0.532,0.55,0.733,0.706,0.74,0.714,0.46,0.515,0.482
94,3,0,11.8,1.6,0.35,0.7,0.371,0.388,0.351,0.36,0.371,0.378,0.546,0.52,0.571,0.522,0.456,0.433,0.477,0.464,0.442,0.454,0.452,0.565,0.583,0.544,0.558,0.396,0.39,0.395
95,4,0,8.9,0.2,0.46,0.67,0.423,0.437,0.43,0.446,0.458,0.445,0.659,0.686,0.651,0.67,0.561,0.524,0.568,0.536,0.547,0.548,0.53,0.711,0.752,0.743,0.723,0.495,0.498,0.546
96,5,0,10.6,0.8,0.39,0.88,0.43,0.44,0.417,0.412,0.453,0.416,0.602,0.678,0.636,0.646,0.519,0.533,0.51,0.519,0.518,0.561,0.515,0.724,0.697,0.691,0.71,0.506,0.487,0.463
97,6,1,10.6,1.3,0.66,0.59,0.439,0.453,0.448,0.446,0.467,0.449,0.696,0.71,0.668,0.671,0.6,0.573,0.559,0.571,0.573,0.584,0.578,0.762,0.748,0.739,0.728,0.514,0.541,0.542
98,7,1,13.2,0.3,0.65,0.62,0.492,0.454,0.464,0.479,0.471,0.474,0.688,0.672,0.711,0.691,0.591,0.57,0.587,0.602,0.56,0.592,0.587,0.738,0.728,0.741,0.734,0.53,0.507,0.502
99,1,0,10.4,0.9,0.88,0.59,0.355,0.339,0.372,0.359,0.389,0.353,0.544,0.548,0.506,0.49,0.424,0.474,0.468,0.426,0.412,0.427,0.481,0.554,0.585,0.582,0.571,0.398,0.383,0.39
100,2,0,14.4,1.3,0.64,0.53,0.407,0.419,0.435,0.42,0.442,0.453,0.645,0.643,0.636,0.67,0.527,0.539,0.533,0.513,0.566,0.535,0.551,0.686,0.688,0.665,0.689,0.522,0.5,0.492
101,3,0,12.5,1.2,0.8,0.59,0.433,0.351,0.37,0.418,0.425,0.398,0.589,0.608,0.586,0.576,0.493,0.513,0.505,0.509,0.468,0.468,0.514,0.634,0.612,0.619,0.629,0.433,0.462,0.416
102,4,0,9.9,0.6,0.57,0.89,0.378,0.387,0.382,0.348,0.388,0.39,0.581,0.592,0.554,0.555,0.483,0.467,0.473,0.493,0.49,0.486,0.462,0.624,0.66,0.605,0.624,0.39,0.407,0.42
103,5,0,15.2,1.6,0.55,0.65,0.461,0.422,0.43,0.45,0.417,0.392,0.67,0.665,0.674,0.666,0.537,0.51,0.55,0.552,0.529,0.511,0.532,0.711,0.756,0.708,0.719,0.485,0.505,0.516
104,6,1,14.0,0.2,0.71,0.62,0.241,0.276,0.244,0.271,0.266,0.26,0.359,0.352,0.374,0.378,0.342,0.325,0.309,0.322,0.287,0.299,0.322,0.41,0.352,0.415,0.369,0.263,0.328,0.277
105,7,1,11.7,0.0,0.32,0.74,0.279,0.29,0.291,0.249,0.301,0.266,0.42,0.39,0.395,0.386,0.332,0.374,0.361,0.36,0.346,0.348,0.332,0.441,0.382,0.459,0.432,0.308,0.331,0.327
106,1,0,11.3,1.0,0.63,0.64,0.455,0.46,0.468,0.46,0.445,0.466,0.693,0.688,0.719,0.711,0.591,0.572,0.545,0.572,0.567,0.556,0.587,0.792,0.74,0.742,0.752,0.497,0.56,0.517
107,2,0,16.3,0.2,0.67,0.76,0.379,0.415,0.363,0.381,0.337,0.355,0.562,0.538,0.554,0.599,0.492,0.48,0.495,0.474,0.458,0.43,0.46,0.634,0.592,0.624,0.609,0.435,0.396,0.413
108,3,0,12.4,0.6,0.85,0.72,0.304,0.354,0.356,0.348,0.346,0.337,0.53,0.513,0.511,0.508,0.423,0.423,0.425,0.426,0.409,0.395,0.426,0.552,0.599,0.578,0.568,0.367,0.378,0.37
109,4,0,10.9,0.7,0.17,0.55,0.355,0.382,0.345,0.378,0.338,0.37,0.525,0.539,0.545,0.544,0.442,0.425,0.468,0.466,0.406,0.42,0.421,0.579,0.569,0.59,0.567,0.413,0.395,0.442
110,5,0,11.1,0.0,0.68,0.76,0.308,0.32,0.322,0.326,0.312,0.307,0.453,0.476,0.466,0.439,0.374,0.388,0.382,0.421,0.4,0.414,0.402,0.537,0.491,0.507,0.52,0.338,0.342,0.345
111,6,1,15.4,1.0,0.47,0.7,0.464,0.428,0.423,0.419,0.443,0.429,0.648,0.646,0.665,0.64,0.541,0.554,0.521,0.538,0.539,0.531,0.518,0.686,0.702,0.707,0.703,0.483,0.475,0.467
112,7,1,16.1,0.7,0.59,0.82,0.245,0.272,0.259,0.256,0.233,0.252,0.385,0.393,0.389,0.381,0.348,0.335,0.355,0.33,0.322,0.353,0.331,0.382,0.41,0.409,0.399,0.258,0.3,0.3
113,1,0,13.3,0.6,0.46,0.64,0.257,0.273,0.263,0.279,0.299,0.249,0.385,0.413,0.421,0.43,0.329,0.361,0.329,0.317,0.298,0.343,0.316,0.44,0.438,0.438,0.438,0.29,0.275,0.342
114,2,0,13.8,0.1,0.36,0.76,0.372,0.405,0.354,0.376,0.365,0.392,0.545,0.563,0.562,0.588,0.479,0.452,0.494,0.439,0.499,0.495,0.466,0.596,0.608,0.617,0.604,0.412,0.398,0.439
115,3,0,14.9,0.5,0.46,0.62,0.372,0.394,0.369,0.343,0.343,0.346,0.546,0.521,0.518,0.516,0.443,0.395,0.463,0.507,0.426,0.439,0.444,0.594,0.582,0.604,0.581,0.398,0.396,0.416
116,4,0,14.0,0.2,0.13,0.62,0.264,0.23,0.254,0.228,0.257,0.252,0.413,0.398,0.38,0.38,0.307,0.302,0.326,0.346,0.325,0.312,0.308,0.45,0.399,0.402,0.42,0.295,0.266,0.254
117,5,0,14.3,1.9,0.47,0.76,0.478,0.476,0.485,0.509,0.482,0.455,0.689,0.707,0.719,0.705,0.587,0.607,0.603,0.589,0.608,0.564,0.567,0.762,0.762,0.777,0.742,0.512,0.505,0.514
118,6,1,14.6,0.2,0.93,0.74,0.353,0.378,0.377,0.411,0.417,0.392,0.581,0.574,0.573,0.542,0.477,0.498,0.486,0.491,0.475,0.445,0.504,0.633,0.656,0.602,0.601,0.438,0.412,0.419
119,7,1,13.4,0.4,0.34,0.73,0.282,0.246,0.278,0.319,0.298,0.265,0.402,0.457,0.415,0.435,0.339,0.345,0.345,0.354,0.337,0.35,0.35,0.447,0.414,0.479,0.447,0.3,0.312,0.296
120,1,0,13.5,0.8,0.56,0.6,0.327,0.354,0.326,0.326,0.284,0.312,0.451,0.481,0.443,0.512,0.392,0.421,0.404,0.408,0.403,0.398,0.363,0.519,0.543,0.515,0.531,0.359,0.413,0.385
121,2,0,12.7,2.0,0.56,0.75,0.42,0.461,0.459,0.455,0.416,0.42,0.645,0.623,0.629,0.637,0.555,0.524,0.536,0.543,0.54,0.519,0.529,0.674,0.674,0.703,0.706,0.47,0.486,0.474
122,3,0,16.8,2.1,0.8,0.67,0.284,0.291,0.306,0.309,0.303,0.301,0.426,0.452,0.429,0.412,0.362,0.373,0.345,0.382,0.37,0.366,0.348,0.457,0.47,0.465,0.462,0.342,0.349,0.348
123,4,0,14.9,0.5,0.39,0.89,0.359,0.341,0.358,0.379,0.38,0.355,0.506,0.518,0.516,0.52,0.436,0.427,0.47,0.43,0.429,0.429,0.437,0.604,0.571,0.536,0.595,0.39,0.371,0.4
124,5,0,14.1,0.4,0.59,0.79,0.373,0.38,0.383,0.334,0.395,0.389,0.572,0.565,0.59,0.582,0.502,0.492,0.483,0.49,0.488,0.484,0.467,0.654,0.622,0.637,0.608,0.439,0.418,0.431
125,6,1,11.8,1.2,0.49,0.59,0.321,0.351,0.334,0.351,0.307,0.331,0.517,0.471,0.478,0.479,0.381,0.405,0.401,0.418,0.399,0.407,0.401,0.513,0.54,0.539,0.586,0.377,0.381,0.384
126,7,1,16.9,0.4,0.08,0.78,0.314,0.339,0.288,0.29,0.33,0.346,0.453,0.454,0.469,0.462,0.408,0.391,0.412,0.381,0.422,0.433,0.355,0.482,0.491,0.5,0.517,0.361,0.391,0.315
127,1,0,16.3,2.4,0.4,0.52,0.482,0.497,0.515,0.469,0.433,0.474,0.673,0.676,0.736,0.715,0.555,0.594,0.592,0.589,0.603,0.582,0.566,0.798,0.772,0.781,0.756,0.54,0.488,0.559
128,2,0,17.8,1.7,0.52,0.67,0.303,0.339,0.303,0.289,0.327,0.35,0.494,0.469,0.499,0.482,0.388,0.439,0.431,0.444,0.417,0.42,0.426,0.52,0.548,0.555,0.515,0.369,0.329,0.392
129,3,0,16.0,0.1,0.79,0.58,0.409,0.468,0.461,0.448,0.459,0.416,0.647,0.63,0.637,0.659,0.529,0.526,0.528,0.54,0.557,0.514,0.55,0.697,0.684,0.692,0.695,0.461,0.509,0.507
130,4,0,14.9,1.3,0.71,0.61,0.355,0.368,0.348,0.343,0.32,0.364,0.565,0.547,0.604,0.531,0.442,0.419,0.473,0.44,0.485,0.443,0.473,0.612,0.58,0.59,0.572,0.385,0.363,0.414
131,5,0,19.5,0.6,0.28,0.74,0.338,0.378,0.312,0.31,0.319,0.293,0.496,0.501,0.519,0.514,0.443,0.403,0.397,0.422,0.389,0.375,0.406,0.543,0.528,0.522,0.519,0.363,0.391,0.378
132,6,1,16.3,1.1,0.31,0.66,0.427,0.457,0.447,0.464,0.496,0.472,0.702,0.7,0.646,0.724,0.581,0.562,0.564,0.584,0.539,0.562,0.551,0.709,0.754,0.722,0.749,0.493,0.551,0.509
133,7,1,16.8,0.0,0.75,0.59,0.235,0.25,0.244,0.227,0.254,0.278,0.392,0.358,0.372,0.397,0.289,0.305,0.326,0.278,0.327,0.329,0.298,0.399,0.375,0.398,0.352,0.255,0.264,0.253
134,1,0,18.8,0.3,0.74,0.8,0.31,0.296,0.315,0.286,0.323,0.317,0.46,0.487,0.522,0.48,0.398,0.37,0.38,0.406,0.391,0.362,0.424,0.507,0.53,0.506,0.483,0.334,0.385,0.33
135,2,0,14.5,0.3,0.41,0.79,0.357,0.39,0.354,0.403,0.404,0.443,0.589,0.605,0.606,0.565,0.476,0.498,0.462,0.477,0.43,0.465,0.492,0.67,0.651,0.646,0.634,0.41,0.43,0.453
136,3,0,16.5,0.6,0.7,0.57,0.365,0.352,0.382,0.368,0.37,0.359,0.526,0.553,0.565,0.532,0.472,0.432,0.473,0.478,0.495,0.467,0.465,0.575,0.591,0.568,0.628,0.437,0.439,0.384
137,4,0,14.1,2.5,0.84,0.73,0.384,0.422,0.407,0.389,0.413,0.458,0.637,0.636,0.673,0.62,0.539,0.568,0.534,0.52,0.525,0.525,0.508,0.721,0.691,0.685,0.714,0.462,0.508,0.498
138,5,0,15.2,1.2,0.3,0.74,0.335,0.37,0.359,0.374,0.388,0.437,0.563,0.6,0.523,0.545,0.51,0.472,0.445,0.477,0.45,0.487,0.467,0.629,0.629,0.593,0.626,0.403,0.411,0.408
139,6,1,19.2,0.3,0.17,0.78,0.238,0.268,0.257,0.285,0.271,0.234,0.428,0.422,0.386,0.429,0.354,0.317,0.331,0.34,0.353,0.355,0.323,0.452,0.443,0.446,0.419,0.294,0.315,0.248
140,7,1,17.1,0.6,0.49,0.78,0.367,0.418,0.398,0.416,0.379,0.372,0.612,0.597,0.619,0.585,0.46,0.487,0.473,0.487,0.466,0.461,0.509,0.641,0.635,0.667,0.629,0.435,0.43,0.447
141,1,0,16.6,0.0,0.92,0.74,0.345,0.402,0.355,0.349,0.384,0.324,0.572,0.53,0.546,0.566,0.471,0.462,0.47,0.463,0.449,0.468,0.444,0.601,0.61,0.617,0.583,0.428,0.387,0.432
142,2,0,19.4,1.3,0.32,0.6,0.274,0.264,0.256,0.276,0.234,0.296,0.392,0.4,0.383,0.392,0.356,0.356,0.4,0.337,0.341,0.337,0.335,0.436,0.415,0.46,0.412,0.309,0.292,0.306
143,3,0,19.0,0.1,0.37,0.62,0.458,0.466,0.407,0.433,0.426,0.428,0.65,0.653,0.65,0.657,0.574,0.492,0.501,0.539,0.572,0.546,0.557,0.712,0.711,0.713,0.693,0.486,0.5,0.504
144,4,0,18.5,0.2,0.66,0.75,0.296,0.258,0.237,0.28,0.228,0.234,0.365,0.363,0.359,0.353,0.304,0.324,0.297,0.289,0.289,0.355,0.289,0.409,0.403,0.415,0.436,0.292,0.309,0.302
145,5,0,20.8,0.7,0.48,0.71,0.322,0.388,0.372,0.4,0.375,0.352,0.551,0.554,0.526,0.545,0.414,0.402,0.463,0.433,0.446,0.447,0.459,0.581,0.563,0.605,0.558,0.382,0.426,0.408
146,6,1,18.6,0.3,0.9,0.76,0.433,0.429,0.441,0.44,0.443,0.431,0.641,0.665,0.643,0.645,0.544,0.546,0.493,0.539,0.506,0.546,0.517,0.713,0.698,0.647,0.681,0.499,0.452,0.489
147,7,1,22.6,0.7,0.65,0.54,0.361,0.36,0.341,0.345,0.37,0.35,0.556,0.541,0.531,0.554,0.419,0.46,0.425,0.473,0.461,0.457,0.465,0.573,0.595,0.604,0.587,0.391,0.452,0.442
148,1,0,18.8,1.4,0.26,0.73,0.457,0.469,0.459,0.474,0.467,0.431,0.71,0.677,0.738,0.722,0.594,0.564,0.6,0.59,0.63,0.575,0.583,0.79,0.788,0.809,0.749,0.531,0.528,0.544
149,2,0,18.0,0.0,0.16,0.92,0.292,0.323,0.264,0.323,0.299,0.3,0.455,0.435,0.457,0.443,0.348,0.413,0.398,0.397,0.372,0.388,0.346,0.508,0.481,0.517,0.469,0.358,0.344,0.363
150,3,0,18.7,2.1,0.43,0.84,0.387,0.452,0.41,0.417,0.407,0.427,0.637,0.616,0.599,0.607,0.522,0.499,0.52,0.52,0.52,0.563,0.516,0.65,0.645,0.641,0.678,0.466,0.438,0.424
151,4,0,18.8,0.1,0.75,0.82,0.298,0.269,0.316,0.301,0.316,0.299,0.471,0.466,0.441,0.461,0.365,0.376,0.345,0.371,0.385,0.337,0.341,0.48,0.471,0.486,0.498,0.335,0.347,0.32
152,5,0,18.6,0.6,0.79,0.75,0.297,0.283,0.273,0.328,0.332,0.3,0.483,0.502,0.444,0.452,0.382,0.403,0.34,0.41,0.384,0.336,0.379,0.489,0.505,0.501,0.48,0.336,0.351,0.332
153,6,1,19.0,0.1,0.15,0.72,0.34,0.282,0.287,0.309,0.317,0.321,0.466,0.456,0.462,0.505,0.4,0.35,0.396,0.392,0.409,0.403,0.394,0.496,0.494,0.52,0.488,0.377,0.364,0.367
154,7,1,17.4,0.5,0.48,0.74,0.274,0.277,0.269,0.271,0.316,0.308,0.415,0.448,0.449,0.411,0.353,0.374,0.348,0.361,0.36,0.349,0.344,0.491,0.487,0.495,0.455,0.358,0.318,0.351
155,1,0,20.0,1.7,0.56,0.62,0.36,0.322,0.312,0.357,0.303,0.319,0.481,0.486,0.498,0.509,0.404,0.414,0.454,0.384,0.434,0.375,0.368,0.485,0.511,0.534,0.485,0.351,0.339,0.36
156,2,0,20.7,1.7,0.36,0.67,0.416,0.432,0.439,0.453,0.384,0.447,0.624,0.601,0.639,0.612,0.49,0.529,0.536,0.548,0.553,0.52,0.569,0.685,0.683,0.714,0.679,0.464,0.498,0.449
157,3,0,20.5,1.3,0.53,0.6,0.441,0.468,0.47,0.45,0.416,0.459,0.693,0.658,0.641,0.66,0.555,0.555,0.543,0.518,0.535,0.538,0.558,0.695,0.694,0.751,0.717,0.51,0.436,0.523
158,4,0,19.6,0.5,0.44,0.72,0.411,0.42,0.443,0.416,0.449,0.412,0.623,0.639,0.65,0.638,0.509,0.542,0.533,0.536,0.515,0.543,0.541,0.741,0.722,0.658,0.715,0.531,0.495,0.5
159,5,0,17.7,3.0,0.54,0.85,0.433,0.462,0.447,0.421,0.442,0.444,0.677,0.664,0.702,0.681,0.566,0.552,0.556,0.579,0.554,0.596,0.548,0.742,0.718,0.757,0.752,0.499,0.525,0.492
160,6,1,21.6,1.4,0.24,0.8,0.278,0.284,0.319,0.298,0.299,0.286,0.377,0.392,0.44,0.39,0.352,0.353,0.349,0.327,0.374,0.365,0.366,0.458,0.474,0.47,0.473,0.293,0.34,0.322
161,7,1,18.3,1.6,0.62,0.83,0.503,0.464,0.48,0.455,0.479,0.473,0.691,0.73,0.678,0.73,0.617,0.6,0.604,0.604,0.591,0.597,0.585,0.773,0.804,0.757,0.779,0.589,0.494,0.542
162,1,0,16.7,0.1,0.34,0.63,0.396,0.392,0.358,0.379,0.352,0.345,0.58,0.59,0.558,0.615,0.501,0.486,0.457,0.46,0.49,0.473,0.466,0.609,0.607,0.597,0.632,0.442,0.433,0.46
163,2,0,19.0,0.7,0.56,0.62,0.466,0.473,0.461,0.499,0.47,0.454,0.722,0.721,0.73,0.726,0.584,0.603,0.599,0.569,0.611,0.61,0.605,0.78,0.777,0.802,0.787,0.538,0.524,0.531
164,3,0,16.9,1.3,0.55,0.65,0.44,0.412,0.422,0.45,0.414,0.422,0.658,0.652,0.658,0.67,0.509,0.506,0.52,0.541,0.547,0.564,0.517,0.701,0.683,0.646,0.692,0.469,0.525,0.458
165,4,0,17.6,0.7,0.69,0.8,0.33,0.337,0.306,0.301,0.341,0.313,0.513,0.463,0.482,0.473,0.417,0.385,0.391,0.382,0.432,0.372,0.371,0.487,0.531,0.535,0.514,0.373,0.358,0.353
166,5,0,21.9,0.7,0.48,0.68,0.25,0.268,0.218,0.263,0.237,0.248,0.395,0.391,0.372,0.396,0.357,0.281,0.3,0.363,0.319,0.326,0.299,0.415,0.396,0.412,0.409,0.3,0.314,0.283
167,6,1,19.7,0.4,0.68,0.72,0.303,0.262,0.277,0.26,0.305,0.294,0.421,0.424,0.44,0.401,0.364,0.348,0.342,0.33,0.392,0.336,0.369,0.473,0.445,0.512,0.448,0.323,0.35,0.348
168,7,1,20.1,1.4,0.8,0.75,0.427,0.463,0.458,0.456,0.468,0.437,0.659,0.67,0.658,0.686,0.559,0.552,0.583,0.559,0.553,0.536,0.562,0.731,0.732,0.771,0.686,0.533,0.478,0.509
169,1,0,19.1,0.2,0.46,0.85,0.36,0.3,0.336,0.34,0.348,0.327,0.472,0.551,0.475,0.522,0.41,0.438,0.398,0.443,0.442,0.427,0.451,0.529,0.527,0.549,0.58,0.394,0.396,0.374
170,2,0,16.4,0.1,0.9,0.79,0.274,0.287,0.277,0.299,0.279,0.309,0.441,0.489,0.442,0.457,0.382,0.387,0.38,0.356,0.401,0.374,0.359,0.462,0.498,0.481,0.492,0.315,0.361,0.352
171,3,0,20.3,0.7,0.45,0.57,0.257,0.272,0.27,0.277,0.289,0.275,0.43,0.38,0.396,0.427,0.365,0.364,0.333,0.327,0.328,0.383,0.355,0.448,0.444,0.477,0.444,0.337,0.339,0.3
172,4,0,22.2,0.5,0.95,0.84,0.415,0.401,0.412,0.39,0.372,0.403,0.546,0.581,0.581,0.601,0.515,0.467,0.48,0.484,0.509,0.52,0.511,0.645,0.651,0.667,0.633,0.44,0.426,0.458
173,5,0,20.7,1.6,0.62,0.82,0.291,0.332,0.355,0.358,0.305,0.343,0.476,0.472,0.489,0.486,0.41,0.41,0.371,0.409,0.403,0.395,0.399,0.517,0.528,0.503,0.55,0.375,0.381,0.376
174,6,1,18.7,1.4,0.72,0.81,0.246,0.261,0.279,0.238,0.241,0.261,0.359,0.424,0.387,0.4,0.379,0.277,0.319,0.31,0.304,0.306,0.305,0.421,0.405,0.435,0.404,0.309,0.273,0.284
175,7,1,20.5,1.2,0.74,0.42,0.456,0.464,0.449,0.471,0.45,0.459,0.712,0.681,0.673,0.696,0.575,0.591,0.588,0.592,0.606,0.552,0.58,0.743,0.733,0.79,0.754,0.539,0.543,0.48
176,1,0,18.8,1.1,0.6,0.66,0.27,0.231,0.225,0.28,0.263,0.235,0.369,0.389,0.401,0.409,0.308,0.336,0.331,0.3,0.281,0.335,0.314,0.378,0.425,0.426,0.415,0.24,0.306,0.307
177,2,0,22.3,1.1,0.82,0.73,0.451,0.429,0.449,0.428,0.4,0.456,0.639,0.643,0.659,0.645,0.546,0.525,0.576,0.533,0.539,0.553,0.515,0.686,0.73,0.696,0.698,0.495,0.471,0.472
178,3,0,19.2,0.3,0.62,0.52,0.441,0.504,0.496,0.472,0.491,0.494,0.661,0.735,0.694,0.737,0.569,0.598,0.576,0.604,0.577,0.596,0.581,0.734,0.755,0.796,0.78,0.52,0.554,0.561
179,4,0,24.0,0.0,0.43,0.85,0.321,0.312,0.333,0.338,0.293,0.293,0.484,0.478,0.477,0.484,0.41,0.396,0.395,0.368,0.399,0.422,0.401,0.491,0.524,0.533,0.5,0.345,0.384,0.327
180,5,0,22.3,0.6,0.31,0.61,0.215,0.262,0.22,0.254,0.253,0.247,0.391,0.357,0.404,0.369,0.327,0.335,0.307,0.28,0.302,0.316,0.31,0.403,0.396,0.454,0.416,0.294,0.313,0.279
181,6,1,19.0,0.9,0.86,0.64,0.437,0.472,0.466,0.482,0.459,0.444,0.666,0.715,0.736,0.736,0.61,0.595,0.598,0.565,0.579,0.562,0.556,0.761,0.732,0.768,0.767,0.517,0.525,0.538
182,7,1,21.5,4.7,0.4,0.54,0.41,0.372,0.341,0.371,0.387,0.389,0.593,0.533,0.547,0.571,0.45,0.458,0.456,0.475,0.466,0.472,0.446,0.603,0.592,0.621,0.604,0.409,0.415,0.455
183,1,0,23.7,0.0,0.54,0.69,0.282,0.299,0.276,0.303,0.281,0.308,0.469,0.404,0.419,0.429,0.38,0.376,0.352,0.37,0.359,0.368,0.323,0.439,0.426,0.46,0.476,0.354,0.32,0.336
184,2,0,18.1,0.4,0.75,0.72,0.464,0.457,0.481,0.413,0.43,0.498,0.717,0.7,0.709,0.686,0.604,0.583,0.619,0.591,0.631,0.595,0.542,0.735,0.764,0.731,0.736,0.512,0.543,0.537
185,3,0,20.3,3.3,0.59,0.66,0.342,0.333,0.353,0.369,0.346,0.37,0.515,0.551,0.558,0.507,0.441,0.433,0.475,0.464,0.485,0.47,0.481,0.623,0.584,0.595,0.607,0.386,0.421,0.415
186,4,0,20.8,0.4,0.76,0.8,0.455,0.475,0.478,0.49,0.474,0.485,0.685,0.679,0.687,0.699,0.577,0.568,0.557,0.599,0.557,0.587,0.554,0.772,0.745,0.721,0.769,0.536,0.489,0.509
187,5,0,21.4,0.5,0.47,0.68,0.29,0.266,0.31,0.261,0.285,0.316,0.417,0.462,0.396,0.404,0.324,0.338,0.354,0.36,0.338,0.38,0.365,0.44,0.472,0.491,0.437,0.326,0.294,0.346
188,6,1,21.7,0.4,0.2,0.68,0.258,0.296,0.281,0.294,0.288,0.297,0.427,0.404,0.449,0.417,0.355,0.339,0.376,0.38,0.369,0.34,0.331,0.505,0.454,0.495,0.446,0.299,0.303,0.294
189,7,1,17.6,0.9,0.33,0.71,0.327,0.268,0.335,0.324,0.257,0.312,0.49,0.452,0.457,0.455,0.38,0.401,0.397,0.394,0.427,0.367,0.392,0.496,0.476,0.53,0.485,0.341,0.363,0.343
190,1,0,21.4,0.6,0.43,0.82,0.338,0.34,0.37,0.347,0.39,0.346,0.517,0.526,0.489,0.515,0.434,0.399,0.408,0.407,0.406,0.424,0.403,0.529,0.565,0.528,0.539,0.402,0.415,0.401
191,2,0,18.5,0.9,0.38,0.56,0.361,0.325,0.363,0.342,0.359,0.358,0.535,0.539,0.469,0.521,0.397,0.437,0.416,0.427,0.468,0.423,0.437,0.549,0.558,0.566,0.542,0.366,0.355,0.413
192,3,0,24.0,1.9,0.75,0.51,0.378,0.379,0.369,0.401,0.351,0.394,0.564,0.572,0.585,0.577,0.5,0.456,0.436,0.456,0.451,0.467,0.442,0.629,0.647,0.598,0.649,0.378,0.439,0.456
193,4,0,19.9,0.0,0.57,0.55,0.415,0.366,0.371,0.37,0.389,0.383,0.538,0.555,0.554,0.585,0.467,0.472,0.464,0.472,0.479,0.476,0.498,0.609,0.62,0.627,0.622,0.445,0.415,0.42
194,5,0,17.6,0.3,0.49,0.63,0.275,0.261,0.324,0.255,0.287,0.228,0.387,0.384,0.42,0.402,0.308,0.311,0.356,0.319,0.302,0.327,0.306,0.42,0.425,0.441,0.421,0.306,0.322,0.292
195,6,1,19.9,0.9,0.29,0.77,0.438,0.401,0.445,0.441,0.424,0.418,0.641,0.617,0.618,0.625,0.52,0.513,0.54,0.564,0.507,0.532,0.512,0.741,0.71,0.696,0.673,0.451,0.484,0.462
196,7,1,24.4,1.0,0.59,0.76,0.478,0.492,0.443,0.496,0.456,0.449,0.71,0.709,0.706,0.703,0.578,0.6,0.603,0.565,0.616,0.59,0.587,0.759,0.759,0.742,0.764,0.545,0.512,0.523
197,1,0,22.3,0.6,0.43,0.75,0.282,0.309,0.249,0.288,0.303,0.298,0.426,0.408,0.427,0.405,0.341,0.36,0.36,0.349,0.33,0.319,0.303,0.443,0.469,0.467,0.454,0.27,0.305,0.307
198,2,0,18.7,1.9,0.69,0.65,0.257,0.253,0.22,0.268,0.237,0.259,0.391,0.385,0.395,0.368,0.289,0.311,0.316,0.337,0.323,0.339,0.279,0.439,0.426,0.393,0.428,0.294,0.316,0.241
199,3,0,20.8,0.2,0.23,0.58,0.378,0.41,0.421,0.426,0.41,0.43,0.572,0.591,0.575,0.603,0.487,0.462,0.476,0.491,0.516,0.481,0.493,0.673,0.656,0.673,0.657,0.433,0.495,0.453
200,4,0,19.7,0.2,0.42,0.6,0.487,0.44,0.454,0.491,0.455,0.46,0.72,0.684,0.737,0.681,0.597,0.552,0.582,0.632,0.596,0.595,0.601,0.764,0.771,0.806,0.789,0.519,0.543,0.495
201,5,0,21.2,1.3,0.52,0.84,0.263,0.253,0.253,0.259,0.289,0.248,0.375,0.392,0.4,0.37,0.329,0.353,0.356,0.346,0.333,0.341,0.316,0.432,0.45,0.452,0.425,0.291,0.321,0.305
202,6,1,23.0,0.2,0.38,0.61,0.449,0.487,0.407,0.468,0.432,0.43,0.684,0.646,0.662,0.659,0.551,0.563,0.564,0.583,0.577,0.602,0.58,0.741,0.736,0.752,0.726,0.496,0.516,0.501
203,7,1,18.7,1.1,0.57,0.73,0.32,0.265,0.267,0.294,0.325,0.262,0.439,0.426,0.418,0.427,0.372,0.342,0.31,0.359,0.381,0.342,0.279,0.461,0.419,0.469,0.457,0.341,0.323,0.29
204,1,0,18.8,0.5,0.58,0.73,0.307,0.26,0.277,0.286,0.28,0.278,0.417,0.438,0.398,0.386,0.344,0.377,0.366,0.317,0.354,0.367,0.305,0.43,0.448,0.431,0.421,0.281,0.311,0.309
205,2,0,22.0,1.5,0.22,0.88,0.287,0.275,0.296,0.324,0.298,0.34,0.45,0.457,0.438,0.445,0.357,0.423,0.387,0.384,0.387,0.412,0.37,0.491,0.518,0.525,0.497,0.302,0.347,0.381
206,3,0,18.6,1.0,0.17,0.76,0.431,0.447,0.458,0.393,0.431,0.411,0.631,0.638,0.616,0.62,0.51,0.508,0.534,0.517,0.529,0.521,0.501,0.715,0.642,0.7,0.684,0.465,0.492,0.471
207,4,0,18.3,1.5,0.65,0.68,0.299,0.286,0.251,0.321,0.239,0.328,0.457,0.436,0.445,0.455,0.373,0.398,0.353,0.373,0.351,0.328,0.349,0.461,0.487,0.48,0.442,0.346,0.328,0.342
208,5,0,18.6,0.3,0.32,0.81,0.329,0.351,0.346,0.338,0.331,0.351,0.534,0.507,0.523,0.482,0.452,0.443,0.44,0.438,0.412,0.393,0.399,0.577,0.552,0.525,0.542,0.406,0.374,0.395
209,6,1,15.1,1.1,0.38,0.76,0.391,0.433,0.429,0.428,0.437,0.385,0.63,0.639,0.627,0.617,0.514,0.527,0.511,0.503,0.545,0.559,0.539,0.687,0.688,0.692,0.696,0.459,0.419,0.455
210,7,1,18.6,1.3,0.78,0.84,0.331,0.275,0.296,0.292,0.304,0.268,0.429,0.449,0.453,0.437,0.393,0.368,0.379,0.374,0.394,0.378,0.37,0.474,0.451,0.461,0.465,0.32,0.322,0.321
211,1,0,22.2,1.0,0.52,0.69,0.258,0.235,0.246,0.287,0.263,0.237,0.395,0.371,0.382,0.395,0.276,0.293,0.287,0.299,0.33,0.31,0.348,0.42,0.411,0.415,0.445,0.303,0.305,0.318
212,2,0,16.7,0.8,0.08,0.53,0.367,0.363,0.37,0.388,0.382,0.362,0.54,0.544,0.552,0.598,0.47,0.483,0.492,0.474,0.469,0.463,0.499,0.598,0.639,0.6,0.601,0.451,0.448,0.416
213,3,0,19.8,0.8,0.61,0.68,0.398,0.477,0.445,0.371,0.417,0.41,0.646,0.605,0.642,0.637,0.532,0.503,0.54,0.542,0.532,0.543,0.519,0.701,0.686,0.702,0.694,0.493,0.481,0.487
214,4,0,18.6,1.0,0.62,0.72,0.251,0.255,0.247,0.276,0.236,0.259,0.353,0.347,0.343,0.349,0.299,0.333,0.308,0.304,0.31,0.282,0.286,0.428,0.417,0.378,0.416,0.26,0.242,0.263
215,5,0,19.9,1.6,0.39,0.61,0.328,0.323,0.339,0.306,0.312,0.327,0.489,0.493,0.505,0.506,0.399,0.413,0.391,0.439,0.394,0.405,0.391,0.519,0.495,0.542,0.508,0.383,0.375,0.358
216,6,1,18.1,3.2,0.47,0.59,0.422,0.466,0.449,0.392,0.405,0.407,0.652,0.696,0.65,0.659,0.555,0.482,0.549,0.581,0.573,0.558,0.533,0.684,0.721,0.69,0.722,0.501,0.466,0.504
217,7,1,15.7,0.5,0.38,0.64,0.437,0.505,0.44,0.482,0.455,0.468,0.67,0.688,0.728,0.678,0.58,0.567,0.59,0.62,0.575,0.601,0.593,0.774,0.75,0.786,0.767,0.536,0.51,0.525
218,1,0,18.9,0.7,0.32,0.96,0.446,0.399,0.426,0.431,0.435,0.404,0.626,0.625,0.594,0.591,0.53,0.568,0.5,0.499,0.497,0.525,0.504,0.664,0.653,0.681,0.679,0.491,0.437,0.455
219,2,0,18.7,0.5,0.51,0.73,0.348,0.377,0.363,0.362,0.39,0.404,0.545,0.551,0.558,0.578,0.426,0.455,0.487,0.408,0.446,0.447,0.461,0.572,0.592,0.602,0.557,0.389,0.422,0.421
220,3,0,18.9,0.8,0.92,0.69,0.458,0.475,0.458,0.45,0.47,0.478,0.698,0.711,0.705,0.676,0.58,0.589,0.562,0.59,0.581,0.57,0.569,0.736,0.745,0.755,0.72,0.563,0.514,0.591
221,4,0,15.3,0.6,0.49,0.53,0.447,0.444,0.412,0.454,0.421,0.426,0.651,0.655,0.635,0.632,0.518,0.552,0.527,0.53,0.534,0.538,0.54,0.695,0.706,0.713,0.727,0.468,0.49,0.496
222,5,0,22.2,0.1,0.14,0.58,0.467,0.459,0.49,0.461,0.449,0.443,0.694,0.683,0.704,0.647,0.566,0.547,0.577,0.55,0.557,0.578,0.588,0.768,0.758,0.737,0.77,0.519,0.496,0.518
223,6,1,20.3,2.9,0.76,0.54,0.243,0.264,0.286,0.28,0.231,0.229,0.37,0.377,0.377,0.364,0.298,0.311,0.328,0.331,0.324,0.346,0.318,0.399,0.412,0.427,0.399,0.294,0.281,0.296
224,7,1,17.9,5.6,0.59,0.55,0.248,0.312,0.279,0.31,0.318,0.33,0.459,0.449,0.434,0.44,0.398,0.344,0.377,0.346,0.373,0.35,0.365,0.499,0.493,0.477,0.466,0.339,0.319,0.355
225,1,0,15.7,2.0,0.39,0.85,0.293,0.292,0.301,0.325,0.307,0.31,0.476,0.468,0.47,0.473,0.385,0.413,0.388,0.353,0.426,0.379,0.373,0.496,0.44,0.495,0.486,0.361,0.353,0.335
226,2,0,16.4,0.1,0.09,0.56,0.349,0.354,0.335,0.364,0.33,0.319,0.509,0.54,0.492,0.51,0.436,0.41,0.424,0.441,0.413,0.407,0.43,0.525,0.525,0.559,0.539,0.379,0.361,0.364
227,3,0,13.1,0.1,0.81,0.92,0.374,0.429,0.431,0.386,0.404,0.435,0.645,0.616,0.597,0.607,0.539,0.49,0.524,0.513,0.466,0.532,0.508,0.658,0.674,0.623,0.692,0.426,0.468,0.49
228,4,0,18.4,1.2,0.35,0.5,0.464,0.427,0.434,0.426,0.46,0.46,0.649,0.682,0.686,0.693,0.564,0.561,0.61,0.584,0.543,0.56,0.547,0.735,0.691,0.735,0.74,0.493,0.518,0.497
229,5,0,16.2,0.4,0.5,0.68,0.357,0.333,0.354,0.365,0.353,0.375,0.537,0.555,0.499,0.526,0.455,0.461,0.397,0.483,0.472,0.44,0.421,0.552,0.557,0.595,0.556,0.384,0.419,0.372
230,6,1,19.5,1.3,0.23,0.67,0.372,0.294,0.355,0.358,0.343,0.36,0.523,0.54,0.506,0.488,0.419,0.431,0.345,0.452,0.445,0.409,0.395,0.576,0.519,0.565,0.55,0.36,0.387,0.347
231,7,1,14.7,0.6,0.58,0.74,0.441,0.522,0.468,0.453,0.432,0.476,0.707,0.717,0.698,0.716,0.575,0.596,0.561,0.606,0.584,0.549,0.6,0.755,0.766,0.786,0.754,0.559,0.547,0.505
232,1,0,14.5,0.3,0.51,0.73,0.217,0.246,0.292,0.264,0.26,0.261,0.37,0.352,0.39,0.34,0.358,0.304,0.334,0.279,0.317,0.352,0.298,0.418,0.399,0.422,0.388,0.292,0.299,0.257
233,2,0,11.5,1.4,0.11,0.62,0.388,0.383,0.381,0.419,0.379,0.411,0.573,0.593,0.606,0.572,0.463,0.449,0.518,0.46,0.458,0.467,0.485,0.651,0.658,0.627,0.662,0.469,0.451,0.425
234,3,0,15.6,0.3,0.54,0.63,0.286,0.285,0.237,0.289,0.277,0.276,0.426,0.416,0.413,0.367,0.331,0.354,0.364,0.323,0.396,0.346,0.356,0.463,0.422,0.453,0.49,0.303,0.314,0.307
235,4,0,14.7,0.0,0.79,0.63,0.361,0.375,0.345,0.338,0.345,0.324,0.543,0.547,0.548,0.538,0.454,0.455,0.416,0.442,0.437,0.465,0.424,0.585,0.584,0.575,0.623,0.407,0.442,0.412
236,5,0,15.0,3.6,0.37,0.7,0.239,0.216,0.245,0.245,0.236,0.222,0.343,0.373,0.352,0.36,0.347,0.286,0.281,0.292,0.306,0.317,0.289,0.371,0.4,0.395,0.371,0.272,0.252,0.287
237,6,1,16.8,0.6,0.37,0.91,0.433,0.421,0.436,0.434,0.446,0.427,0.63,0.643,0.623,0.649,0.472,0.528,0.531,0.587,0.552,0.489,0.534,0.686,0.696,0.716,0.667,0.469,0.475,0.443
238,7,1,14.4,0.0,0.88,0.69,0.358,0.416,0.396,0.411,0.416,0.376,0.594,0.584,0.619,0.57,0.509,0.506,0.518,0.511,0.479,0.515,0.485,0.64,0.636,0.644,0.685,0.476,0.433,0.466
239,1,0,19.3,0.6,0.55,0.68,0.213,0.285,0.257,0.209,0.291,0.25,0.308,0.384,0.378,0.364,0.299,0.263,0.275,0.3,0.308,0.294,0.347,0.389,0.386,0.391,0.413,0.3,0.292,0.286
240,2,0,17.0,0.9,0.3,0.59,0.254,0.298,0.278,0.274,0.29,0.274,0.456,0.416,0.403,0.399,0.36,0.351,0.339,0.361,0.344,0.341,0.379,0.442,0.481,0.467,0.426,0.312,0.33,0.328
241,3,0,15.1,0.1,0.12,0.77,0.277,0.307,0.289,0.293,0.272,0.345,0.444,0.431,0.477,0.472,0.369,0.373,0.35,0.356,0.357,0.367,0.396,0.464,0.498,0.494,0.458,0.341,0.364,0.331
242,4,0,17.8,1.6,0.88,0.78,0.337,0.35,0.293,0.321,0.349,0.337,0.535,0.478,0.535,0.502,0.408,0.401,0.423,0.446,0.365,0.421,0.435,0.534,0.527,0.558,0.545,0.41,0.386,0.399
243,5,0,13.3,0.9,0.72,0.9,0.304,0.325,0.329,0.332,0.324,0.335,0.534,0.502,0.473,0.472,0.443,0.459,0.391,0.411,0.425,0.431,0.42,0.559,0.535,0.53,0.553,0.347,0.339,0.367
244,6,1,13.6,0.3,0.57,0.75,0.402,0.424,0.398,0.41,0.405,0.415,0.655,0.635,0.671,0.632,0.521,0.522,0.519,0.507,0.502,0.535,0.519,0.646,0.698,0.692,0.698,0.45,0.463,0.482
245,7,1,12.3,0.6,0.22,0.9,0.314,0.308,0.325,0.34,0.301,0.309,0.493,0.474,0.482,0.484,0.413,0.402,0.393,0.373,0.389,0.431,0.393,0.565,0.569,0.516,0.524,0.371,0.353,0.394
246,1,0,15.8,0.7,0.63,0.64,0.27,0.246,0.241,0.24,0.269,0.283,0.388,0.359,0.395,0.414,0.342,0.34,0.339,0.321,0.319,0.372,0.343,0.425,0.407,0.418,0.435,0.297,0.332,0.342
247,2,0,12.7,4.1,0.29,0.77,0.319,0.333,0.341,0.348,0.343,0.33,0.524,0.498,0.517,0.499,0.42,0.433,0.438,0.444,0.434,0.441,0.411,0.542,0.524,0.547,0.52,0.369,0.373,0.353
248,3,0,15.8,2.3,0.44,0.77,0.359,0.358,0.368,0.342,0.371,0.352,0.521,0.568,0.545,0.537,0.425,0.477,0.456,0.454,0.454,0.446,0.461,0.573,0.552,0.579,0.562,0.388,0.359,0.421
249,4,0,14.1,1.3,0.02,0.75,0.26,0.324,0.279,0.289,0.285,0.299,0.458,0.404,0.443,0.43,0.38,0.37,0.384,0.356,0.383,0.342,0.357,0.495,0.483,0.411,0.423,0.323,0.331,0.321
250,5,0,14.8,0.7,0.21,0.74,0.415,0.428,0.435,0.396,0.456,0.449,0.638,0.604,0.627,0.63,0.546,0.568,0.548,0.518,0.499,0.485,0.49,0.721,0.696,0.699,0.694,0.508,0.486,0.477
251,6,1,14.6,0.1,0.5,0.77,0.274,0.279,0.286,0.273,0.266,0.239,0.394,0.396,0.379,0.397,0.346,0.329,0.371,0.297,0.341,0.355,0.349,0.424,0.444,0.427,0.444,0.28,0.305,0.282
252,7,1,14.6,0.1,0.44,0.8,0.389,0.405,0.417,0.412,0.406,0.389,0.599,0.626,0.588,0.617,0.532,0.492,0.511,0.481,0.498,0.485,0.483,0.671,0.652,0.652,0.674,0.46,0.446,0.455
253,1,0,15.7,0.2,0.51,0.85,0.415,0.424,0.453,0.411,0.397,0.479,0.645,0.646,0.674,0.634,0.54,0.524,0.536,0.539,0.532,0.518,0.532,0.698,0.737,0.714,0.673,0.467,0.458,0.466
254,2,0,12.9,1.6,0.57,0.75,0.31,0.274,0.3,0.278,0.289,0.267,0.412,0.454,0.47,0.411,0.388,0.377,0.355,0.345,0.383,0.373,0.351,0.483,0.422,0.481,0.457,0.311,0.324,0.329
255,3,0,14.3,0.4,0.55,0.67,0.302,0.317,0.299,0.305,0.339,0.33,0.472,0.445,0.497,0.487,0.41,0.405,0.396,0.383,0.43,0.43,0.412,0.503,0.504,0.539,0.522,0.342,0.349,0.328
256,4,0,12.4,2.0,0.64,0.49,0.437,0.407,0.443,0.463,0.434,0.437,0.643,0.655,0.646,0.641,0.555,0.514,0.557,0.536,0.536,0.575,0.561,0.709,0.71,0.769,0.728,0.499,0.508,0.464
257,5,0,12.7,1.0,0.52,0.74,0.485,0.45,0.44,0.447,0.481,0.426,0.678,0.697,0.676,0.704,0.576,0.55,0.599,0.57,0.576,0.551,0.555,0.728,0.788,0.787,0.752,0.519,0.504,0.495
258,6,1,10.3,0.2,0.49,0.7,0.439,0.383,0.377,0.375,0.389,0.347,0.623,0.571,0.584,0.552,0.48,0.488,0.464,0.456,0.519,0.471,0.494,0.659,0.661,0.645,0.638,0.397,0.421,0.401
259,7,1,15.0,0.1,0.61,0.74,0.405,0.364,0.423,0.398,0.378,0.405,0.584,0.546,0.577,0.618,0.457,0.452,0.481,0.489,0.49,0.499,0.473,0.635,0.632,0.611,0.595,0.429,0.439,0.451
260,1,0,9.9,1.6,0.91,0.55,0.294,0.287,0.27,0.307,0.286,0.306,0.425,0.468,0.45,0.475,0.398,0.361,0.388,0.358,0.356,0.378,0.371,0.461,0.471,0.467,0.46,0.355,0.337,0.34
261,2,0,12.2,0.0,0.71,0.81,0.291,0.312,0.324,0.298,0.311,0.292,0.427,0.461,0.457,0.455,0.39,0.411,0.396,0.338,0.397,0.376,0.404,0.506,0.48,0.482,0.502,0.353,0.34,0.384
262,3,0,13.5,0.2,0.14,0.71,0.371,0.388,0.4,0.452,0.411,0.395,0.645,0.636,0.639,0.6,0.515,0.51,0.48,0.501,0.524,0.518,0.492,0.667,0.683,0.644,0.67,0.482,0.481,0.429
263,4,0,15.3,0.1,0.63,0.88,0.367,0.417,0.386,0.386,0.411,0.368,0.605,0.607,0.626,0.588,0.485,0.479,0.482,0.488,0.485,0.49,0.518,0.623,0.64,0.606,0.596,0.43,0.408,0.445
264,5,0,12.7,0.6,0.58,0.74,0.346,0.336,0.361,0.343,0.358,0.373,0.551,0.498,0.558,0.539,0.444,0.423,0.452,0.434,0.468,0.433,0.458,0.57,0.576,0.598,0.6,0.41,0.43,0.41
265,6,1,10.3,0.5,0.43,0.78,0.412,0.4,0.373,0.381,0.404,0.403,0.599,0.566,0.574,0.558,0.476,0.47,0.501,0.501,0.494,0.497,0.525,0.644,0.638,0.652,0.612,0.432,0.408,0.444
266,7,1,11.4,0.9,0.79,0.85,0.307,0.297,0.298,0.325,0.322,0.32,0.458,0.478,0.471,0.48,0.413,0.396,0.384,0.378,0.412,0.417,0.38,0.52,0.52,0.5,0.512,0.323,0.37,0.372
267,1,0,10.2,0.1,0.69,0.69,0.411,0.364,0.373,0.363,0.371,0.366,0.541,0.577,0.564,0.564,0.456,0.436,0.467,0.426,0.47,0.462,0.457,0.581,0.567,0.614,0.61,0.418,0.438,0.399
268,2,0,11.6,0.1,0.62,0.78,0.386,0.385,0.408,0.392,0.421,0.381,0.608,0.616,0.609,0.593,0.488,0.507,0.519,0.476,0.515,0.511,0.522,0.657,0.636,0.646,0.627,0.473,0.438,0.421
269,3,0,7.3,0.3,0.83,0.82,0.323,0.295,0.279,0.301,0.29,0.308,0.478,0.476,0.473,0.453,0.404,0.415,0.427,0.373,0.397,0.425,0.372,0.484,0.47,0.496,0.51,0.286,0.325,0.304
270,4,0,8.4,0.1,0.59,0.49,0.328,0.337,0.344,0.345,0.35,0.33,0.491,0.519,0.526,0.493,0.457,0.426,0.434,0.373,0.419,0.429,0.43,0.538,0.501,0.556,0.52,0.408,0.392,0.413
271,5,0,12.5,1.3,0.39,0.58,0.295,0.302,0.281,0.292,0.268,0.311,0.407,0.401,0.428,0.459,0.356,0.351,0.37,0.388,0.365,0.373,0.325,0.447,0.471,0.481,0.505,0.333,0.331,0.328
272,6,1,10.2,0.7,0.6,0.84,0.445,0.452,0.447,0.47,0.435,0.487,0.67,0.654,0.688,0.657,0.61,0.564,0.548,0.566,0.543,0.559,0.553,0.733,0.749,0.726,0.723,0.498,0.517,0.516
273,7,1,10.2,1.2,0.63,0.57,0.349,0.332,0.298,0.333,0.341,0.365,0.477,0.516,0.544,0.511,0.436,0.437,0.376,0.432,0.426,0.441,0.413,0.568,0.547,0.571,0.565,0.395,0.369,0.386
274,1,0,12.0,0.5,0.37,0.78,0.441,0.452,0.479,0.472,0.465,0.475,0.69,0.712,0.69,0.702,0.583,0.584,0.586,0.584,0.579,0.542,0.552,0.741,0.729,0.74,0.746,0.531,0.5,0.522
275,2,0,9.8,0.1,0.34,0.8,0.398,0.435,0.413,0.395,0.4,0.435,0.588,0.657,0.621,0.636,0.497,0.524,0.469,0.543,0.508,0.512,0.516,0.699,0.691,0.683,0.691,0.434,0.476,0.506
276,3,0,13.5,0.1,0.75,0.57,0.494,0.431,0.462,0.44,0.493,0.457,0.712,0.66,0.681,0.699,0.579,0.56,0.623,0.581,0.607,0.618,0.583,0.778,0.74,0.699,0.749,0.52,0.545,0.529
277,4,0,12.9,0.2,0.42,0.67,0.362,0.368,0.341,0.383,0.327,0.356,0.484,0.512,0.526,0.541,0.433,0.42,0.415,0.456,0.442,0.41,0.421,0.568,0.563,0.56,0.556,0.387,0.382,0.39
278,5,0,11.3,1.1,0.81,0.52,0.293,0.283,0.319,0.251,0.265,0.258,0.421,0.378,0.413,0.414,0.381,0.341,0.388,0.336,0.383,0.337,0.379,0.441,0.42,0.446,0.456,0.275,0.313,0.302
279,6,1,5.6,0.1,0.63,0.67,0.469,0.468,0.445,0.433,0.434,0.428,0.634,0.633,0.65,0.615,0.554,0.587,0.547,0.521,0.535,0.551,0.537,0.698,0.699,0.678,0.703,0.493,0.513,0.487
280,7,1,10.5,0.7,0.42,0.73,0.266,0.268,0.247,0.236,0.211,0.296,0.385,0.385,0.408,0.365,0.344,0.322,0.321,0.305,0.326,0.29,0.288,0.424,0.418,0.411,0.406,0.28,0.332,0.31
281,1,0,9.5,0.1,0.89,0.66,0.409,0.422,0.405,0.411,0.397,0.354,0.607,0.619,0.586,0.615,0.526,0.484,0.488,0.497,0.525,0.491,0.485,0.674,0.651,0.658,0.64,0.497,0.437,0.466
282,2,0,7.9,2.2,0.49,0.69,0.341,0.307,0.368,0.338,0.301,0.283,0.46,0.475,0.504,0.51,0.415,0.395,0.387,0.411,0.419,0.391,0.372,0.551,0.531,0.523,0.525,0.342,0.382,0.347
283,3,0,8.1,3.7,0.09,0.45,0.36,0.341,0.336,0.319,0.345,0.374,0.516,0.485,0.534,0.499,0.427,0.463,0.424,0.417,0.425,0.461,0.407,0.582,0.587,0.55,0.548,0.37,0.349,0.395
284,4,0,4.8,0.0,0.39,0.73,0.334,0.35,0.358,0.343,0.348,0.326,0.51,0.527,0.533,0.528,0.396,0.45,0.462,0.432,0.431,0.44,0.398,0.57,0.56,0.585,0.552,0.403,0.389,0.378
285,5,0,7.8,0.7,0.54,0.77,0.387,0.311,0.36,0.351,0.342,0.34,0.536,0.512,0.517,0.52,0.399,0.439,0.451,0.428,0.42,0.439,0.399,0.552,0.536,0.566,0.553,0.372,0.387,0.395
286,6,1,10.5,1.7,0.42,0.74,0.282,0.319,0.299,0.303,0.306,0.283,0.45,0.422,0.419,0.428,0.357,0.324,0.363,0.333,0.375,0.359,0.37,0.488,0.51,0.486,0.478,0.301,0.323,0.327
287,7,1,6.6,0.7,0.4,0.69,0.376,0.375,0.334,0.338,0.344,0.351,0.522,0.483,0.518,0.494,0.463,0.438,0.448,0.483,0.428,0.394,0.447,0.631,0.555,0.557,0.575,0.351,0.402,0.385
288,1,0,8.0,0.7,0.58,0.75,0.263,0.293,0.303,0.303,0.28,0.29,0.437,0.4,0.452,0.45,0.354,0.401,0.349,0.349,0.399,0.348,0.378,0.477,0.469,0.486,0.462,0.33,0.32,0.335
289,2,0,4.5,0.7,0.77,0.71,0.329,0.361,0.303,0.319,0.324,0.301,0.451,0.476,0.499,0.47,0.364,0.401,0.395,0.383,0.358,0.411,0.354,0.562,0.53,0.518,0.528,0.326,0.413,0.334
290,3,0,6.1,0.7,0.25,0.69,0.383,0.43,0.397,0.419,0.387,0.423,0.619,0.629,0.66,0.647,0.498,0.463,0.532,0.51,0.545,0.534,0.524,0.697,0.672,0.699,0.683,0.454,0.48,0.464
291,4,0,8.6,5.4,0.77,0.73,0.41,0.432,0.403,0.415,0.403,0.409,0.613,0.641,0.616,0.656,0.514,0.526,0.542,0.493,0.523,0.535,0.546,0.635,0.689,0.636,0.687,0.466,0.455,0.433
292,5,0,7.0,1.3,0.35,0.74,0.344,0.316,0.315,0.333,0.297,0.294,0.494,0.469,0.503,0.45,0.404,0.418,0.359,0.385,0.4,0.383,0.369,0.5,0.506,0.533,0.539,0.345,0.36,0.355
293,6,1,5.6,1.5,0.09,0.73,0.389,0.369,0.408,0.351,0.391,0.354,0.601,0.581,0.56,0.545,0.499,0.479,0.5,0.484,0.462,0.495,0.506,0.607,0.617,0.655,0.633,0.411,0.445,0.413
294,7,1,6.8,0.2,0.61,0.7,0.419,0.398,0.429,0.404,0.426,0.433,0.661,0.657,0.618,0.624,0.544,0.529,0.503,0.507,0.556,0.524,0.503,0.694,0.723,0.678,0.675,0.494,0.499,0.471
295,1,0,7.4,1.9,0.87,0.57,0.399,0.409,0.423,0.382,0.395,0.395,0.609,0.609,0.648,0.606,0.52,0.516,0.533,0.515,0.528,0.535,0.464,0.676,0.649,0.659,0.65,0.441,0.484,0.475
296,2,0,5.5,1.1,0.74,0.71,0.46,0.429,0.448,0.447,0.399,0.41,0.638,0.63,0.623,0.632,0.567,0.533,0.501,0.505,0.571,0.524,0.526,0.685,0.683,0.676,0.683,0.505,0.467,0.488
297,3,0,5.0,0.0,0.78,0.55,0.337,0.37,0.325,0.41,0.336,0.366,0.545,0.561,0.491,0.514,0.466,0.433,0.431,0.451,0.436,0.439,0.408,0.579,0.567,0.592,0.548,0.382,0.415,0.387
298,4,0,4.3,0.1,0.63,0.75,0.233,0.279,0.243,0.255,0.26,0.26,0.41,0.403,0.387,0.397,0.299,0.387,0.333,0.323,0.308,0.337,0.327,0.406,0.389,0.421,0.425,0.309,0.28,0.33
299,5,0,6.2,1.1,0.94,0.66,0.308,0.278,0.275,0.297,0.308,0.307,0.407,0.438,0.47,0.448,0.352,0.362,0.362,0.366,0.4,0.353,0.347,0.503,0.48,0.458,0.484,0.362,0.317,0.312
300,6,1,4.7,0.1,0.25,0.63,0.335,0.388,0.331,0.323,0.329,0.365,0.506,0.527,0.538,0.543,0.424,0.412,0.445,0.401,0.421,0.43,0.411,0.54,0.55,0.584,0.547,0.337,0.378,0.413
301,7,1,8.4,0.5,0.82,0.64,0.409,0.426,0.392,0.383,0.392,0.419,0.622,0.601,0.6,0.588,0.473,0.525,0.516,0.496,0.514,0.502,0.508,0.635,0.627,0.635,0.657,0.42,0.448,0.456
302,1,0,7.7,0.7,0.6,0.62,0.478,0.477,0.463,0.503,0.487,0.488,0.692,0.732,0.701,0.722,0.629,0.621,0.608,0.574,0.6,0.586,0.589,0.794,0.755,0.796,0.767,0.561,0.579,0.545
303,2,0,5.1,0.1,0.93,0.9,0.385,0.37,0.37,0.343,0.379,0.345,0.509,0.542,0.529,0.545,0.459,0.455,0.453,0.472,0.431,0.483,0.456,0.569,0.601,0.585,0.604,0.386,0.419,0.404
304,3,0,5.4,1.0,0.65,0.72,0.357,0.353,0.347,0.311,0.328,0.303,0.486,0.493,0.471,0.515,0.422,0.427,0.402,0.376,0.415,0.417,0.411,0.558,0.53,0.534,0.545,0.38,0.384,0.364
305,4,0,5.5,0.0,0.66,0.83,0.475,0.493,0.457,0.486,0.483,0.441,0.684,0.719,0.722,0.736,0.593,0.572,0.597,0.582,0.596,0.61,0.563,0.759,0.771,0.764,0.744,0.52,0.493,0.532
306,5,0,3.9,0.2,0.81,0.85,0.318,0.351,0.353,0.343,0.365,0.37,0.505,0.556,0.524,0.564,0.441,0.471,0.459,0.448,0.438,0.44,0.483,0.554,0.578,0.546,0.563,0.423,0.395,0.43
307,6,1,2.8,1.1,0.28,0.66,0.39,0.337,0.372,0.359,0.37,0.35,0.53,0.475,0.531,0.515,0.433,0.452,0.439,0.443,0.444,0.421,0.436,0.55,0.588,0.542,0.57,0.35,0.368,0.409
308,7,1,9.0,2.2,0.47,0.65,0.469,0.452,0.444,0.458,0.416,0.431,0.621,0.671,0.644,0.654,0.53,0.558,0.544,0.516,0.549,0.565,0.537,0.74,0.702,0.722,0.728,0.479,0.503,0.457
309,1,0,3.0,0.1,0.65,0.72,0.321,0.404,0.356,0.322,0.31,0.351,0.488,0.499,0.509,0.521,0.432,0.452,0.418,0.405,0.429,0.438,0.457,0.531,0.513,0.553,0.53,0.372,0.382,0.38
310,2,0,5.7,0.6,0.75,0.77,0.275,0.294,0.342,0.307,0.304,0.258,0.466,0.444,0.416,0.429,0.355,0.356,0.374,0.328,0.325,0.351,0.313,0.462,0.463,0.459,0.437,0.338,0.341,0.321
311,3,0,6.7,1.3,0.91,0.76,0.381,0.354,0.376,0.362,0.373,0.37,0.603,0.571,0.572,0.578,0.461,0.463,0.476,0.457,0.503,0.457,0.495,0.648,0.638,0.642,0.621,0.383,0.398,0.435
312,4,0,8.2,0.6,0.21,0.61,0.416,0.421,0.419,0.41,0.382,0.402,0.631,0.624,0.635,0.621,0.496,0.543,0.579,0.53,0.53,0.539,0.542,0.711,0.69,0.662,0.717,0.532,0.494,0.519
313,5,0,5.8,1.5,0.42,0.6,0.33,0.365,0.363,0.362,0.328,0.313,0.517,0.461,0.504,0.487,0.4,0.397,0.363,0.412,0.416,0.42,0.397,0.525,0.54,0.511,0.506,0.391,0.355,0.395
314,6,1,3.2,1.7,0.47,0.74,0.351,0.368,0.344,0.365,0.337,0.366,0.508,0.498,0.529,0.544,0.421,0.427,0.398,0.477,0.454,0.416,0.459,0.61,0.564,0.572,0.576,0.372,0.359,0.401
315,7,1,3.5,1.9,0.1,0.48,0.369,0.369,0.344,0.324,0.325,0.376,0.533,0.586,0.539,0.562,0.463,0.471,0.506,0.444,0.442,0.513,0.509,0.596,0.586,0.597,0.597,0.413,0.407,0.438
316,1,0,6.9,0.6,0.7,0.77,0.308,0.359,0.373,0.38,0.37,0.35,0.599,0.52,0.548,0.554,0.433,0.435,0.458,0.468,0.461,0.473,0.464,0.576,0.568,0.602,0.609,0.376,0.404,0.404
317,2,0,2.9,0.9,0.38,0.64,0.277,0.323,0.303,0.26,0.28,0.313,0.43,0.467,0.437,0.457,0.353,0.384,0.34,0.334,0.362,0.376,0.363,0.481,0.503,0.502,0.47,0.297,0.304,0.316
318,3,0,4.9,0.9,0.58,0.7,0.443,0.463,0.448,0.425,0.425,0.47,0.681,0.698,0.678,0.672,0.53,0.581,0.587,0.553,0.559,0.548,0.551,0.708,0.694,0.771,0.745,0.49,0.502,0.542
319,4,0,5.7,0.2,0.15,0.68,0.43,0.412,0.422,0.465,0.424,0.419,0.672,0.65,0.683,0.635,0.514,0.554,0.527,0.553,0.526,0.527,0.545,0.725,0.724,0.711,0.722,0.486,0.524,0.483
320,5,0,-0.7,0.3,0.58,0.62,0.442,0.415,0.478,0.381,0.404,0.41,0.658,0.649,0.644,0.647,0.537,0.537,0.522,0.563,0.576,0.543,0.538,0.697,0.681,0.688,0.703,0.515,0.501,0.456
321,6,1,3.3,0.3,0.38,0.79,0.505,0.486,0.486,0.447,0.437,0.483,0.658,0.701,0.709,0.745,0.597,0.577,0.571,0.596,0.566,0.585,0.587,0.758,0.748,0.754,0.756,0.518,0.503,0.53
322,7,1,-0.2,0.4,0.86,0.87,0.305,0.249,0.328,0.315,0.265,0.312,0.444,0.46,0.418,0.443,0.405,0.337,0.382,0.34,0.381,0.325,0.345,0.497,0.426,0.465,0.491,0.338,0.341,0.316
323,1,0,3.5,0.5,0.44,0.74,0.379,0.395,0.386,0.407,0.397,0.382,0.567,0.586,0.554,0.596,0.477,0.509,0.448,0.521,0.488,0.507,0.483,0.65,0.645,0.629,0.607,0.461,0.441,0.451
324,2,0,3.8,0.3,0.35,0.62,0.296,0.328,0.295,0.307,0.314,0.292,0.45,0.431,0.471,0.456,0.396,0.392,0.392,0.397,0.408,0.383,0.374,0.483,0.497,0.539,0.491,0.341,0.334,0.397
325,3,0,4.3,1.6,0.59,0.59,0.377,0.376,0.379,0.376,0.419,0.426,0.57,0.596,0.548,0.583,0.459,0.483,0.479,0.497,0.48,0.466,0.513,0.643,0.636,0.639,0.649,0.435,0.434,0.44
326,4,0,3.6,1.3,0.97,0.84,0.377,0.4,0.389,0.316,0.37,0.358,0.544,0.589,0.57,0.596,0.472,0.472,0.458,0.482,0.448,0.483,0.465,0.578,0.642,0.606,0.609,0.415,0.419,0.407
327,5,0,2.9,0.1,0.46,0.83,0.434,0.439,0.44,0.395,0.397,0.378,0.632,0.604,0.657,0.637,0.515,0.527,0.508,0.547,0.513,0.519,0.518,0.674,0.666,0.645,0.645,0.448,0.476,0.469
328,6,1,1.5,0.2,0.36,0.67,0.482,0.525,0.442,0.481,0.466,0.457,0.72,0.736,0.726,0.734,0.587,0.61,0.584,0.594,0.61,0.576,0.614,0.803,0.79,0.754,0.813,0.507,0.558,0.569
329,7,1,0.4,0.0,0.53,0.63,0.389,0.395,0.402,0.422,0.426,0.427,0.638,0.659,0.641,0.643,0.492,0.523,0.493,0.552,0.519,0.493,0.496,0.66,0.657,0.678,0.661,0.469,0.461,0.452
330,1,0,2.1,0.6,0.63,0.72,0.251,0.264,0.269,0.24,0.251,0.276,0.394,0.398,0.357,0.392,0.317,0.33,0.314,0.333,0.331,0.304,0.3,0.451,0.42,0.435,0.405,0.302,0.317,0.279
331,2,0,6.0,0.4,0.77,0.78,0.431,0.421,0.42,0.467,0.439,0.447,0.673,0.637,0.673,0.673,0.532,0.547,0.582,0.552,0.529,0.564,0.569,0.74,0.726,0.751,0.728,0.471,0.535,0.506
332,3,0,2.0,0.8,0.8,0.64,0.389,0.395,0.358,0.365,0.394,0.348,0.558,0.599,0.571,0.561,0.481,0.498,0.472,0.477,0.499,0.467,0.489,0.627,0.571,0.64,0.597,0.432,0.412,0.393
333,4,0,1.8,0.8,0.84,0.63,0.27,0.24,0.258,0.259,0.258,0.308,0.415,0.403,0.372,0.401,0.338,0.299,0.331,0.329,0.364,0.312,0.306,0.46,0.427,0.448,0.44,0.277,0.281,0.297
334,5,0,-1.2,1.0,0.56,0.69,0.36,0.338,0.35,0.347,0.323,0.343,0.51,0.548,0.551,0.576,0.474,0.448,0.464,0.45,0.484,0.48,0.41,0.587,0.598,0.593,0.6,0.405,0.373,0.403
335,6,1,1.8,0.9,0.43,0.67,0.383,0.414,0.434,0.386,0.41,0.403,0.625,0.636,0.648,0.642,0.526,0.522,0.542,0.525,0.531,0.535,0.54,0.682,0.699,0.66,0.633,0.511,0.463,0.485
336,7,1,2.8,1.5,0.58,0.65,0.478,0.452,0.479,0.397,0.44,0.441,0.643,0.669,0.661,0.653,0.524,0.55,0.534,0.529,0.566,0.538,0.525,0.732,0.702,0.707,0.759,0.441,0.484,0.469
337,1,0,2.9,4.0,0.53,0.85,0.436,0.409,0.415,0.411,0.399,0.421,0.597,0.614,0.603,0.596,0.509,0.501,0.53,0.515,0.531,0.459,0.517,0.685,0.63,0.685,0.666,0.449,0.496,0.466
338,2,0,1.4,1.6,0.71,0.64,0.306,0.343,0.292,0.296,0.324,0.3,0.491,0.476,0.484,0.493,0.388,0.393,0.386,0.406,0.39,0.388,0.385,0.534,0.5,0.504,0.542,0.352,0.355,0.362
339,3,0,0.6,0.4,0.08,0.75,0.275,0.319,0.31,0.332,0.257,0.319,0.415,0.45,0.443,0.468,0.364,0.343,0.387,0.367,0.382,0.338,0.349,0.443,0.501,0.507,0.44,0.349,0.316,0.331
340,4,0,0.7,0.8,0.75,0.67,0.306,0.331,0.318,0.291,0.314,0.319,0.476,0.491,0.504,0.5,0.409,0.389,0.431,0.393,0.398,0.407,0.398,0.502,0.497,0.485,0.508,0.376,0.336,0.359
341,5,0,2.0,0.0,0.07,0.76,0.398,0.398,0.364,0.369,0.345,0.364,0.538,0.557,0.589,0.595,0.458,0.459,0.445,0.478,0.454,0.488,0.451,0.616,0.615,0.6,0.578,0.427,0.446,0.38
342,6,1,2.4,0.9,0.53,0.58,0.472,0.47,0.486,0.412,0.473,0.466,0.724,0.692,0.725,0.707,0.583,0.589,0.575,0.582,0.564,0.579,0.577,0.766,0.768,0.77,0.793,0.536,0.521,0.526
343,7,1,1.4,5.1,0.58,0.77,0.394,0.405,0.437,0.442,0.404,0.427,0.606,0.611,0.654,0.634,0.496,0.522,0.507,0.529,0.49,0.527,0.529,0.671,0.68,0.668,0.68,0.483,0.485,0.498
344,1,0,-0.6,1.4,0.59,0.68,0.455,0.487,0.468,0.474,0.474,0.444,0.68,0.709,0.704,0.686,0.558,0.579,0.578,0.58,0.563,0.573,0.594,0.736,0.749,0.763,0.692,0.491,0.513,0.522
345,2,0,0.3,0.6,0.47,0.52,0.408,0.375,0.455,0.44,0.434,0.414,0.624,0.635,0.598,0.621,0.527,0.504,0.526,0.507,0.525,0.512,0.523,0.659,0.7,0.638,0.685,0.453,0.51,0.463
346,3,0,-2.9,1.7,0.64,0.6,0.308,0.309,0.294,0.317,0.285,0.328,0.431,0.459,0.431,0.467,0.376,0.361,0.35,0.344,0.382,0.364,0.333,0.494,0.5,0.471,0.454,0.292,0.363,0.334
347,4,0,2.2,0.2,0.38,0.68,0.286,0.288,0.262,0.277,0.258,0.281,0.387,0.425,0.406,0.397,0.329,0.331,0.325,0.333,0.357,0.349,0.324,0.486,0.47,0.43,0.432,0.26,0.315,0.303
348,5,0,0.9,1.9,0.49,0.8,0.258,0.225,0.236,0.188,0.24,0.24,0.387,0.365,0.381,0.358,0.27,0.312,0.302,0.344,0.274,0.316,0.31,0.398,0.411,0.37,0.379,0.266,0.304,0.312
349,6,1,-1.3,0.6,0.47,0.56,0.363,0.347,0.37,0.341,0.368,0.38,0.556,0.56,0.496,0.545,0.452,0.433,0.45,0.439,0.448,0.438,0.48,0.581,0.589,0.58,0.593,0.454,0.406,0.429
350,7,1,-4.6,0.4,0.54,0.69,0.443,0.416,0.415,0.445,0.433,0.418,0.645,0.652,0.639,0.654,0.577,0.532,0.523,0.558,0.54,0.547,0.539,0.72,0.693,0.69,0.697,0.498,0.488,0.471
351,1,0,3.6,0.9,0.21,0.59,0.445,0.449,0.447,0.445,0.466,0.467,0.681,0.699,0.649,0.714,0.51,0.596,0.587,0.578,0.548,0.567,0.595,0.784,0.755,0.773,0.788,0.542,0.568,0.555
352,2,0,0.8,0.3,0.49,0.65,0.264,0.262,0.272,0.297,0.264,0.257,0.357,0.387,0.339,0.364,0.303,0.281,0.297,0.272,0.273,0.315,0.279,0.397,0.366,0.388,0.42,0.284,0.277,0.314
353,3,0,1.3,0.9,0.21,0.79,0.28,0.278,0.252,0.283,0.258,0.293,0.438,0.439,0.469,0.42,0.374,0.338,0.361,0.329,0.326,0.369,0.364,0.433,0.426,0.465,0.454,0.295,0.341,0.342
354,4,0,-1.2,0.1,0.23,0.7,0.302,0.292,0.28,0.298,0.324,0.294,0.445,0.446,0.426,0.423,0.369,0.359,0.372,0.403,0.348,0.351,0.315,0.484,0.49,0.5,0.468,0.325,0.317,0.301
355,5,0,-1.7,0.6,0.54,0.76,0.407,0.452,0.375,0.374,0.351,0.414,0.625,0.593,0.584,0.582,0.484,0.519,0.509,0.486,0.526,0.515,0.536,0.659,0.663,0.626,0.676,0.468,0.464,0.459
356,6,1,-1.4,0.3,0.48,0.7,0.355,0.355,0.346,0.381,0.382,0.36,0.562,0.558,0.566,0.555,0.451,0.458,0.43,0.476,0.452,0.459,0.483,0.599,0.617,0.594,0.606,0.43,0.393,0.45
357,7,1,0.2,0.2,0.14,0.59,0.439,0.444,0.431,0.421,0.457,0.488,0.673,0.674,0.637,0.664,0.579,0.557,0.57,0.59,0.567,0.565,0.559,0.753,0.736,0.742,0.691,0.476,0.508,0.495
358,1,0,0.9,0.1,0.29,0.75,0.45,0.44,0.45,0.469,0.46,0.447,0.686,0.688,0.701,0.676,0.553,0.542,0.576,0.568,0.562,0.538,0.56,0.73,0.727,0.712,0.757,0.527,0.459,0.488
359,2,0,0.3,0.6,0.22,0.57,0.398,0.427,0.408,0.427,0.371,0.428,0.569,0.615,0.619,0.602,0.508,0.524,0.494,0.532,0.547,0.529,0.533,0.638,0.626,0.661,0.665,0.446,0.477,0.482
360,3,0,-2.5,0.2,0.28,0.81,0.289,0.278,0.309,0.271,0.283,0.306,0.467,0.436,0.409,0.437,0.364,0.364,0.371,0.385,0.349,0.328,0.359,0.473,0.448,0.431,0.405,0.292,0.325,0.312
361,4,0,0.6,2.9,0.24,0.77,0.373,0.352,0.337,0.319,0.365,0.345,0.494,0.484,0.533,0.504,0.416,0.454,0.398,0.412,0.43,0.423,0.44,0.545,0.55,0.54,0.532,0.368,0.36,0.408
362,5,0,1.0,1.0,0.64,0.61,0.297,0.307,0.286,0.327,0.291,0.278,0.396,0.422,0.384,0.416,0.321,0.329,0.34,0.317,0.391,0.326,0.347,0.46,0.467,0.462,0.449,0.33,0.275,0.309
363,6,1,-3.8,0.0,0.62,0.55,0.426,0.423,0.382,0.392,0.359,0.398,0.58,0.577,0.6,0.547,0.423,0.473,0.45,0.464,0.475,0.448,0.471,0.621,0.605,0.589,0.624,0.45,0.47,0.44
364,7,1,-5.0,1.5,0.51,0.9,0.364,0.34,0.329,0.323,0.388,0.393,0.529,0.567,0.551,0.55,0.47,0.452,0.439,0.453,0.469,0.442,0.421,0.594,0.597,0.625,0.602,0.421,0.405,0.4
365,1,0,-0.7,0.0,0.64,0.6,0.384,0.421,0.429,0.383,0.431,0.436,0.64,0.609,0.665,0.639,0.529,0.542,0.553,0.554,0.535,0.532,0.535,0.656,0.7,0.706,0.692,0.463,0.462,0.465
366,2,0,-2.7,0.9,0.43,0.67,0.409,0.432,0.376,0.369,0.407,0.389,0.557,0.584,0.558,0.547,0.533,0.472,0.48,0.47,0.491,0.472,0.489,0.678,0.614,0.657,0.627,0.43,0.437,0.434
